Date,Time,Open,High,Low,Close,Volume
2000-01-03,00:00,68.08,430.63,-431.07,72.53,0
2000-01-04,00:00,-7.81,398.99,-205.4,60.54,0
2000-01-05,00:00,8.84,472.84,-167.27,101.72,0
2000-01-06,00:00,-58.58,371.18,-408.46,-27.47,0
2000-01-07,00:00,-130.85,332.4,-685.66,-162.65,0
2000-01-10,00:00,46.57,425.21,-210.7,126.2,0
2000-01-11,00:00,56.23,521.3,-336.66,79.42,0
2000-01-12,00:00,27.3,142.4,-514.99,-106.82,0
2000-01-13,00:00,29.64,467.78,-468.46,-12.04,0
2000-01-14,00:00,28.44,195.23,-147.03,-75.17,0
2000-01-17,00:00,52.41,560.91,-125.89,203.03,0
2000-01-18,00:00,115.92,341.29,-250.12,94.81,0
2000-01-19,00:00,-149.28,194.78,-551.27,-132.25,0
2000-01-20,00:00,42.34,486.03,-206.81,224.63,0
2000-01-21,00:00,-102.21,321.67,-357.46,-118.82,0
2000-01-24,00:00,-72.46,226.37,-513.0,-119.56,0
2000-01-25,00:00,177.86,377.99,-82.17,136.41,0
2000-01-26,00:00,-4.49,571.86,-547.95,93.05,0
2000-01-27,00:00,12.73,635.56,-270.21,174.42,0
2000-01-28,00:00,31.34,485.74,-265.3,80.0,0
2000-01-31,00:00,1.61,502.62,-207.95,170.74,0
2000-02-01,00:00,-49.44,450.93,-525.8,-29.44,0
2000-02-02,00:00,-86.35,386.62,-317.96,69.27,0
2000-02-03,00:00,-7.84,469.38,-525.83,21.92,0
2000-02-04,00:00,24.74,347.21,-298.6,40.47,0
2000-02-07,00:00,-26.27,403.31,-437.32,3.12,0
2000-02-08,00:00,-91.84,222.48,-212.1,15.65,0
2000-02-09,00:00,-62.48,506.56,-216.34,72.43,0
2000-02-10,00:00,48.47,545.62,-288.63,126.3,0
2000-02-11,00:00,-247.36,142.7,-617.94,-304.94,0
2000-02-14,00:00,-85.74,241.58,-510.57,-103.7,0
2000-02-15,00:00,10.54,381.05,-398.36,-2.39,0
2000-02-16,00:00,78.83,337.37,-300.19,33.94,0
2000-02-17,00:00,-69.76,324.26,-375.39,-81.54,0
2000-02-18,00:00,29.62,516.44,-273.13,142.24,0
2000-02-21,00:00,-31.92,454.17,-433.2,37.5,0
2000-02-22,00:00,12.95,359.78,-339.18,-43.13,0
2000-02-23,00:00,-43.22,452.7,-473.77,-21.82,0
2000-02-24,00:00,100.09,572.87,56.61,264.28,0
2000-02-25,00:00,-22.53,602.68,-547.2,-80.28,0
2000-02-28,00:00,162.65,653.16,-275.93,198.94,0
2000-02-29,00:00,6.25,236.81,-442.0,-75.34,0
2000-03-01,00:00,83.95,415.09,-212.77,95.11,0
2000-03-02,00:00,20.47,483.32,-228.83,100.64,0
2000-03-03,00:00,40.79,381.72,-429.31,-25.5,0
2000-03-06,00:00,5.69,542.84,-494.5,83.7,0
2000-03-07,00:00,-151.15,180.8,-593.63,-185.18,0
2000-03-08,00:00,1.2,444.98,-645.12,-81.86,0
2000-03-09,00:00,-133.89,461.24,-443.54,-17.75,0
2000-03-10,00:00,-9.4,362.59,-307.09,-9.44,0
2000-03-13,00:00,-32.7,443.92,-548.68,-24.48,0
2000-03-14,00:00,-49.71,336.95,-535.77,-73.97,0
2000-03-15,00:00,20.17,238.5,-334.42,-10.72,0
2000-03-16,00:00,-54.26,456.37,-475.79,-11.28,0
2000-03-17,00:00,-35.26,345.83,-376.05,-7.29,0
2000-03-20,00:00,-51.73,377.42,-441.98,-20.74,0
2000-03-21,00:00,-57.43,396.53,-615.14,-128.62,0
2000-03-22,00:00,114.37,454.14,-154.97,184.16,0
2000-03-23,00:00,-8.88,302.64,-200.76,-5.07,0
2000-03-24,00:00,11.77,432.2,-391.28,90.6,0
2000-03-27,00:00,-201.7,155.09,-576.41,-214.01,0
2000-03-28,00:00,-66.36,318.93,-580.74,-110.65,0
2000-03-29,00:00,-18.68,436.53,-618.1,-72.74,0
2000-03-30,00:00,108.45,481.17,-75.2,190.3,0
2000-03-31,00:00,74.64,466.89,-235.35,66.93,0
2000-04-03,00:00,-69.33,322.75,-260.98,46.91,0
2000-04-04,00:00,38.69,375.88,-377.87,53.91,0
2000-04-05,00:00,90.29,431.58,-421.09,2.44,0
2000-04-06,00:00,-3.11,482.79,-534.51,8.15,0
2000-04-07,00:00,-31.4,210.06,-224.81,-62.66,0
2000-04-10,00:00,80.16,193.89,-217.25,79.87,0
2000-04-11,00:00,30.31,360.46,-292.25,18.8,0
2000-04-12,00:00,-97.16,407.98,-605.54,-174.75,0
2000-04-13,00:00,-107.65,259.62,-463.35,-157.08,0
2000-04-14,00:00,102.41,510.01,-250.41,132.47,0
2000-04-17,00:00,104.55,352.34,-305.28,-5.47,0
2000-04-18,00:00,-110.46,254.61,-423.09,-101.3,0
2000-04-19,00:00,-137.18,162.86,-730.98,-211.31,0
2000-04-20,00:00,44.03,236.4,-393.33,-33.92,0
2000-04-21,00:00,50.72,460.08,-463.22,1.36,0
2000-04-24,00:00,115.34,603.94,-511.96,63.24,0
2000-04-25,00:00,-83.89,212.06,-582.48,-52.88,0
2000-04-26,00:00,-52.5,226.26,-452.99,-135.01,0
2000-04-27,00:00,8.85,521.97,-270.07,87.24,0
2000-04-28,00:00,169.15,432.15,-241.55,70.82,0
2000-05-01,00:00,-63.1,505.92,-321.11,56.57,0
2000-05-02,00:00,14.4,314.51,-303.69,-40.66,0
2000-05-03,00:00,-0.98,518.06,-364.76,29.34,0
2000-05-04,00:00,24.16,158.07,-164.66,40.19,0
2000-05-05,00:00,-67.0,274.52,-152.95,36.89,0
2000-05-08,00:00,-76.4,223.9,-556.35,-225.14,0
2000-05-09,00:00,104.25,514.52,-288.46,200.64,0
2000-05-10,00:00,164.92,793.99,-396.57,267.89,0
2000-05-11,00:00,101.43,542.67,-506.19,149.98,0
2000-05-12,00:00,-105.57,228.43,-356.74,-64.18,0
2000-05-15,00:00,59.75,396.98,-220.53,73.4,0
2000-05-16,00:00,-39.51,590.21,-397.99,40.3,0
2000-05-17,00:00,-68.7,323.21,-296.03,-15.3,0
2000-05-18,00:00,-68.7,139.61,-319.2,-64.43,0
2000-05-19,00:00,113.18,744.73,-372.05,143.18,0
2000-05-22,00:00,131.16,551.19,-185.29,134.7,0
2000-05-23,00:00,-61.94,558.62,-444.85,80.11,0
2000-05-24,00:00,67.33,475.86,-47.39,172.34,0
2000-05-25,00:00,43.93,407.9,-220.96,73.55,0
2000-05-26,00:00,-10.4,417.82,-295.12,46.93,0
2000-05-29,00:00,77.32,433.42,-156.34,222.63,0
2000-05-30,00:00,-6.59,504.59,-374.16,-57.72,0
2000-05-31,00:00,13.59,431.68,-383.82,80.42,0
2000-06-01,00:00,-32.3,219.99,-448.99,-111.76,0
2000-06-02,00:00,4.29,423.99,-376.85,2.99,0
2000-06-05,00:00,22.17,249.47,-328.19,-79.86,0
2000-06-06,00:00,85.26,460.84,-208.96,115.27,0
2000-06-07,00:00,35.15,503.94,-347.65,79.42,0
2000-06-08,00:00,-23.55,148.87,-453.65,-108.43,0
2000-06-09,00:00,33.7,564.74,-238.44,121.02,0
2000-06-12,00:00,60.81,158.31,-439.39,-104.58,0
2000-06-13,00:00,-117.33,328.62,-387.39,-62.7,0
2000-06-14,00:00,76.7,493.58,-245.6,56.68,0
2000-06-15,00:00,51.01,322.34,-503.86,2.33,0
2000-06-16,00:00,-223.22,157.32,-604.09,-254.83,0
2000-06-19,00:00,14.79,272.61,-532.46,-31.05,0
2000-06-20,00:00,68.07,496.06,-225.38,89.51,0
2000-06-21,00:00,31.24,237.95,-361.43,48.28,0
2000-06-22,00:00,-60.16,239.4,-312.43,-130.75,0
2000-06-23,00:00,-48.07,252.53,-444.71,-80.12,0
2000-06-26,00:00,-21.9,622.86,-443.73,-6.85,0
2000-06-27,00:00,38.24,288.95,-265.44,9.22,0
2000-06-28,00:00,45.38,528.21,-338.43,120.37,0
2000-06-29,00:00,-150.48,288.46,-452.3,-101.74,0
2000-06-30,00:00,24.32,441.09,-371.65,-37.82,0
2000-07-03,00:00,27.26,745.95,-253.4,232.7,0
2000-07-04,00:00,27.31,496.28,-337.9,129.22,0
2000-07-05,00:00,-4.94,400.09,-422.71,72.99,0
2000-07-06,00:00,30.05,337.14,-285.75,32.99,0
2000-07-07,00:00,-22.4,262.75,-299.69,-50.68,0
2000-07-10,00:00,-43.31,478.66,-432.62,1.72,0
2000-07-11,00:00,107.54,702.94,-96.12,284.93,0
2000-07-12,00:00,46.11,469.82,-264.44,111.91,0
2000-07-13,00:00,-57.44,509.64,-152.26,151.47,0
2000-07-14,00:00,61.59,442.48,-181.91,122.71,0
2000-07-17,00:00,73.67,389.58,-329.52,100.45,0
2000-07-18,00:00,-45.05,324.71,-285.06,-89.3,0
2000-07-19,00:00,-38.18,578.22,-330.92,71.26,0
2000-07-20,00:00,17.97,545.07,-364.5,120.61,0
2000-07-21,00:00,70.19,325.32,-235.45,12.29,0
2000-07-24,00:00,-20.11,447.5,-400.17,14.0,0
2000-07-25,00:00,-59.56,290.21,-248.61,-5.69,0
2000-07-26,00:00,89.3,581.56,-263.38,115.59,0
2000-07-27,00:00,-64.94,206.69,-170.93,-95.86,0
2000-07-28,00:00,-78.98,247.58,-252.54,-38.91,0
2000-07-31,00:00,51.66,402.08,-239.81,-4.37,0
2000-08-01,00:00,-30.09,433.5,-448.31,53.32,0
2000-08-02,00:00,75.66,466.81,-449.63,28.63,0
2000-08-03,00:00,68.34,499.37,-171.13,100.56,0
2000-08-04,00:00,49.24,504.97,-655.58,-130.87,0
2000-08-07,00:00,16.33,442.51,-326.96,62.98,0
2000-08-08,00:00,-131.65,493.16,-601.05,-84.11,0
2000-08-09,00:00,-66.9,333.72,-288.09,-8.47,0
2000-08-10,00:00,73.74,592.68,-425.19,64.97,0
2000-08-11,00:00,25.34,492.93,-373.68,95.48,0
2000-08-14,00:00,21.59,64.44,-388.65,-199.33,0
2000-08-15,00:00,16.16,366.47,-329.23,85.85,0
2000-08-16,00:00,127.62,771.5,-230.93,245.21,0
2000-08-17,00:00,-41.79,394.32,-448.46,-68.35,0
2000-08-18,00:00,-57.16,211.27,-434.42,-97.31,0
2000-08-21,00:00,41.92,450.66,-421.62,-43.28,0
2000-08-22,00:00,-58.25,285.39,-284.4,-22.92,0
2000-08-23,00:00,84.93,472.81,-375.97,63.49,0
2000-08-24,00:00,-111.76,228.84,-259.71,-60.38,0
2000-08-25,00:00,-47.92,350.62,-261.13,-30.81,0
2000-08-28,00:00,4.67,402.12,-520.53,9.27,0
2000-08-29,00:00,57.26,451.96,-373.6,-16.5,0
2000-08-30,00:00,84.83,554.92,11.38,205.64,0
2000-08-31,00:00,79.33,535.04,-221.25,146.52,0
2000-09-01,00:00,-42.21,195.21,-389.28,-98.85,0
2000-09-04,00:00,37.62,377.1,-204.27,76.65,0
2000-09-05,00:00,61.27,667.57,-115.04,141.28,0
2000-09-06,00:00,54.83,481.63,-236.36,114.27,0
2000-09-07,00:00,64.5,454.52,-127.53,157.28,0
2000-09-08,00:00,38.95,533.86,-423.97,-76.76,0
2000-09-11,00:00,-35.41,458.01,-642.48,-76.15,0
2000-09-12,00:00,92.97,488.76,-322.88,122.15,0
2000-09-13,00:00,-22.7,158.34,-427.88,-104.84,0
2000-09-14,00:00,-230.67,318.74,-743.04,-196.59,0
2000-09-15,00:00,58.86,440.58,-256.64,145.76,0
2000-09-18,00:00,-36.34,515.77,-451.52,17.57,0
2000-09-19,00:00,147.79,459.03,-185.24,188.65,0
2000-09-20,00:00,-109.0,171.07,-291.96,-130.61,0
2000-09-21,00:00,-36.88,367.51,-456.42,-115.83,0
2000-09-22,00:00,202.93,477.29,-313.23,150.35,0
2000-09-25,00:00,113.63,448.54,-230.59,96.12,0
2000-09-26,00:00,-70.17,125.98,-610.82,-215.38,0
2000-09-27,00:00,23.73,513.8,-309.3,72.46,0
2000-09-28,00:00,119.33,592.51,54.65,216.11,0
2000-09-29,00:00,23.19,554.03,-531.62,55.6,0
2000-10-02,00:00,32.7,256.01,-325.76,-6.55,0
2000-10-03,00:00,66.79,335.43,-288.92,146.5,0
2000-10-04,00:00,-73.84,209.48,-503.33,-107.6,0
2000-10-05,00:00,66.56,599.55,-463.81,37.31,0
2000-10-06,00:00,134.38,313.82,-392.73,37.78,0
2000-10-09,00:00,81.65,315.38,-155.59,155.81,0
2000-10-10,00:00,93.9,436.98,-107.55,184.12,0
2000-10-11,00:00,-29.1,377.43,-325.43,14.46,0
2000-10-12,00:00,138.33,468.2,-69.61,6.05,0
2000-10-13,00:00,27.03,307.78,-352.12,84.09,0
2000-10-16,00:00,10.41,443.44,-293.69,-33.36,0
2000-10-17,00:00,-54.75,387.04,-343.05,-69.01,0
2000-10-18,00:00,5.44,384.47,-367.73,21.07,0
2000-10-19,00:00,74.2,396.96,-441.35,41.35,0
2000-10-20,00:00,0.78,400.41,-450.23,1.03,0
2000-10-23,00:00,-46.2,331.68,-513.89,-67.41,0
2000-10-24,00:00,48.97,167.71,-345.68,-71.66,0
2000-10-25,00:00,27.78,274.08,-354.29,-0.98,0
2000-10-26,00:00,72.76,456.73,-283.69,106.07,0
2000-10-27,00:00,29.22,426.74,-575.44,-98.15,0
2000-10-30,00:00,108.42,533.85,-127.21,116.27,0
2000-10-31,00:00,-37.98,361.15,-359.27,-19.61,0
2000-11-01,00:00,-117.55,107.88,-442.92,-140.46,0
2000-11-02,00:00,44.73,527.26,-500.54,-6.67,0
2000-11-03,00:00,72.87,566.54,-244.36,178.63,0
2000-11-06,00:00,72.99,296.72,-241.91,-26.52,0
2000-11-07,00:00,-145.16,222.22,-590.63,-126.46,0
2000-11-08,00:00,70.86,446.06,-299.3,122.31,0
2000-11-09,00:00,23.73,351.4,-337.87,-34.59,0
2000-11-10,00:00,-32.94,197.59,-223.87,-48.29,0
2000-11-13,00:00,59.66,486.55,-431.1,69.57,0
2000-11-14,00:00,-98.85,496.78,-571.78,-7.87,0
2000-11-15,00:00,30.29,444.31,-230.63,15.06,0
2000-11-16,00:00,-18.62,491.92,-301.15,31.15,0
2000-11-17,00:00,47.1,568.06,-152.05,168.98,0
2000-11-20,00:00,-126.32,207.79,-463.14,-138.54,0
2000-11-21,00:00,-96.22,364.76,-393.93,-4.46,0
2000-11-22,00:00,169.66,706.0,-58.77,255.31,0
2000-11-23,00:00,55.1,515.47,-311.53,11.38,0
2000-11-24,00:00,105.53,419.72,-321.81,55.69,0
2000-11-27,00:00,-19.15,305.75,-497.18,-96.3,0
2000-11-28,00:00,199.09,666.42,160.83,252.2,0
2000-11-29,00:00,-8.49,118.53,-289.38,-67.16,0
2000-11-30,00:00,-51.69,344.3,-288.24,-3.87,0
2000-12-01,00:00,-45.48,351.28,-353.19,-11.78,0
2000-12-04,00:00,172.04,582.24,-204.17,145.03,0
2000-12-05,00:00,90.27,323.47,-48.33,82.04,0
2000-12-06,00:00,193.14,517.2,-136.65,194.91,0
2000-12-07,00:00,134.82,639.41,44.5,247.64,0
2000-12-08,00:00,63.8,679.18,-418.38,100.33,0
2000-12-11,00:00,-38.92,339.71,-537.62,-40.57,0
2000-12-12,00:00,-31.76,465.76,-435.25,92.44,0
2000-12-13,00:00,66.3,364.28,-508.21,-109.55,0
2000-12-14,00:00,-1.33,206.56,-339.7,1.03,0
2000-12-15,00:00,76.3,374.28,-443.63,29.05,0
2000-12-18,00:00,51.67,495.1,-317.94,98.88,0
2000-12-19,00:00,-55.76,234.83,-151.39,-10.51,0
2000-12-20,00:00,-1.6,406.69,-372.06,111.86,0
2000-12-21,00:00,-97.33,234.48,-332.56,-94.0,0
2000-12-22,00:00,23.96,503.65,-403.03,17.82,0
2000-12-25,00:00,-38.29,447.82,-651.17,-93.63,0
2000-12-26,00:00,2.34,425.24,-514.84,-80.74,0
2000-12-27,00:00,19.31,353.7,-497.56,40.66,0
2000-12-28,00:00,41.58,603.55,-389.71,66.9,0
2000-12-29,00:00,-66.69,435.17,-573.0,-12.57,0
2001-01-01,00:00,-41.97,378.2,-443.2,-13.71,0
2001-01-02,00:00,124.82,400.68,-317.03,62.94,0
2001-01-03,00:00,-88.25,117.43,-512.76,-142.46,0
2001-01-04,00:00,-27.96,456.97,-265.84,58.66,0
2001-01-05,00:00,-18.28,570.12,-384.33,21.85,0
2001-01-08,00:00,74.1,420.86,-302.81,79.66,0
2001-01-09,00:00,65.09,609.08,-292.32,41.01,0
2001-01-10,00:00,127.36,300.14,-282.75,17.34,0
2001-01-11,00:00,55.61,300.44,-385.12,-67.09,0
2001-01-12,00:00,-43.65,224.89,-440.1,-65.8,0
2001-01-15,00:00,-30.58,242.28,-566.33,-133.72,0
2001-01-16,00:00,-3.75,195.54,-52.67,112.03,0
2001-01-17,00:00,129.08,542.45,-190.73,119.51,0
2001-01-18,00:00,49.56,339.8,-109.47,67.27,0
2001-01-19,00:00,11.17,262.11,-525.72,-82.37,0
2001-01-22,00:00,4.42,449.6,-480.05,-51.79,0
2001-01-23,00:00,45.81,404.95,-287.1,31.92,0
2001-01-24,00:00,9.47,479.98,-293.57,76.37,0
2001-01-25,00:00,-40.22,563.35,-186.6,61.23,0
2001-01-26,00:00,-110.66,253.65,-379.48,-103.92,0
2001-01-29,00:00,37.13,436.13,-251.35,35.27,0
2001-01-30,00:00,-137.03,346.87,-514.8,-123.26,0
2001-01-31,00:00,50.35,377.91,-376.52,92.18,0
2001-02-01,00:00,-37.87,463.7,-638.24,-22.77,0
2001-02-02,00:00,1.08,306.31,-548.75,-54.76,0
2001-02-05,00:00,26.08,449.4,-360.4,53.08,0
2001-02-06,00:00,-32.79,334.72,-332.59,70.59,0
2001-02-07,00:00,-51.29,246.86,-510.43,-103.39,0
2001-02-08,00:00,128.01,567.37,-229.93,84.6,0
2001-02-09,00:00,17.48,393.94,-456.31,-2.63,0
2001-02-12,00:00,62.83,395.29,-306.08,27.18,0
2001-02-13,00:00,48.17,211.36,-331.41,125.14,0
2001-02-14,00:00,-17.47,189.2,-261.7,-7.75,0
2001-02-15,00:00,-6.63,348.58,-333.09,-22.73,0
2001-02-16,00:00,30.76,597.54,-430.78,42.52,0
2001-02-19,00:00,14.0,429.49,-486.62,-28.08,0
2001-02-20,00:00,67.53,419.37,-351.34,107.01,0
2001-02-21,00:00,3.08,477.01,-260.61,34.72,0
2001-02-22,00:00,24.42,269.76,-386.36,58.07,0
2001-02-23,00:00,60.01,329.81,-428.01,-25.76,0
2001-02-26,00:00,-79.26,64.0,-406.52,-198.63,0
2001-02-27,00:00,95.66,480.25,-149.01,107.59,0
2001-02-28,00:00,79.36,477.67,-367.21,58.95,0
2001-03-01,00:00,51.2,282.98,-471.73,-29.64,0
2001-03-02,00:00,-3.4,581.86,-332.33,32.04,0
2001-03-05,00:00,-30.06,404.0,-435.67,28.86,0
2001-03-06,00:00,-86.05,263.53,-268.59,-98.82,0
2001-03-07,00:00,-43.6,376.53,-535.44,-2.68,0
2001-03-08,00:00,-45.51,315.85,-460.72,-64.55,0
2001-03-09,00:00,-43.42,334.72,-309.84,-75.94,0
2001-03-12,00:00,-101.45,473.02,-472.81,68.3,0
2001-03-13,00:00,8.12,83.01,-415.84,-188.18,0
2001-03-14,00:00,5.39,161.19,-216.15,24.45,0
2001-03-15,00:00,-57.51,356.93,-618.15,-92.19,0
2001-03-16,00:00,262.93,669.13,-108.82,266.19,0
2001-03-19,00:00,84.52,497.33,-336.42,3.19,0
2001-03-20,00:00,37.37,323.43,-224.53,36.86,0
2001-03-21,00:00,-62.79,204.99,-455.36,-80.29,0
2001-03-22,00:00,67.0,513.38,-547.8,-19.75,0
2001-03-23,00:00,66.1,415.74,-453.34,85.79,0
2001-03-26,00:00,56.15,335.24,-289.04,-33.76,0
2001-03-27,00:00,77.18,510.75,-93.07,119.91,0
2001-03-28,00:00,40.3,241.53,-286.93,-15.44,0
2001-03-29,00:00,69.58,445.53,-192.12,70.84,0
2001-03-30,00:00,129.61,322.61,-155.38,80.54,0
2001-04-02,00:00,51.09,402.68,-436.62,-22.66,0
2001-04-03,00:00,-126.55,253.42,-500.14,-121.14,0
2001-04-04,00:00,5.51,128.33,-363.68,-78.26,0
2001-04-05,00:00,53.85,309.43,-365.84,-43.93,0
2001-04-06,00:00,129.34,373.42,-272.04,135.96,0
2001-04-09,00:00,4.25,209.11,-509.59,-64.53,0
2001-04-10,00:00,14.7,470.94,-501.44,32.16,0
2001-04-11,00:00,-67.35,365.84,-684.04,-80.38,0
2001-04-12,00:00,124.94,715.66,-484.85,68.51,0
2001-04-13,00:00,-31.46,414.5,-337.89,74.17,0
2001-04-16,00:00,-63.45,537.42,-237.54,87.74,0
2001-04-17,00:00,-8.64,328.57,-605.01,-82.07,0
2001-04-18,00:00,95.5,449.57,-267.77,68.51,0
2001-04-19,00:00,116.33,215.03,-224.65,-75.88,0
2001-04-20,00:00,-249.03,-103.06,-865.43,-371.68,0
2001-04-23,00:00,84.64,348.58,-326.31,76.22,0
2001-04-24,00:00,59.09,287.97,-435.73,-89.97,0
2001-04-25,00:00,45.48,273.16,-192.77,30.36,0
2001-04-26,00:00,-6.71,462.81,-263.44,84.03,0
2001-04-27,00:00,38.01,603.06,-189.46,126.1,0
2001-04-30,00:00,-70.32,239.87,-650.8,-252.88,0
2001-05-01,00:00,98.31,522.65,-201.17,114.49,0
2001-05-02,00:00,-140.73,242.01,-487.82,-210.95,0
2001-05-03,00:00,36.81,275.72,-317.83,31.15,0
2001-05-04,00:00,-105.63,219.69,-755.23,-257.53,0
2001-05-07,00:00,-110.58,208.27,-469.73,-98.05,0
2001-05-08,00:00,64.48,179.81,-274.43,12.1,0
2001-05-09,00:00,-202.07,334.76,-647.59,-177.63,0
2001-05-10,00:00,-52.89,438.21,-366.56,64.7,0
2001-05-11,00:00,75.81,647.57,-288.49,148.91,0
2001-05-14,00:00,70.46,254.57,-303.94,37.69,0
2001-05-15,00:00,136.18,496.33,-376.97,58.3,0
2001-05-16,00:00,-21.94,359.43,-282.55,26.32,0
2001-05-17,00:00,-106.34,343.96,-453.83,0.19,0
2001-05-18,00:00,-32.3,284.15,-359.68,-33.92,0
2001-05-21,00:00,85.02,669.58,-186.33,161.38,0
2001-05-22,00:00,-125.72,349.68,-719.71,-213.01,0
2001-05-23,00:00,26.71,434.79,-303.32,42.64,0
2001-05-24,00:00,56.02,499.57,-366.1,44.06,0
2001-05-25,00:00,4.81,342.38,-332.58,-95.92,0
2001-05-28,00:00,-40.86,316.09,-189.77,-17.66,0
2001-05-29,00:00,-11.76,100.05,-344.78,-116.77,0
2001-05-30,00:00,69.56,443.16,-210.03,173.25,0
2001-05-31,00:00,38.87,535.46,-315.39,-10.8,0
2001-06-01,00:00,4.58,275.31,-319.79,-22.15,0
2001-06-04,00:00,-170.22,178.95,-461.13,-173.96,0
2001-06-05,00:00,23.93,275.67,-376.32,-55.97,0
2001-06-06,00:00,21.59,313.43,-412.55,-34.17,0
2001-06-07,00:00,-96.22,311.75,-292.09,-46.29,0
2001-06-08,00:00,153.99,403.43,-183.17,162.93,0
2001-06-11,00:00,33.67,239.0,-591.44,-166.07,0
2001-06-12,00:00,27.34,280.42,-286.59,-32.69,0
2001-06-13,00:00,-58.96,285.43,-476.04,-76.74,0
2001-06-14,00:00,6.66,340.3,-516.74,-114.41,0
2001-06-15,00:00,94.02,328.27,-143.52,49.54,0
2001-06-18,00:00,15.67,375.83,-347.41,61.81,0
2001-06-19,00:00,158.07,322.75,-309.76,97.47,0
2001-06-20,00:00,13.55,367.53,-421.44,-8.26,0
2001-06-21,00:00,-92.11,326.04,-398.3,-85.27,0
2001-06-22,00:00,90.47,559.67,-16.42,186.82,0
2001-06-25,00:00,-8.81,280.9,-307.02,5.89,0
2001-06-26,00:00,65.7,370.47,-365.47,-5.67,0
2001-06-27,00:00,57.7,305.21,-74.78,30.79,0
2001-06-28,00:00,93.03,426.65,-478.72,-29.35,0
2001-06-29,00:00,-123.19,210.94,-578.85,-130.0,0
2001-07-02,00:00,-141.82,311.77,-528.92,-128.07,0
2001-07-03,00:00,-46.92,455.14,-694.58,-160.19,0
2001-07-04,00:00,129.03,484.57,-389.14,55.63,0
2001-07-05,00:00,21.13,466.04,-212.38,35.02,0
2001-07-06,00:00,-26.1,365.86,-315.67,53.28,0
2001-07-09,00:00,-2.54,456.17,-338.41,26.69,0
2001-07-10,00:00,73.3,742.71,-194.01,125.02,0
2001-07-11,00:00,72.95,475.45,-191.29,150.02,0
2001-07-12,00:00,-6.72,451.78,-578.94,-170.58,0
2001-07-13,00:00,-136.62,450.98,-588.09,-198.68,0
2001-07-16,00:00,26.98,257.36,-392.36,-9.8,0
2001-07-17,00:00,-57.99,437.21,-414.48,30.44,0
2001-07-18,00:00,-1.46,549.57,-414.19,5.34,0
2001-07-19,00:00,-44.14,375.64,-320.59,-38.65,0
2001-07-20,00:00,102.27,386.63,-240.07,21.27,0
2001-07-23,00:00,51.17,421.35,-235.85,55.92,0
2001-07-24,00:00,-94.59,354.97,-312.08,88.92,0
2001-07-25,00:00,151.01,415.44,-60.89,120.11,0
2001-07-26,00:00,-22.09,483.81,-476.51,-42.87,0
2001-07-27,00:00,135.58,370.77,-225.1,66.73,0
2001-07-30,00:00,224.77,425.09,-90.55,171.37,0
2001-07-31,00:00,94.19,456.75,-276.14,92.01,0
2001-08-01,00:00,115.49,527.15,-209.61,146.54,0
2001-08-02,00:00,-21.26,321.0,-444.64,-109.51,0
2001-08-03,00:00,132.35,589.53,-173.85,89.9,0
2001-08-06,00:00,-10.49,403.57,-521.01,-96.96,0
2001-08-07,00:00,113.71,208.5,-45.26,103.25,0
2001-08-08,00:00,23.22,416.68,-455.07,41.18,0
2001-08-09,00:00,-159.08,226.89,-394.96,-100.51,0
2001-08-10,00:00,-14.64,528.57,-488.01,89.32,0
2001-08-13,00:00,60.51,441.8,-432.68,-12.06,0
2001-08-14,00:00,-5.0,308.79,-465.45,-53.99,0
2001-08-15,00:00,-58.7,193.7,-611.98,-184.45,0
2001-08-16,00:00,88.59,464.66,-176.85,47.85,0
2001-08-17,00:00,4.69,447.3,-317.57,24.45,0
2001-08-20,00:00,11.14,336.63,-422.62,26.06,0
2001-08-21,00:00,36.87,469.98,-312.15,92.11,0
2001-08-22,00:00,68.12,489.58,-198.34,29.66,0
2001-08-23,00:00,-85.26,207.82,-363.31,-17.87,0
2001-08-24,00:00,168.18,583.19,-112.59,206.59,0
2001-08-27,00:00,34.9,483.06,-401.49,114.65,0
2001-08-28,00:00,-123.22,219.87,-688.51,-308.02,0
2001-08-29,00:00,-94.72,32.81,-719.93,-272.9,0
2001-08-30,00:00,29.34,273.84,-310.59,34.11,0
2001-08-31,00:00,198.58,505.67,-122.74,242.81,0
2001-09-03,00:00,-106.16,283.11,-636.96,-159.69,0
2001-09-04,00:00,-4.21,421.23,-338.29,79.5,0
2001-09-05,00:00,79.87,441.68,-278.32,127.48,0
2001-09-06,00:00,0.02,606.87,-403.86,47.26,0
2001-09-07,00:00,-93.96,450.84,-535.61,-82.74,0
2001-09-10,00:00,40.54,393.76,-311.92,74.03,0
2001-09-11,00:00,123.32,665.13,-348.15,244.43,0
2001-09-12,00:00,56.97,311.94,-467.79,-39.54,0
2001-09-13,00:00,-0.3,301.0,-521.8,-51.39,0
2001-09-14,00:00,-74.89,433.96,-710.34,-123.06,0
2001-09-17,00:00,-50.27,374.74,-368.37,-38.35,0
2001-09-18,00:00,16.36,406.45,-430.91,-38.07,0
2001-09-19,00:00,10.29,121.27,-518.02,-128.8,0
2001-09-20,00:00,63.87,602.95,-326.13,155.66,0
2001-09-21,00:00,-102.92,390.49,-379.24,77.66,0
2001-09-24,00:00,36.45,347.7,-435.68,-60.52,0
2001-09-25,00:00,-28.78,576.39,-367.01,-36.42,0
2001-09-26,00:00,39.23,531.27,-192.84,179.99,0
2001-09-27,00:00,-58.85,553.65,-246.23,147.72,0
2001-09-28,00:00,85.0,404.98,-361.22,15.94,0
2001-10-01,00:00,5.41,205.86,-759.3,-155.03,0
2001-10-02,00:00,38.52,414.94,-498.18,-8.2,0
2001-10-03,00:00,-105.36,142.02,-501.53,-147.31,0
2001-10-04,00:00,-12.68,360.01,-341.0,18.46,0
2001-10-05,00:00,42.9,516.46,-513.21,13.88,0
2001-10-08,00:00,140.32,641.37,-279.48,130.42,0
2001-10-09,00:00,66.07,513.55,-553.12,8.75,0
2001-10-10,00:00,-1.58,545.23,-287.78,91.52,0
2001-10-11,00:00,20.32,413.47,-423.17,14.15,0
2001-10-12,00:00,49.59,403.57,-354.76,75.39,0
2001-10-15,00:00,94.36,245.92,-342.29,-53.93,0
2001-10-16,00:00,-68.5,179.04,-495.18,-58.67,0
2001-10-17,00:00,140.86,453.31,-170.76,172.58,0
2001-10-18,00:00,90.69,539.66,-213.34,89.23,0
2001-10-19,00:00,-18.84,478.22,-195.76,137.57,0
2001-10-22,00:00,124.6,495.68,-88.09,188.69,0
2001-10-23,00:00,31.39,257.2,-407.96,-10.83,0
2001-10-24,00:00,-3.57,455.63,-390.7,-52.48,0
2001-10-25,00:00,64.69,286.61,-210.54,13.66,0
2001-10-26,00:00,-73.72,307.5,-496.84,-137.83,0
2001-10-29,00:00,-23.96,231.07,-476.07,-22.12,0
2001-10-30,00:00,12.22,296.63,-452.48,1.1,0
2001-10-31,00:00,-35.96,179.97,-299.01,-47.5,0
2001-11-01,00:00,54.6,350.24,-277.51,-49.99,0
2001-11-02,00:00,-54.64,250.5,-400.62,-173.96,0
2001-11-05,00:00,58.64,285.12,-321.16,-38.81,0
2001-11-06,00:00,32.59,232.22,-226.33,-32.7,0
2001-11-07,00:00,153.75,595.14,-274.65,100.81,0
2001-11-08,00:00,-23.05,458.29,-283.83,73.11,0
2001-11-09,00:00,89.31,546.33,-341.62,131.37,0
2001-11-12,00:00,161.56,541.16,-336.59,127.62,0
2001-11-13,00:00,-83.32,398.0,-517.19,-88.36,0
2001-11-14,00:00,-2.65,408.67,-333.2,-77.97,0
2001-11-15,00:00,140.13,673.44,-225.05,203.16,0
2001-11-16,00:00,-50.94,517.08,-415.06,29.72,0
2001-11-19,00:00,-72.85,330.03,-542.39,-53.31,0
2001-11-20,00:00,48.22,547.05,-116.14,196.59,0
2001-11-21,00:00,-120.04,161.29,-417.88,-133.69,0
2001-11-22,00:00,58.39,656.77,-424.99,86.92,0
2001-11-23,00:00,0.8,242.07,-367.09,-63.33,0
2001-11-26,00:00,7.8,377.53,-373.87,-74.17,0
2001-11-27,00:00,-22.05,643.31,-530.66,-3.11,0
2001-11-28,00:00,172.62,404.74,-249.69,152.56,0
2001-11-29,00:00,-128.61,258.93,-409.5,-136.7,0
2001-11-30,00:00,78.53,594.7,-362.71,60.56,0
2001-12-03,00:00,0.39,295.9,-443.76,-56.18,0
2001-12-04,00:00,-45.27,163.91,-192.96,-16.1,0
2001-12-05,00:00,146.0,617.63,-280.83,138.38,0
2001-12-06,00:00,-83.93,273.63,-323.19,-60.78,0
2001-12-07,00:00,76.52,610.18,-77.5,121.84,0
2001-12-10,00:00,127.04,688.1,-478.2,47.91,0
2001-12-11,00:00,-21.07,489.6,-353.3,-13.4,0
2001-12-12,00:00,-108.79,243.0,-403.73,-55.27,0
2001-12-13,00:00,10.4,516.06,-145.67,176.64,0
2001-12-14,00:00,35.66,347.12,-340.32,23.14,0
2001-12-17,00:00,-23.11,262.0,-587.5,-48.19,0
2001-12-18,00:00,-10.7,63.21,-488.02,-187.27,0
2001-12-19,00:00,-81.58,275.02,-474.28,-77.88,0
2001-12-20,00:00,9.88,353.0,-192.35,-50.53,0
2001-12-21,00:00,-12.14,584.04,-355.78,117.38,0
2001-12-24,00:00,-79.5,55.42,-453.82,-170.57,0
2001-12-25,00:00,-77.15,206.83,-260.46,-38.95,0
2001-12-26,00:00,-8.23,389.81,-319.04,51.2,0
2001-12-27,00:00,-9.91,126.94,-567.45,-99.28,0
2001-12-28,00:00,78.47,267.04,-203.86,10.64,0
2001-12-31,00:00,-44.1,369.97,-284.55,-50.21,0
2002-01-01,00:00,-78.51,46.5,-402.7,-217.07,0
2002-01-02,00:00,-14.09,419.36,-449.9,4.7,0
2002-01-03,00:00,-81.13,366.06,-372.55,-112.47,0
2002-01-04,00:00,132.27,376.79,-109.88,141.76,0
2002-01-07,00:00,-26.4,374.55,-372.35,-85.24,0
2002-01-08,00:00,20.88,435.39,-422.99,5.52,0
2002-01-09,00:00,-35.44,631.62,-421.09,79.69,0
2002-01-10,00:00,9.37,442.06,-197.78,67.29,0
2002-01-11,00:00,-46.55,226.39,-466.7,-62.75,0
2002-01-14,00:00,48.55,470.77,-520.37,-21.39,0
2002-01-15,00:00,-10.39,288.19,-476.96,-79.01,0
2002-01-16,00:00,32.72,419.98,-184.68,58.72,0
2002-01-17,00:00,43.02,116.52,-354.34,-38.89,0
2002-01-18,00:00,-4.9,184.5,-275.99,-53.92,0
2002-01-21,00:00,100.38,627.46,-202.77,289.58,0
2002-01-22,00:00,-115.43,-86.94,-553.03,-242.89,0
2002-01-23,00:00,8.88,301.94,-267.91,47.88,0
2002-01-24,00:00,73.07,512.82,-375.74,79.34,0
2002-01-25,00:00,-59.65,426.81,-548.57,-111.34,0
2002-01-28,00:00,49.19,249.65,-531.09,-97.89,0
2002-01-29,00:00,-13.16,282.22,-436.65,35.77,0
2002-01-30,00:00,-33.08,329.65,-353.42,-9.92,0
2002-01-31,00:00,27.81,184.56,-250.05,-83.78,0
2002-02-01,00:00,-54.34,142.06,-326.85,-26.94,0
2002-02-04,00:00,13.24,392.93,-455.92,6.27,0
2002-02-05,00:00,-160.04,334.82,-401.27,-107.61,0
2002-02-06,00:00,-63.99,449.93,-505.97,-29.95,0
2002-02-07,00:00,192.8,501.03,-216.73,158.99,0
2002-02-08,00:00,-82.04,259.24,-393.77,-171.72,0
2002-02-11,00:00,-43.11,335.0,-392.99,6.83,0
2002-02-12,00:00,-58.18,118.76,-404.53,-59.97,0
2002-02-13,00:00,125.9,790.71,-422.16,128.2,0
2002-02-14,00:00,-45.02,543.24,-373.34,26.65,0
2002-02-15,00:00,-82.37,151.26,-554.65,-78.26,0
2002-02-18,00:00,-20.68,253.43,-341.24,-36.22,0
2002-02-19,00:00,-88.56,419.46,-530.58,-0.3,0
2002-02-20,00:00,49.18,239.3,-228.32,26.8,0
2002-02-21,00:00,23.39,278.82,-399.91,-95.2,0
2002-02-22,00:00,24.14,247.58,-276.21,-51.11,0
2002-02-25,00:00,105.12,424.04,-266.36,56.86,0
2002-02-26,00:00,29.97,522.67,-479.63,-15.08,0
2002-02-27,00:00,39.16,568.85,-290.62,205.59,0
2002-02-28,00:00,62.39,380.06,-268.7,109.15,0
2002-03-01,00:00,57.49,401.7,-415.62,108.54,0
2002-03-04,00:00,-19.9,398.46,-424.5,-3.22,0
2002-03-05,00:00,-30.96,512.13,-359.99,14.75,0
2002-03-06,00:00,-24.0,266.75,-343.98,-72.05,0
2002-03-07,00:00,-38.34,277.02,-62.76,-26.44,0
2002-03-08,00:00,1.3,601.79,-291.03,178.43,0
2002-03-11,00:00,87.45,756.76,-351.52,209.3,0
2002-03-12,00:00,61.22,623.49,-225.05,84.88,0
2002-03-13,00:00,-46.7,354.34,-380.68,26.79,0
2002-03-14,00:00,137.77,688.85,-145.21,226.04,0
2002-03-15,00:00,105.83,602.07,-101.37,213.48,0
2002-03-18,00:00,88.57,503.02,-231.53,86.94,0
2002-03-19,00:00,38.8,367.25,-311.77,84.42,0
2002-03-20,00:00,44.56,433.85,-132.24,84.69,0
2002-03-21,00:00,87.92,411.71,-268.58,19.22,0
2002-03-22,00:00,22.92,344.91,-503.56,7.36,0
2002-03-25,00:00,5.8,643.95,-280.04,98.62,0
2002-03-26,00:00,-26.46,342.68,-411.48,-42.28,0
2002-03-27,00:00,-34.46,338.7,-243.73,90.52,0
2002-03-28,00:00,17.98,328.03,-240.05,86.48,0
2002-03-29,00:00,87.13,591.88,-349.06,156.34,0
2002-04-01,00:00,68.85,377.7,-425.17,116.41,0
2002-04-02,00:00,-18.31,548.57,-356.3,30.48,0
2002-04-03,00:00,-24.8,55.99,-411.4,-161.31,0
2002-04-04,00:00,29.98,483.02,-366.19,77.2,0
2002-04-05,00:00,-39.63,342.96,-427.81,-62.11,0
2002-04-08,00:00,-51.16,677.76,-419.29,68.52,0
2002-04-09,00:00,-96.85,311.88,-383.06,4.77,0
2002-04-10,00:00,-48.61,482.14,-558.56,-76.06,0
2002-04-11,00:00,22.76,253.59,-517.81,3.72,0
2002-04-12,00:00,-48.14,522.82,-431.16,-44.13,0
2002-04-15,00:00,-30.45,243.49,-435.86,-122.22,0
2002-04-16,00:00,-78.14,391.19,-721.17,-173.33,0
2002-04-17,00:00,154.06,483.94,-168.34,211.12,0
2002-04-18,00:00,165.15,546.89,-65.64,284.63,0
2002-04-19,00:00,31.25,470.66,-332.75,114.67,0
2002-04-22,00:00,-79.9,227.55,-590.19,-114.87,0
2002-04-23,00:00,18.52,595.12,-303.27,128.73,0
2002-04-24,00:00,46.16,509.25,-522.22,6.4,0
2002-04-25,00:00,93.61,690.35,-156.18,189.16,0
2002-04-26,00:00,148.31,440.53,-130.61,178.1,0
2002-04-29,00:00,58.62,488.34,-137.39,67.75,0
2002-04-30,00:00,-41.23,319.51,-523.99,-150.44,0
2002-05-01,00:00,-136.68,71.87,-424.93,-191.82,0
2002-05-02,00:00,145.38,319.96,-377.21,76.57,0
2002-05-03,00:00,-129.29,126.24,-634.61,-108.32,0
2002-05-06,00:00,6.1,425.18,-447.1,-24.55,0
2002-05-07,00:00,-5.37,295.5,-521.4,-5.37,0
2002-05-08,00:00,-154.73,-38.34,-471.38,-158.61,0
2002-05-09,00:00,142.87,647.64,-411.27,178.37,0
2002-05-10,00:00,62.49,469.32,-427.55,41.73,0
2002-05-13,00:00,92.23,535.52,-90.72,143.83,0
2002-05-14,00:00,110.36,374.95,-301.98,-10.36,0
2002-05-15,00:00,-67.08,512.69,-287.12,162.31,0
2002-05-16,00:00,14.63,496.95,-324.97,-6.9,0
2002-05-17,00:00,-1.31,208.79,-472.74,-40.22,0
2002-05-20,00:00,36.21,552.84,-442.19,26.1,0
2002-05-21,00:00,-38.37,189.27,-295.43,14.11,0
2002-05-22,00:00,-29.72,387.06,-437.91,-104.3,0
2002-05-23,00:00,132.1,476.83,-321.96,105.32,0
2002-05-24,00:00,83.36,227.01,-199.36,30.14,0
2002-05-27,00:00,79.36,528.57,-224.28,150.66,0
2002-05-28,00:00,-27.19,221.67,-66.83,64.1,0
2002-05-29,00:00,-85.44,129.07,-477.17,-33.49,0
2002-05-30,00:00,-97.87,125.16,-465.19,-226.22,0
2002-05-31,00:00,120.2,509.56,-245.39,109.77,0
2002-06-03,00:00,79.92,490.33,-426.8,52.13,0
2002-06-04,00:00,-27.08,160.17,-437.58,-96.27,0
2002-06-05,00:00,152.01,492.99,-283.39,136.91,0
2002-06-06,00:00,-21.19,385.34,-239.72,68.8,0
2002-06-07,00:00,-149.25,251.36,-543.3,-210.05,0
2002-06-10,00:00,171.52,854.25,-51.94,254.64,0
2002-06-11,00:00,-167.95,164.07,-616.0,-159.99,0
2002-06-12,00:00,62.57,245.8,-296.69,29.01,0
2002-06-13,00:00,33.64,471.27,-474.36,41.82,0
2002-06-14,00:00,-56.59,317.3,-436.51,-80.87,0
2002-06-17,00:00,86.02,258.92,-318.55,41.67,0
2002-06-18,00:00,-48.27,267.61,-498.35,-105.65,0
2002-06-19,00:00,32.31,779.71,-290.74,169.64,0
2002-06-20,00:00,259.95,654.42,-224.4,191.96,0
2002-06-21,00:00,150.49,513.16,-107.56,169.93,0
2002-06-24,00:00,-66.38,16.44,-672.31,-192.7,0
2002-06-25,00:00,62.51,523.56,-592.02,53.82,0
2002-06-26,00:00,156.89,448.54,-132.27,114.06,0
2002-06-27,00:00,-3.1,317.65,-247.92,-24.89,0
2002-06-28,00:00,52.65,307.28,-181.94,32.09,0
2002-07-01,00:00,-4.39,182.05,-517.34,-160.81,0
2002-07-02,00:00,-133.54,164.95,-331.08,-230.85,0
2002-07-03,00:00,-115.44,489.53,-652.46,-41.38,0
2002-07-04,00:00,-89.78,488.43,-518.06,-25.5,0
2002-07-05,00:00,-85.3,303.14,-250.85,9.52,0
2002-07-08,00:00,3.77,408.79,-314.09,56.57,0
2002-07-09,00:00,53.12,411.99,-294.88,72.38,0
2002-07-10,00:00,-17.12,76.28,-541.7,-188.56,0
2002-07-11,00:00,35.88,248.53,-102.76,112.89,0
2002-07-12,00:00,-8.98,261.43,-578.59,-60.45,0
2002-07-15,00:00,31.51,419.37,-423.87,-16.41,0
2002-07-16,00:00,-6.82,424.36,-531.85,-25.98,0
2002-07-17,00:00,8.41,318.43,-367.85,-24.04,0
2002-07-18,00:00,-120.17,385.93,-331.25,13.81,0
2002-07-19,00:00,-56.33,382.98,-342.48,8.82,0
2002-07-22,00:00,32.56,360.27,-396.79,24.67,0
2002-07-23,00:00,42.6,436.61,-293.18,84.98,0
2002-07-24,00:00,56.69,645.44,-350.6,118.52,0
2002-07-25,00:00,139.22,678.32,-138.69,179.02,0
2002-07-26,00:00,18.31,399.75,-419.88,-40.95,0
2002-07-29,00:00,8.57,401.68,-145.41,116.36,0
2002-07-30,00:00,132.79,574.02,-267.68,155.35,0
2002-07-31,00:00,-23.25,559.58,-269.89,83.71,0
2002-08-01,00:00,-71.8,315.14,-549.47,-72.51,0
2002-08-02,00:00,30.92,383.65,-332.02,181.5,0
2002-08-05,00:00,-7.3,500.32,-499.33,-18.74,0
2002-08-06,00:00,-110.78,481.4,-374.04,-18.99,0
2002-08-07,00:00,-50.76,140.59,-417.15,-22.48,0
2002-08-08,00:00,85.76,467.57,-353.85,76.43,0
2002-08-09,00:00,17.22,305.8,-430.2,-31.6,0
2002-08-12,00:00,-23.97,250.89,-536.05,-236.21,0
2002-08-13,00:00,-41.96,-41.77,-235.2,-103.42,0
2002-08-14,00:00,81.84,323.27,-284.47,20.2,0
2002-08-15,00:00,37.94,423.17,-313.05,90.79,0
2002-08-16,00:00,69.97,313.31,-278.87,14.09,0
2002-08-19,00:00,29.84,446.57,-106.12,121.82,0
2002-08-20,00:00,107.03,475.84,-90.36,218.98,0
2002-08-21,00:00,33.11,473.04,-197.86,103.54,0
2002-08-22,00:00,-35.46,155.36,-530.58,-132.79,0
2002-08-23,00:00,-69.33,482.79,-433.61,41.3,0
2002-08-26,00:00,20.58,377.73,-254.92,2.62,0
2002-08-27,00:00,-52.27,238.53,-454.84,-59.79,0
2002-08-28,00:00,-11.73,413.75,-578.71,-143.77,0
2002-08-29,00:00,72.77,400.73,-458.17,-47.17,0
2002-08-30,00:00,23.49,708.41,-254.13,214.38,0
2002-09-02,00:00,64.74,460.5,-332.65,86.85,0
2002-09-03,00:00,-23.41,497.52,-498.11,-21.92,0
2002-09-04,00:00,-110.83,144.8,-387.04,-186.14,0
2002-09-05,00:00,60.76,495.64,-217.0,3.25,0
2002-09-06,00:00,35.79,329.17,-345.03,74.51,0
2002-09-09,00:00,149.04,460.69,-266.5,103.31,0
2002-09-10,00:00,131.09,698.64,-268.25,243.81,0
2002-09-11,00:00,31.48,464.79,-291.57,76.97,0
2002-09-12,00:00,-46.05,454.88,-340.95,52.05,0
2002-09-13,00:00,-104.71,357.3,-218.45,40.44,0
2002-09-16,00:00,128.12,479.1,-394.2,56.62,0
2002-09-17,00:00,19.48,542.65,-471.53,-60.23,0
2002-09-18,00:00,47.96,398.55,-418.22,37.91,0
2002-09-19,00:00,10.98,187.04,-311.67,-27.93,0
2002-09-20,00:00,61.15,351.21,-638.63,-123.29,0
2002-09-23,00:00,-64.51,252.6,-486.74,-138.38,0
2002-09-24,00:00,28.0,334.41,-442.08,-63.64,0
2002-09-25,00:00,103.77,697.24,-317.82,182.04,0
2002-09-26,00:00,205.23,435.78,-212.34,99.05,0
2002-09-27,00:00,35.25,411.82,-337.64,20.81,0
2002-09-30,00:00,-14.39,372.06,-278.85,38.74,0
2002-10-01,00:00,-86.39,309.28,-406.39,-56.24,0
2002-10-02,00:00,-83.93,221.18,-547.46,-125.92,0
2002-10-03,00:00,-31.38,557.8,-463.66,28.34,0
2002-10-04,00:00,97.93,700.56,-206.41,230.86,0
2002-10-07,00:00,-34.56,387.34,-607.06,-63.59,0
2002-10-08,00:00,-4.07,411.96,-297.45,25.35,0
2002-10-09,00:00,4.67,551.77,-382.03,75.61,0
2002-10-10,00:00,-163.37,267.45,-592.61,-160.94,0
2002-10-11,00:00,74.27,494.11,-231.13,135.84,0
2002-10-14,00:00,122.17,296.11,-223.7,91.45,0
2002-10-15,00:00,27.95,527.24,-306.79,30.1,0
2002-10-16,00:00,48.54,322.29,-587.83,-7.54,0
2002-10-17,00:00,-47.08,393.38,-484.83,-81.31,0
2002-10-18,00:00,23.93,430.19,-192.93,134.03,0
2002-10-21,00:00,86.99,464.32,-374.61,77.19,0
2002-10-22,00:00,147.15,612.33,-237.29,217.74,0
2002-10-23,00:00,44.77,453.26,-341.04,38.18,0
2002-10-24,00:00,-64.1,357.4,-489.65,-60.85,0
2002-10-25,00:00,114.69,475.75,-184.8,162.41,0
2002-10-28,00:00,-2.99,382.62,-398.4,-6.34,0
2002-10-29,00:00,-88.41,368.78,-390.2,80.76,0
2002-10-30,00:00,-131.48,361.65,-402.14,-46.36,0
2002-10-31,00:00,39.01,263.18,-381.4,-32.72,0
2002-11-01,00:00,105.73,674.97,-352.2,154.27,0
2002-11-04,00:00,36.17,324.27,-260.22,-28.39,0
2002-11-05,00:00,102.72,440.14,-291.32,98.52,0
2002-11-06,00:00,-50.79,182.44,-166.95,-57.16,0
2002-11-07,00:00,86.59,495.11,-411.53,145.32,0
2002-11-08,00:00,-76.61,240.7,-310.55,-49.09,0
2002-11-11,00:00,-55.82,636.65,-299.7,73.14,0
2002-11-12,00:00,44.58,403.05,-469.1,-9.37,0
2002-11-13,00:00,86.83,244.51,-205.33,71.94,0
2002-11-14,00:00,-1.39,450.99,-365.58,-6.55,0
2002-11-15,00:00,-143.04,221.8,-487.43,-142.55,0
2002-11-18,00:00,-42.48,233.29,-482.47,-115.37,0
2002-11-19,00:00,82.63,449.17,-429.8,33.52,0
2002-11-20,00:00,-26.54,322.86,-532.9,-130.86,0
2002-11-21,00:00,179.75,725.03,59.55,381.04,0
2002-11-22,00:00,-79.02,345.44,-251.47,76.52,0
2002-11-25,00:00,-19.55,301.12,-377.5,65.76,0
2002-11-26,00:00,102.31,477.84,-197.24,150.48,0
2002-11-27,00:00,-9.19,447.24,-466.15,76.32,0
2002-11-28,00:00,-64.74,290.96,-417.11,-67.4,0
2002-11-29,00:00,208.73,474.36,-141.06,144.34,0
2002-12-02,00:00,-131.63,141.23,-533.59,-97.76,0
2002-12-03,00:00,129.47,401.58,-381.13,119.6,0
2002-12-04,00:00,94.75,398.01,-151.78,81.62,0
2002-12-05,00:00,47.21,399.73,-434.98,70.3,0
2002-12-06,00:00,0.9,311.27,-179.27,83.09,0
2002-12-09,00:00,-47.5,314.79,-325.44,-41.06,0
2002-12-10,00:00,45.56,520.63,-386.01,85.67,0
2002-12-11,00:00,80.44,483.9,-396.38,82.46,0
2002-12-12,00:00,-30.72,355.67,-589.42,-66.84,0
2002-12-13,00:00,-13.5,197.17,-460.79,-128.05,0
2002-12-16,00:00,167.56,481.91,-243.32,155.84,0
2002-12-17,00:00,88.53,266.04,-159.32,114.19,0
2002-12-18,00:00,3.71,390.85,-334.17,21.83,0
2002-12-19,00:00,-51.69,126.46,-436.8,-110.75,0
2002-12-20,00:00,33.23,400.82,-673.14,-48.86,0
2002-12-23,00:00,-16.52,440.27,-601.74,-45.44,0
2002-12-24,00:00,69.24,394.47,-196.1,147.91,0
2002-12-25,00:00,-101.14,253.47,-459.96,-74.64,0
2002-12-26,00:00,36.74,541.42,-382.15,157.04,0
2002-12-27,00:00,-54.96,359.23,-398.95,2.05,0
2002-12-30,00:00,-11.83,283.54,-244.89,115.55,0
2002-12-31,00:00,116.77,625.31,-141.07,148.49,0
2003-01-01,00:00,28.51,503.57,-223.06,155.89,0
2003-01-02,00:00,-65.27,446.78,-405.15,56.58,0
2003-01-03,00:00,80.75,324.49,-296.01,-56.67,0
2003-01-06,00:00,26.63,499.87,-435.49,3.64,0
2003-01-07,00:00,-61.64,266.71,-499.84,-99.01,0
2003-01-08,00:00,98.36,432.43,-235.42,107.18,0
2003-01-09,00:00,-80.56,112.21,-561.22,-110.35,0
2003-01-10,00:00,114.8,248.91,-274.06,92.56,0
2003-01-13,00:00,52.87,431.88,-502.72,15.42,0
2003-01-14,00:00,39.96,425.85,-525.59,-5.66,0
2003-01-15,00:00,12.43,397.02,-136.88,99.67,0
2003-01-16,00:00,-45.4,577.47,-524.6,-105.56,0
2003-01-17,00:00,-61.18,140.11,-480.97,-126.87,0
2003-01-20,00:00,-101.96,418.21,-478.34,-83.09,0
2003-01-21,00:00,-61.72,153.02,-629.17,-169.62,0
2003-01-22,00:00,-15.69,119.34,-404.81,-67.55,0
2003-01-23,00:00,62.39,359.46,-437.95,50.21,0
2003-01-24,00:00,-86.11,511.14,-281.83,74.56,0
2003-01-27,00:00,-63.26,401.32,-393.37,-97.78,0
2003-01-28,00:00,10.99,479.16,-462.54,133.4,0
2003-01-29,00:00,-67.61,410.01,-426.85,18.99,0
2003-01-30,00:00,-34.69,307.11,-382.17,-84.05,0
2003-01-31,00:00,49.77,373.02,-468.87,-51.55,0
2003-02-03,00:00,90.77,583.18,-273.68,169.18,0
2003-02-04,00:00,-201.58,177.76,-707.6,-215.94,0
2003-02-05,00:00,16.93,252.09,-486.47,-31.97,0
2003-02-06,00:00,27.47,495.83,-398.22,27.21,0
2003-02-07,00:00,-262.73,-12.13,-499.18,-342.17,0
2003-02-10,00:00,8.2,343.48,-140.02,148.52,0
2003-02-11,00:00,-73.47,533.28,-581.25,113.89,0
2003-02-12,00:00,134.23,723.81,-402.42,177.64,0
2003-02-13,00:00,-23.74,228.62,-739.21,-207.89,0
2003-02-14,00:00,92.02,584.57,-469.55,114.61,0
2003-02-17,00:00,88.52,548.43,-154.95,133.9,0
2003-02-18,00:00,33.13,225.63,-265.37,-71.45,0
2003-02-19,00:00,-23.76,163.39,-494.4,-109.99,0
2003-02-20,00:00,129.28,473.42,-140.08,102.64,0
2003-02-21,00:00,-19.09,277.15,-461.46,5.33,0
2003-02-24,00:00,20.46,314.93,-293.8,-52.65,0
2003-02-25,00:00,-44.32,265.66,-494.01,-107.5,0
2003-02-26,00:00,-94.65,302.79,-556.4,-130.09,0
2003-02-27,00:00,71.43,517.93,-308.71,61.18,0
2003-02-28,00:00,14.35,339.95,-348.12,-31.28,0
2003-03-03,00:00,123.58,264.97,-236.22,-20.7,0
2003-03-04,00:00,0.69,501.44,-552.89,-81.98,0
2003-03-05,00:00,39.4,445.99,-303.03,64.11,0
2003-03-06,00:00,-85.82,306.14,-436.21,-97.12,0
2003-03-07,00:00,-28.78,561.89,-488.49,-16.03,0
2003-03-10,00:00,124.74,520.43,-115.22,158.75,0
2003-03-11,00:00,90.54,370.67,-336.78,-24.94,0
2003-03-12,00:00,-8.45,439.71,-468.38,26.31,0
2003-03-13,00:00,4.93,273.15,-270.16,-8.83,0
2003-03-14,00:00,10.81,511.92,-427.2,72.91,0
2003-03-17,00:00,100.63,431.02,-79.52,110.52,0
2003-03-18,00:00,134.32,384.51,-183.68,181.71,0
2003-03-19,00:00,120.01,585.83,-369.26,186.2,0
2003-03-20,00:00,-179.74,133.88,-852.72,-287.85,0
2003-03-21,00:00,19.49,260.53,-495.97,-31.07,0
2003-03-24,00:00,122.53,552.17,-157.81,72.57,0
2003-03-25,00:00,37.78,590.09,-532.37,-39.64,0
2003-03-26,00:00,171.54,615.28,-400.07,101.99,0
2003-03-27,00:00,50.94,266.09,-430.38,23.25,0
2003-03-28,00:00,-5.95,423.5,-484.32,7.5,0
2003-03-31,00:00,35.77,534.44,-386.46,194.52,0
2003-04-01,00:00,96.77,525.31,-377.6,70.25,0
2003-04-02,00:00,1.09,661.14,-532.75,38.98,0
2003-04-03,00:00,-51.95,158.6,-554.1,-210.8,0
2003-04-04,00:00,-157.08,326.96,-507.45,-122.2,0
2003-04-07,00:00,-62.07,117.21,-435.1,-193.94,0
2003-04-08,00:00,-125.43,285.43,-483.21,-189.11,0
2003-04-09,00:00,-51.13,323.42,-373.49,8.6,0
2003-04-10,00:00,8.02,230.42,-448.2,-84.68,0
2003-04-11,00:00,-70.14,460.09,-397.91,0.65,0
2003-04-14,00:00,-0.07,255.89,-150.75,28.45,0
2003-04-15,00:00,21.75,399.64,-436.9,8.89,0
2003-04-16,00:00,-5.56,415.25,-487.54,-3.62,0
2003-04-17,00:00,-17.08,219.34,-516.48,-113.04,0
2003-04-18,00:00,36.44,460.88,-357.52,35.8,0
2003-04-21,00:00,13.17,245.07,-402.95,-71.98,0
2003-04-22,00:00,-171.03,301.86,-407.04,-63.94,0
2003-04-23,00:00,29.75,493.84,-463.05,-12.97,0
2003-04-24,00:00,126.83,444.84,-443.56,14.66,0
2003-04-25,00:00,68.67,419.11,-303.66,69.4,0
2003-04-28,00:00,33.15,204.9,-317.56,23.81,0
2003-04-29,00:00,137.17,703.37,-115.83,198.17,0
2003-04-30,00:00,91.87,159.62,-49.58,80.84,0
2003-05-01,00:00,-80.55,119.68,-326.89,-61.41,0
2003-05-02,00:00,-68.17,309.8,-355.44,-22.72,0
2003-05-05,00:00,26.3,313.68,-340.74,-78.15,0
2003-05-06,00:00,-76.97,364.55,-693.62,-132.35,0
2003-05-07,00:00,119.22,501.51,-227.07,216.14,0
2003-05-08,00:00,63.48,493.93,-495.74,83.51,0
2003-05-09,00:00,37.37,463.81,-265.24,15.66,0
2003-05-12,00:00,171.09,505.18,102.44,157.99,0
2003-05-13,00:00,224.87,674.87,-12.72,333.63,0
2003-05-14,00:00,-12.26,383.49,-295.34,37.83,0
2003-05-15,00:00,-76.38,643.44,-332.34,36.46,0
2003-05-16,00:00,-35.19,205.36,-300.01,-12.77,0
2003-05-19,00:00,-33.29,548.99,-194.38,108.48,0
2003-05-20,00:00,133.8,461.61,-108.43,146.1,0
2003-05-21,00:00,31.01,461.65,-456.54,-93.43,0
2003-05-22,00:00,-86.79,207.37,-217.85,-54.42,0
2003-05-23,00:00,-34.89,297.89,-584.7,-50.69,0
2003-05-26,00:00,-51.0,387.72,-429.61,-17.84,0
2003-05-27,00:00,61.53,420.37,-209.4,78.6,0
2003-05-28,00:00,2.03,444.7,-586.03,0.37,0
2003-05-29,00:00,11.18,444.52,-507.58,-0.31,0
2003-05-30,00:00,96.45,415.26,-216.56,83.12,0
2003-06-02,00:00,-12.9,521.97,-621.67,-40.57,0
2003-06-03,00:00,-74.9,285.15,-479.83,-39.63,0
2003-06-04,00:00,72.39,401.83,-221.97,94.35,0
2003-06-05,00:00,-15.96,569.41,-638.59,-107.43,0
2003-06-06,00:00,84.24,501.61,-152.61,202.57,0
2003-06-09,00:00,-25.29,422.91,-255.45,62.41,0
2003-06-10,00:00,90.83,757.51,-48.52,330.71,0
2003-06-11,00:00,-38.53,371.8,-248.67,-77.28,0
2003-06-12,00:00,130.66,690.85,-190.54,255.35,0
2003-06-13,00:00,136.49,420.32,-239.57,146.45,0
2003-06-16,00:00,-18.23,243.28,-326.0,-9.63,0
2003-06-17,00:00,-84.76,261.0,-348.63,-106.08,0
2003-06-18,00:00,71.53,753.66,-491.58,144.32,0
2003-06-19,00:00,27.55,535.01,-480.76,-62.56,0
2003-06-20,00:00,-15.32,309.14,-219.98,-59.63,0
2003-06-23,00:00,-31.04,474.77,-229.64,-34.94,0
2003-06-24,00:00,64.84,388.21,-295.78,112.3,0
2003-06-25,00:00,52.8,578.09,-287.42,74.84,0
2003-06-26,00:00,103.53,385.98,-300.43,15.52,0
2003-06-27,00:00,-88.39,454.25,-258.79,34.84,0
2003-06-30,00:00,89.14,311.72,-93.81,151.56,0
2003-07-01,00:00,77.78,563.76,-312.84,70.62,0
2003-07-02,00:00,-95.57,464.49,-428.5,-48.61,0
2003-07-03,00:00,37.63,434.02,-323.62,44.99,0
2003-07-04,00:00,88.24,276.13,-390.89,-27.49,0
2003-07-07,00:00,95.84,554.8,-270.62,87.75,0
2003-07-08,00:00,67.61,299.67,-182.51,17.52,0
2003-07-09,00:00,-104.24,197.22,-766.99,-199.05,0
2003-07-10,00:00,24.68,496.46,-536.12,-16.47,0
2003-07-11,00:00,43.44,593.38,-244.23,159.93,0
2003-07-14,00:00,-10.12,284.11,-202.91,73.73,0
2003-07-15,00:00,-106.22,235.44,-162.04,66.04,0
2003-07-16,00:00,103.37,505.61,-275.65,79.94,0
2003-07-17,00:00,-83.31,468.79,-363.53,-50.51,0
2003-07-18,00:00,-12.93,261.43,-481.82,-140.27,0
2003-07-21,00:00,-17.87,460.52,-588.09,-199.29,0
2003-07-22,00:00,12.83,419.34,-248.37,24.58,0
2003-07-23,00:00,48.59,346.49,-161.61,18.43,0
2003-07-24,00:00,-55.76,316.8,-592.47,-125.36,0
2003-07-25,00:00,81.15,531.12,-427.91,107.94,0
2003-07-28,00:00,7.37,201.4,-283.33,-32.38,0
2003-07-29,00:00,-61.66,254.43,-373.59,-150.27,0
2003-07-30,00:00,-30.47,510.59,-146.41,126.48,0
2003-07-31,00:00,-35.67,176.97,-465.13,-65.97,0
2003-08-01,00:00,-10.97,277.54,-473.5,-5.85,0
2003-08-04,00:00,-66.42,443.62,-425.61,-9.26,0
2003-08-05,00:00,-122.72,181.24,-454.74,-60.26,0
2003-08-06,00:00,67.38,442.84,-327.89,42.15,0
2003-08-07,00:00,-39.25,367.32,-319.02,-69.9,0
2003-08-08,00:00,137.2,546.34,-190.68,182.31,0
2003-08-11,00:00,61.62,484.81,-277.09,76.41,0
2003-08-12,00:00,-107.09,386.78,-420.98,-72.31,0
2003-08-13,00:00,33.99,219.73,-577.22,-107.26,0
2003-08-14,00:00,-98.66,267.38,-464.5,-77.9,0
2003-08-15,00:00,-51.66,153.8,-632.98,-156.12,0
2003-08-18,00:00,83.91,528.08,-298.82,15.64,0
2003-08-19,00:00,23.47,609.64,-194.0,160.8,0
2003-08-20,00:00,84.38,369.83,-372.59,-26.66,0
2003-08-21,00:00,84.54,635.75,-357.19,117.26,0
2003-08-22,00:00,-16.58,258.94,-334.54,32.74,0
2003-08-25,00:00,106.03,520.68,-346.42,128.77,0
2003-08-26,00:00,95.4,570.09,-488.72,107.66,0
2003-08-27,00:00,-18.47,418.3,-576.23,-180.53,0
2003-08-28,00:00,44.64,255.95,-263.02,-39.82,0
2003-08-29,00:00,-57.99,26.09,-436.43,-112.62,0
2003-09-01,00:00,-2.57,372.95,-337.77,38.91,0
2003-09-02,00:00,23.66,577.3,-392.73,71.57,0
2003-09-03,00:00,-25.24,156.38,-320.44,-116.8,0
2003-09-04,00:00,169.88,741.32,-165.22,368.88,0
2003-09-05,00:00,-59.7,222.64,-366.77,39.98,0
2003-09-08,00:00,52.24,468.84,-351.58,18.23,0
2003-09-09,00:00,-63.69,594.34,-381.04,84.54,0
2003-09-10,00:00,51.02,245.32,-508.86,-99.16,0
2003-09-11,00:00,-83.44,244.77,-605.1,-124.62,0
2003-09-12,00:00,-84.87,369.85,-584.13,-58.56,0
2003-09-15,00:00,49.39,235.31,-342.34,-50.97,0
2003-09-16,00:00,7.96,604.59,-518.17,-2.73,0
2003-09-17,00:00,4.64,542.44,-184.47,233.08,0
2003-09-18,00:00,56.19,329.25,-401.29,25.59,0
2003-09-19,00:00,31.52,370.15,-313.37,8.04,0
2003-09-22,00:00,58.99,530.76,-419.04,18.59,0
2003-09-23,00:00,162.48,518.8,-237.06,131.87,0
2003-09-24,00:00,52.62,451.14,-478.21,-21.06,0
2003-09-25,00:00,99.91,529.51,-492.24,67.05,0
2003-09-26,00:00,-7.07,316.17,-262.96,-29.19,0
2003-09-29,00:00,-94.72,386.27,-450.02,-16.28,0
2003-09-30,00:00,4.97,190.51,-364.11,-44.49,0
2003-10-01,00:00,-138.56,202.93,-460.7,-194.46,0
2003-10-02,00:00,98.79,579.06,-319.34,91.29,0
2003-10-03,00:00,49.35,651.95,-366.6,91.62,0
2003-10-06,00:00,-118.26,211.89,-625.13,-207.1,0
2003-10-07,00:00,3.27,489.75,-516.96,-66.53,0
2003-10-08,00:00,102.78,525.4,-165.23,44.54,0
2003-10-09,00:00,-129.93,454.44,-650.97,-27.22,0
2003-10-10,00:00,-102.4,395.72,-514.49,-95.51,0
2003-10-13,00:00,-63.94,249.31,-779.51,-292.31,0
2003-10-14,00:00,81.18,609.58,-332.97,145.33,0
2003-10-15,00:00,1.9,407.05,-383.6,-85.16,0
2003-10-16,00:00,-120.6,338.88,-268.36,-6.51,0
2003-10-17,00:00,134.66,423.55,-163.99,130.45,0
2003-10-20,00:00,94.77,616.01,-207.45,193.73,0
2003-10-21,00:00,-27.27,557.12,-520.69,-40.67,0
2003-10-22,00:00,33.52,650.4,-491.04,150.24,0
2003-10-23,00:00,-66.81,251.95,-275.82,-13.73,0
2003-10-24,00:00,-13.52,380.7,-199.54,75.01,0
2003-10-27,00:00,-17.13,311.06,-342.19,31.24,0
2003-10-28,00:00,2.39,359.98,-201.47,48.69,0
2003-10-29,00:00,54.58,561.34,-208.92,206.55,0
2003-10-30,00:00,-77.91,428.4,-533.13,-74.13,0
2003-10-31,00:00,-91.82,380.93,-622.83,-119.33,0
2003-11-03,00:00,99.57,576.99,-119.21,174.63,0
2003-11-04,00:00,24.63,490.95,-253.72,70.89,0
2003-11-05,00:00,-64.66,414.02,-466.05,-78.06,0
2003-11-06,00:00,17.79,388.82,-182.3,69.49,0
2003-11-07,00:00,87.91,319.92,-336.81,5.18,0
2003-11-10,00:00,-40.88,335.29,-487.94,-34.09,0
2003-11-11,00:00,29.63,221.11,-31.17,127.14,0
2003-11-12,00:00,-105.76,243.87,-234.58,23.51,0
2003-11-13,00:00,49.26,188.95,-147.45,-15.85,0
2003-11-14,00:00,-47.23,500.93,-284.63,40.55,0
2003-11-17,00:00,77.26,546.45,-207.39,164.64,0
2003-11-18,00:00,-159.28,314.3,-567.67,-179.43,0
2003-11-19,00:00,3.97,143.69,-701.0,-154.43,0
2003-11-20,00:00,-6.29,361.78,-429.83,43.53,0
2003-11-21,00:00,-32.64,306.76,-336.58,-74.68,0
2003-11-24,00:00,-71.6,233.97,-622.76,-209.91,0
2003-11-25,00:00,-45.38,370.99,-495.75,-34.28,0
2003-11-26,00:00,-33.23,242.77,-472.43,-9.83,0
2003-11-27,00:00,87.88,415.15,-113.41,36.47,0
2003-11-28,00:00,-13.76,206.5,-322.13,-48.59,0
2003-12-01,00:00,128.47,452.31,-121.35,141.46,0
2003-12-02,00:00,33.3,385.11,-159.5,64.71,0
2003-12-03,00:00,123.1,469.44,-221.36,22.14,0
2003-12-04,00:00,106.65,722.74,-234.28,224.55,0
2003-12-05,00:00,-66.63,445.63,-424.24,-45.53,0
2003-12-08,00:00,-12.18,402.71,-262.47,35.98,0
2003-12-09,00:00,128.01,376.81,-328.45,4.15,0
2003-12-10,00:00,-54.77,432.49,-401.17,-36.7,0
2003-12-11,00:00,-73.48,418.82,-249.57,21.84,0
2003-12-12,00:00,4.22,538.68,-330.09,99.79,0
2003-12-15,00:00,-10.15,232.81,-463.76,-130.26,0
2003-12-16,00:00,-51.38,273.69,-314.96,-15.08,0
2003-12-17,00:00,-40.84,447.56,-764.89,-149.05,0
2003-12-18,00:00,74.35,730.15,-283.9,128.69,0
2003-12-19,00:00,-6.57,340.67,-271.79,25.86,0
2003-12-22,00:00,47.8,533.39,-369.24,92.38,0
2003-12-23,00:00,75.73,606.94,-166.65,126.09,0
2003-12-24,00:00,127.45,491.51,-0.37,157.2,0
2003-12-25,00:00,-50.51,258.9,-590.9,-201.85,0
2003-12-26,00:00,-34.33,445.6,-195.27,23.7,0
2003-12-29,00:00,129.19,614.28,-126.5,127.87,0
2003-12-30,00:00,-91.99,418.6,-662.79,-44.59,0
2003-12-31,00:00,12.17,300.36,-441.57,-9.69,0
2004-01-01,00:00,-63.21,156.46,-392.78,-152.89,0
2004-01-02,00:00,-1.8,569.75,-219.08,133.43,0
2004-01-05,00:00,-30.6,336.11,-243.32,51.46,0
2004-01-06,00:00,-3.54,532.82,-436.02,-19.9,0
2004-01-07,00:00,-70.35,437.72,-488.15,39.3,0
2004-01-08,00:00,-23.12,266.0,-170.35,112.09,0
2004-01-09,00:00,-16.14,276.4,-535.69,-82.63,0
2004-01-12,00:00,58.76,646.18,-278.45,139.28,0
2004-01-13,00:00,69.79,321.15,-337.19,79.73,0
2004-01-14,00:00,17.48,321.3,-316.13,5.76,0
2004-01-15,00:00,1.69,435.43,-347.62,75.02,0
2004-01-16,00:00,29.49,458.03,-432.13,7.08,0
2004-01-19,00:00,43.81,300.06,-402.94,-96.92,0
2004-01-20,00:00,158.87,364.34,-309.58,66.74,0
2004-01-21,00:00,-50.75,193.51,-408.91,-62.07,0
2004-01-22,00:00,41.79,308.27,-421.15,-147.0,0
2004-01-23,00:00,83.17,411.76,-60.07,167.87,0
2004-01-26,00:00,34.4,376.25,-434.66,-42.59,0
2004-01-27,00:00,8.49,442.02,-285.3,29.95,0
2004-01-28,00:00,-111.52,178.11,-445.49,-175.45,0
2004-01-29,00:00,21.59,335.32,-154.82,103.81,0
2004-01-30,00:00,93.72,446.48,-275.72,51.05,0
2004-02-02,00:00,71.18,546.36,-378.5,33.98,0
2004-02-03,00:00,-48.6,262.17,-131.5,-30.03,0
2004-02-04,00:00,-62.73,429.4,-398.8,-73.64,0
2004-02-05,00:00,-8.25,302.86,-342.83,-19.06,0
2004-02-06,00:00,109.43,680.93,-366.77,151.73,0
2004-02-09,00:00,-33.58,138.11,-441.01,-194.14,0
2004-02-10,00:00,25.13,386.84,-299.71,-23.84,0
2004-02-11,00:00,-128.83,462.62,-376.42,13.67,0
2004-02-12,00:00,-58.16,338.38,-450.08,-113.28,0
2004-02-13,00:00,29.07,178.25,-502.43,-154.75,0
2004-02-16,00:00,4.46,390.65,-346.45,53.34,0
2004-02-17,00:00,158.37,580.4,-115.37,185.17,0
2004-02-18,00:00,2.38,306.44,-416.99,-64.46,0
2004-02-19,00:00,-25.79,126.65,-287.85,-67.47,0
2004-02-20,00:00,123.8,627.11,-175.17,235.53,0
2004-02-23,00:00,69.91,521.6,-301.1,62.71,0
2004-02-24,00:00,27.73,336.94,-327.87,31.59,0
2004-02-25,00:00,20.59,404.89,-340.03,-6.5,0
2004-02-26,00:00,82.45,398.63,-307.33,55.27,0
2004-02-27,00:00,13.22,445.6,-354.02,74.33,0
2004-03-01,00:00,-35.42,479.92,-584.91,-141.95,0
2004-03-02,00:00,-6.37,348.16,-300.59,64.09,0
2004-03-03,00:00,-84.92,177.28,-575.29,-60.9,0
2004-03-04,00:00,35.26,385.3,-429.95,32.15,0
2004-03-05,00:00,78.99,461.25,-329.76,19.76,0
2004-03-08,00:00,9.89,502.25,-507.87,-45.24,0
2004-03-09,00:00,-133.45,308.66,-477.5,-128.84,0
2004-03-10,00:00,116.08,516.41,-182.12,185.02,0
2004-03-11,00:00,84.52,320.18,-341.88,32.17,0
2004-03-12,00:00,32.54,449.2,-166.59,89.07,0
2004-03-15,00:00,-69.36,206.84,-701.42,-156.29,0
2004-03-16,00:00,68.31,512.49,-446.7,66.5,0
2004-03-17,00:00,-66.94,124.72,-375.66,-86.03,0
2004-03-18,00:00,-53.85,245.85,-320.05,18.58,0
2004-03-19,00:00,145.35,526.82,-209.96,77.16,0
2004-03-22,00:00,76.65,482.75,-427.56,87.72,0
2004-03-23,00:00,89.89,524.2,-141.16,153.38,0
2004-03-24,00:00,65.47,218.18,-448.43,-1.67,0
2004-03-25,00:00,-5.33,286.66,-316.94,47.61,0
2004-03-26,00:00,33.33,467.42,-313.12,-22.74,0
2004-03-29,00:00,29.15,308.87,-277.67,-67.41,0
2004-03-30,00:00,109.41,409.37,-299.95,128.28,0
2004-03-31,00:00,35.81,532.94,-356.81,59.35,0
2004-04-01,00:00,-33.61,334.34,-533.64,-22.87,0
2004-04-02,00:00,-14.5,400.99,-384.61,7.37,0
2004-04-05,00:00,35.88,444.79,-347.49,112.54,0
2004-04-06,00:00,-59.23,499.73,-438.58,43.58,0
2004-04-07,00:00,221.29,760.58,-56.51,270.32,0
2004-04-08,00:00,-55.01,151.99,-541.19,-183.19,0
2004-04-09,00:00,-4.29,367.62,-387.54,64.27,0
2004-04-12,00:00,83.13,381.49,-318.61,59.36,0
2004-04-13,00:00,14.93,356.35,-169.72,75.73,0
2004-04-14,00:00,119.88,687.4,-171.75,280.64,0
2004-04-15,00:00,-41.42,464.31,-338.21,62.79,0
2004-04-16,00:00,65.27,440.99,-188.77,137.55,0
2004-04-19,00:00,176.9,535.85,-301.12,125.77,0
2004-04-20,00:00,-42.29,378.68,-513.12,-24.01,0
2004-04-21,00:00,70.75,229.07,-248.71,121.23,0
2004-04-22,00:00,-18.31,328.15,-280.31,5.23,0
2004-04-23,00:00,80.02,553.52,-257.37,98.05,0
2004-04-26,00:00,37.54,343.27,-523.84,21.27,0
2004-04-27,00:00,-0.02,333.11,-534.82,-162.75,0
2004-04-28,00:00,168.86,693.37,-286.23,246.99,0
2004-04-29,00:00,74.62,306.68,-236.1,18.63,0
2004-04-30,00:00,106.96,407.42,-381.88,117.14,0
2004-05-03,00:00,55.33,220.73,-343.56,-65.55,0
2004-05-04,00:00,19.06,167.5,-203.91,-66.01,0
2004-05-05,00:00,84.36,480.4,-192.84,227.54,0
2004-05-06,00:00,-101.57,340.11,-282.32,24.4,0
2004-05-07,00:00,117.74,519.48,-279.97,187.14,0
2004-05-10,00:00,95.08,593.18,-299.87,107.19,0
2004-05-11,00:00,-16.77,568.88,-416.38,162.8,0
2004-05-12,00:00,2.6,515.4,-397.99,9.31,0
2004-05-13,00:00,166.97,503.1,-193.88,211.46,0
2004-05-14,00:00,106.73,510.58,-303.71,107.61,0
2004-05-17,00:00,40.63,370.7,-261.83,145.74,0
2004-05-18,00:00,35.21,451.17,-378.89,-4.52,0
2004-05-19,00:00,153.08,372.27,-138.25,166.09,0
2004-05-20,00:00,31.61,512.21,-413.5,24.5,0
2004-05-21,00:00,37.73,391.81,-227.6,61.79,0
2004-05-24,00:00,-45.96,382.88,-409.66,28.12,0
2004-05-25,00:00,31.27,418.92,-72.03,167.2,0
2004-05-26,00:00,-19.39,447.31,-401.86,-84.54,0
2004-05-27,00:00,67.83,393.39,-408.11,-0.57,0
2004-05-28,00:00,-59.29,277.3,-228.99,28.5,0
2004-05-31,00:00,32.03,221.69,-98.58,61.96,0
2004-06-01,00:00,106.62,400.51,-45.41,148.21,0
2004-06-02,00:00,-115.84,265.2,-449.93,-155.67,0
2004-06-03,00:00,-25.76,296.92,-404.7,-128.7,0
2004-06-04,00:00,144.1,676.68,-262.04,180.97,0
2004-06-07,00:00,120.67,426.8,-377.19,55.53,0
2004-06-08,00:00,-45.34,370.34,-498.92,-0.78,0
2004-06-09,00:00,113.56,116.44,-351.99,-43.86,0
2004-06-10,00:00,30.52,254.93,-315.93,53.83,0
2004-06-11,00:00,17.46,304.08,-311.49,-24.18,0
2004-06-14,00:00,16.63,459.37,-248.34,-41.67,0
2004-06-15,00:00,23.88,637.69,-381.58,135.82,0
2004-06-16,00:00,36.32,407.88,-240.04,30.66,0
2004-06-17,00:00,-94.77,432.31,-389.38,-21.24,0
2004-06-18,00:00,24.37,330.02,-187.94,42.78,0
2004-06-21,00:00,-45.62,181.17,-575.46,-222.41,0
2004-06-22,00:00,-8.78,351.71,-539.06,-67.67,0
2004-06-23,00:00,-81.82,180.31,-453.75,-55.27,0
2004-06-24,00:00,69.47,282.54,-150.47,99.09,0
2004-06-25,00:00,134.3,413.69,-59.86,209.0,0
2004-06-28,00:00,56.3,428.09,-109.83,194.52,0
2004-06-29,00:00,75.87,425.67,-571.07,-1.44,0
2004-06-30,00:00,-201.87,183.96,-746.13,-223.53,0
2004-07-01,00:00,57.0,391.51,-230.18,106.86,0
2004-07-02,00:00,58.55,551.03,-327.08,156.33,0
2004-07-05,00:00,99.45,411.9,-192.93,64.16,0
2004-07-06,00:00,-154.87,298.99,-714.32,-258.24,0
2004-07-07,00:00,-102.73,276.24,-735.98,-165.42,0
2004-07-08,00:00,-5.53,329.2,-534.71,-81.55,0
2004-07-09,00:00,86.21,496.48,-277.41,87.63,0
2004-07-12,00:00,67.39,446.93,-239.78,144.31,0
2004-07-13,00:00,49.75,349.51,-455.11,-36.16,0
2004-07-14,00:00,-34.44,68.01,-384.48,-119.92,0
2004-07-15,00:00,52.0,466.41,-440.53,135.1,0
2004-07-16,00:00,64.92,444.89,-361.93,-1.98,0
2004-07-19,00:00,78.38,669.48,-299.34,38.56,0
2004-07-20,00:00,158.48,630.69,-101.75,252.47,0
2004-07-21,00:00,22.04,153.97,-323.13,12.77,0
2004-07-22,00:00,104.74,398.21,-196.77,86.61,0
2004-07-23,00:00,36.54,83.64,-414.58,-153.9,0
2004-07-26,00:00,-64.64,217.28,-509.65,-109.22,0
2004-07-27,00:00,129.59,797.55,-133.14,294.41,0
2004-07-28,00:00,80.44,421.03,-123.45,54.46,0
2004-07-29,00:00,30.28,555.54,-372.9,112.42,0
2004-07-30,00:00,-45.17,99.07,-356.37,-12.47,0
2004-08-02,00:00,31.82,422.74,-388.37,8.51,0
2004-08-03,00:00,150.26,521.58,-192.29,220.44,0
2004-08-04,00:00,-26.13,413.97,-334.87,42.85,0
2004-08-05,00:00,67.23,309.77,-200.32,47.93,0
2004-08-06,00:00,81.71,586.82,-164.48,163.15,0
2004-08-09,00:00,-5.65,313.91,-505.7,-19.41,0
2004-08-10,00:00,-180.74,85.22,-664.98,-316.44,0
2004-08-11,00:00,-42.9,442.87,-590.18,-100.76,0
2004-08-12,00:00,-47.89,318.09,-400.06,-0.19,0
2004-08-13,00:00,49.53,411.05,-220.88,30.37,0
2004-08-16,00:00,15.82,367.26,-260.57,106.88,0
2004-08-17,00:00,-62.56,379.57,-315.19,-52.26,0
2004-08-18,00:00,206.99,632.31,-160.78,201.32,0
2004-08-19,00:00,73.41,506.05,-295.89,87.62,0
2004-08-20,00:00,16.94,378.31,-586.23,-134.36,0
2004-08-23,00:00,212.97,731.0,28.84,351.2,0
2004-08-24,00:00,-16.23,316.44,-369.99,-57.42,0
2004-08-25,00:00,6.35,415.77,-359.73,-131.79,0
2004-08-26,00:00,19.66,274.42,-374.25,-81.96,0
2004-08-27,00:00,-55.48,240.69,-308.02,15.63,0
2004-08-30,00:00,113.31,507.26,-207.94,133.58,0
2004-08-31,00:00,-112.36,231.08,-582.07,-115.13,0
2004-09-01,00:00,90.09,581.2,-105.61,258.2,0
2004-09-02,00:00,111.22,451.64,-333.26,113.75,0
2004-09-03,00:00,38.7,551.25,-360.38,66.72,0
2004-09-06,00:00,38.67,562.28,-340.82,79.59,0
2004-09-07,00:00,14.52,337.98,-359.09,-38.7,0
2004-09-08,00:00,77.35,533.74,-295.98,43.6,0
2004-09-09,00:00,-21.83,417.26,-441.65,-119.41,0
2004-09-10,00:00,23.24,369.94,-360.59,2.18,0
2004-09-13,00:00,69.8,486.3,-212.29,228.86,0
2004-09-14,00:00,-118.2,498.68,-642.71,-181.73,0
2004-09-15,00:00,57.79,611.86,-390.36,42.57,0
2004-09-16,00:00,49.13,489.35,-356.08,-73.94,0
2004-09-17,00:00,76.53,527.95,-390.12,55.38,0
2004-09-20,00:00,-177.29,84.11,-427.93,-178.62,0
2004-09-21,00:00,175.47,457.85,-584.7,-59.49,0
2004-09-22,00:00,55.66,378.88,-477.3,18.29,0
2004-09-23,00:00,61.23,433.95,-402.48,84.73,0
2004-09-24,00:00,44.6,430.29,-216.66,113.08,0
2004-09-27,00:00,73.12,140.5,-411.87,-115.97,0
2004-09-28,00:00,78.06,418.64,-497.11,-24.5,0
2004-09-29,00:00,-83.79,305.14,-237.6,76.11,0
2004-09-30,00:00,-187.99,101.33,-525.12,-176.42,0
2004-10-01,00:00,1.46,376.52,-508.38,-18.58,0
2004-10-04,00:00,160.8,434.36,-328.07,117.5,0
2004-10-05,00:00,-23.42,400.43,-298.49,13.35,0
2004-10-06,00:00,57.32,434.5,-465.12,-16.17,0
2004-10-07,00:00,24.06,374.85,-476.34,7.38,0
2004-10-08,00:00,100.49,417.46,-257.71,74.34,0
2004-10-11,00:00,-2.58,446.26,-505.36,-64.25,0
2004-10-12,00:00,-1.13,482.17,-449.66,37.25,0
2004-10-13,00:00,-12.99,349.47,-398.64,41.25,0
2004-10-14,00:00,-10.19,524.78,-495.91,-2.29,0
2004-10-15,00:00,16.34,678.93,-323.75,203.67,0
2004-10-18,00:00,-26.64,352.95,-484.37,-67.77,0
2004-10-19,00:00,21.74,430.88,-312.64,-17.91,0
2004-10-20,00:00,-166.26,223.13,-352.95,-95.27,0
2004-10-21,00:00,-68.73,278.88,-358.58,-43.18,0
2004-10-22,00:00,-11.24,296.16,-633.07,-156.54,0
2004-10-25,00:00,-96.53,194.61,-456.2,-152.03,0
2004-10-26,00:00,-36.5,279.38,-529.93,-116.68,0
2004-10-27,00:00,67.9,313.46,-106.69,106.67,0
2004-10-28,00:00,-0.02,369.73,-244.6,-0.02,0
2004-10-29,00:00,61.41,465.61,-276.6,173.68,0
2004-11-01,00:00,43.02,414.79,-287.73,123.26,0
2004-11-02,00:00,117.14,666.77,-589.12,18.96,0
2004-11-03,00:00,-69.24,301.76,-472.17,5.81,0
2004-11-04,00:00,10.73,247.89,-528.7,-48.3,0
2004-11-05,00:00,-2.77,377.45,-187.47,64.39,0
2004-11-08,00:00,160.35,494.28,-249.09,121.2,0
2004-11-09,00:00,85.88,664.65,-217.97,46.04,0
2004-11-10,00:00,119.55,599.83,-477.59,133.2,0
2004-11-11,00:00,-32.75,404.21,-656.32,-120.02,0
2004-11-12,00:00,-49.58,337.08,-411.7,-34.15,0
2004-11-15,00:00,-80.26,91.41,-527.94,-158.34,0
2004-11-16,00:00,-18.11,511.02,-265.16,11.59,0
2004-11-17,00:00,-41.33,538.27,-462.56,9.85,0
2004-11-18,00:00,0.91,504.68,-470.88,-7.35,0
2004-11-19,00:00,109.02,487.58,-147.55,211.5,0
2004-11-22,00:00,68.05,433.05,-432.09,40.57,0
2004-11-23,00:00,-124.2,61.52,-626.34,-243.03,0
2004-11-24,00:00,-66.5,271.67,-395.0,26.49,0
2004-11-25,00:00,72.5,395.49,-522.27,-3.06,0
2004-11-26,00:00,40.75,343.84,-348.81,-11.77,0
2004-11-29,00:00,-25.24,365.08,-336.58,32.66,0
2004-11-30,00:00,-103.61,174.39,-213.25,-113.7,0
2004-12-01,00:00,-111.65,206.91,-762.06,-208.14,0
2004-12-02,00:00,-12.8,256.31,-386.43,-60.03,0
2004-12-03,00:00,-53.96,222.95,-480.2,-35.8,0
2004-12-06,00:00,-92.53,303.87,-517.19,-89.28,0
2004-12-07,00:00,-68.63,343.49,-235.74,39.82,0
2004-12-08,00:00,24.7,514.65,-220.59,26.84,0
2004-12-09,00:00,-88.05,222.38,-507.3,-127.74,0
2004-12-10,00:00,-113.2,382.94,-687.92,-141.99,0
2004-12-13,00:00,-49.76,531.56,-342.06,4.36,0
2004-12-14,00:00,-96.52,151.06,-253.87,-72.8,0
2004-12-15,00:00,29.59,179.59,-466.81,2.56,0
2004-12-16,00:00,171.22,677.09,-340.62,190.8,0
2004-12-17,00:00,-35.29,282.14,-494.43,-47.58,0
2004-12-20,00:00,12.6,411.34,-370.96,-1.6,0
2004-12-21,00:00,25.86,405.65,-390.69,-3.63,0
2004-12-22,00:00,-75.12,420.1,-384.31,53.78,0
2004-12-23,00:00,-76.15,259.81,-699.62,-167.07,0
2004-12-24,00:00,-93.22,400.92,-316.33,-64.34,0
2004-12-27,00:00,31.6,461.25,-256.17,114.24,0
2004-12-28,00:00,-28.58,203.87,-355.39,-118.66,0
2004-12-29,00:00,156.36,481.27,-416.03,75.54,0
2004-12-30,00:00,-18.49,235.31,-542.54,-107.22,0
2004-12-31,00:00,123.11,623.62,-207.7,207.85,0
2005-01-03,00:00,1173.2,1424.08,653.11,1084.82,0
2005-01-04,00:00,741.58,1120.73,314.03,752.81,0
2005-01-05,00:00,-368.95,13.37,-681.49,-394.7,0
2005-01-06,00:00,558.49,1106.73,315.87,630.77,0
2005-01-07,00:00,-31.23,433.5,-465.76,3.84,0
2005-01-10,00:00,-179.65,357.97,-654.17,-260.32,0
2005-01-11,00:00,-326.0,61.48,-472.26,-284.53,0
2005-01-12,00:00,217.78,444.84,-254.64,47.25,0
2005-01-13,00:00,666.68,985.97,376.95,614.95,0
2005-01-14,00:00,126.68,507.12,-302.81,115.96,0
2005-01-17,00:00,-33.38,434.24,-461.11,-62.87,0
2005-01-18,00:00,-187.49,270.98,-745.18,-235.12,0
2005-01-19,00:00,220.29,755.41,-205.65,293.75,0
2005-01-20,00:00,-207.72,100.91,-537.33,-296.94,0
2005-01-21,00:00,-209.68,166.43,-761.38,-259.65,0
2005-01-24,00:00,-64.91,303.99,-601.95,-89.73,0
2005-01-25,00:00,-184.3,-58.84,-458.45,-294.92,0
2005-01-26,00:00,86.21,379.09,34.59,98.87,0
2005-01-27,00:00,-314.44,76.53,-627.92,-385.75,0
2005-01-28,00:00,210.32,685.09,-261.27,179.83,0
2005-01-31,00:00,-678.3,-256.79,-1000.96,-654.25,0
2005-02-01,00:00,475.87,947.11,213.3,548.85,0
2005-02-02,00:00,972.88,1431.63,690.3,1115.42,0
2005-02-03,00:00,-442.54,-80.94,-516.41,-355.87,0
2005-02-04,00:00,-10.32,408.95,-298.04,35.47,0
2005-02-07,00:00,233.94,691.81,-59.35,250.88,0
2005-02-08,00:00,454.05,787.37,96.94,389.43,0
2005-02-09,00:00,634.76,1075.26,209.34,739.03,0
2005-02-10,00:00,365.3,539.98,-18.1,232.62,0
2005-02-11,00:00,672.24,870.47,159.08,655.55,0
2005-02-14,00:00,-213.84,409.53,-644.96,-263.44,0
2005-02-15,00:00,369.1,734.13,-153.28,348.26,0
2005-02-16,00:00,306.6,563.19,-14.19,225.58,0
2005-02-17,00:00,-317.18,-23.37,-645.3,-337.29,0
2005-02-18,00:00,195.9,411.37,-177.42,139.73,0
2005-02-21,00:00,286.01,609.75,-150.55,289.84,0
2005-02-22,00:00,962.48,1254.58,722.1,1009.8,0
2005-02-23,00:00,1153.22,1481.38,773.72,1147.2,0
2005-02-24,00:00,-63.67,113.82,-285.72,-101.87,0
2005-02-25,00:00,258.52,668.61,-139.4,292.91,0
2005-02-28,00:00,-97.94,357.32,-559.12,-64.56,0
2005-03-01,00:00,40.96,409.73,-434.18,-4.58,0
2005-03-02,00:00,928.43,1355.54,618.65,924.76,0
2005-03-03,00:00,-276.06,-2.35,-675.85,-367.5,0
2005-03-04,00:00,-97.62,264.97,-380.07,-113.73,0
2005-03-07,00:00,-406.77,293.24,-1030.7,-403.11,0
2005-03-08,00:00,1213.64,1591.36,804.26,1172.21,0
2005-03-09,00:00,1008.48,1472.28,763.61,1046.69,0
2005-03-10,00:00,879.65,1104.77,366.12,822.48,0
2005-03-11,00:00,156.24,557.46,-140.62,138.78,0
2005-03-14,00:00,-649.36,-501.4,-999.89,-804.86,0
2005-03-15,00:00,151.27,695.81,-179.31,291.04,0
2005-03-16,00:00,116.32,420.99,-205.45,182.29,0
2005-03-17,00:00,119.81,595.87,-189.36,285.64,0
2005-03-18,00:00,-148.11,405.6,-482.37,-29.33,0
2005-03-21,00:00,167.16,355.36,-208.86,94.59,0
2005-03-22,00:00,128.22,692.48,-25.72,230.76,0
2005-03-23,00:00,-104.57,456.41,-232.45,98.09,0
2005-03-24,00:00,-384.85,165.21,-968.08,-346.78,0
2005-03-25,00:00,-179.29,-15.05,-690.85,-322.2,0
2005-03-28,00:00,70.18,570.64,-478.42,31.73,0
2005-03-29,00:00,730.74,1060.93,401.52,809.05,0
2005-03-30,00:00,-120.27,418.69,-568.06,-168.65,0
2005-03-31,00:00,-89.74,290.0,-449.84,-19.75,0
2005-04-01,00:00,484.04,662.99,159.89,454.12,0
2005-04-04,00:00,571.45,886.23,271.44,533.48,0
2005-04-05,00:00,325.04,738.61,-25.6,367.19,0
2005-04-06,00:00,-673.34,-269.42,-725.93,-540.75,0
2005-04-07,00:00,1344.33,1907.04,872.73,1363.96,0
2005-04-08,00:00,467.29,960.11,89.08,538.99,0
2005-04-11,00:00,-408.99,-56.36,-921.22,-475.56,0
2005-04-12,00:00,274.69,672.22,-192.21,301.48,0
2005-04-13,00:00,-261.23,135.12,-627.05,-259.95,0
2005-04-14,00:00,450.88,593.19,116.37,447.64,0
2005-04-15,00:00,-275.39,155.17,-635.76,-291.15,0
2005-04-18,00:00,-556.55,-33.55,-1052.33,-587.7,0
2005-04-19,00:00,-410.51,-147.02,-704.86,-444.92,0
2005-04-20,00:00,834.46,1061.42,321.63,767.29,0
2005-04-21,00:00,-504.3,-175.31,-1055.92,-508.58,0
2005-04-22,00:00,-131.94,228.53,-288.34,6.78,0
2005-04-25,00:00,-167.71,328.83,-765.3,-208.95,0
2005-04-26,00:00,-993.49,-493.5,-1467.1,-1009.76,0
2005-04-27,00:00,7.98,250.48,-426.09,-61.49,0
2005-04-28,00:00,538.42,762.73,168.72,528.29,0
2005-04-29,00:00,-307.55,0.1,-641.37,-361.23,0
2005-05-02,00:00,252.6,573.07,-126.43,235.03,0
2005-05-03,00:00,-855.8,-465.94,-1309.26,-853.76,0
2005-05-04,00:00,182.4,560.12,6.39,354.89,0
2005-05-05,00:00,-90.61,214.45,-364.52,-68.29,0
2005-05-06,00:00,495.12,826.96,71.09,448.87,0
2005-05-09,00:00,298.99,812.41,-386.8,259.25,0
2005-05-10,00:00,415.68,794.62,-31.43,436.65,0
2005-05-11,00:00,-348.6,161.29,-785.72,-274.38,0
2005-05-12,00:00,-925.3,-608.57,-1411.2,-981.93,0
2005-05-13,00:00,119.06,449.15,-152.13,157.24,0
2005-05-16,00:00,255.32,756.11,-149.61,227.5,0
2005-05-17,00:00,347.38,562.16,-136.44,309.42,0
2005-05-18,00:00,453.1,801.15,236.48,490.0,0
2005-05-19,00:00,241.74,518.87,-127.77,295.6,0
2005-05-20,00:00,439.68,668.39,-6.46,409.63,0
2005-05-23,00:00,139.39,638.53,-131.72,200.49,0
2005-05-24,00:00,294.02,613.72,89.09,385.1,0
2005-05-25,00:00,-290.02,262.31,-796.19,-362.6,0
2005-05-26,00:00,690.14,1140.17,330.63,713.62,0
2005-05-27,00:00,1200.37,1589.59,754.55,1214.77,0
2005-05-30,00:00,585.83,908.57,-4.33,492.44,0
2005-05-31,00:00,157.88,632.7,-175.66,178.12,0
2005-06-01,00:00,773.62,1244.86,586.66,820.55,0
2005-06-02,00:00,771.97,1029.26,673.41,791.32,0
2005-06-03,00:00,-450.73,-149.04,-700.35,-460.01,0
2005-06-06,00:00,614.27,1097.62,398.46,711.45,0
2005-06-07,00:00,10.1,156.27,-367.78,-50.41,0
2005-06-08,00:00,198.8,621.33,25.54,314.63,0
2005-06-09,00:00,-186.59,434.88,-429.58,-34.88,0
2005-06-10,00:00,56.17,396.03,-373.75,15.03,0
2005-06-13,00:00,404.25,619.98,193.94,395.41,0
2005-06-14,00:00,926.86,1132.74,727.29,1002.09,0
2005-06-15,00:00,629.49,958.75,276.73,654.73,0
2005-06-16,00:00,131.87,510.32,-138.94,109.6,0
2005-06-17,00:00,-338.48,188.14,-687.86,-300.7,0
2005-06-20,00:00,545.47,963.14,163.9,519.49,0
2005-06-21,00:00,90.72,492.97,-151.83,140.47,0
2005-06-22,00:00,275.96,754.1,-98.37,399.43,0
2005-06-23,00:00,344.72,557.53,107.81,316.14,0
2005-06-24,00:00,-933.66,-628.51,-1370.89,-1037.35,0
2005-06-27,00:00,605.86,947.86,181.97,551.39,0
2005-06-28,00:00,-566.66,27.03,-996.98,-491.89,0
2005-06-29,00:00,625.8,864.32,188.64,581.92,0
2005-06-30,00:00,-179.94,134.21,-713.59,-275.56,0
2005-07-01,00:00,-1038.31,-582.84,-1295.24,-942.13,0
2005-07-04,00:00,435.71,926.9,-76.98,442.94,0
2005-07-05,00:00,-66.71,369.59,-502.15,-109.33,0
2005-07-06,00:00,-363.51,-49.96,-714.75,-362.68,0
2005-07-07,00:00,528.27,933.76,248.32,577.9,0
2005-07-08,00:00,231.19,481.43,-372.82,151.83,0
2005-07-11,00:00,261.29,734.6,-158.28,289.31,0
2005-07-12,00:00,-423.8,155.34,-942.64,-491.84,0
2005-07-13,00:00,508.02,826.63,108.22,470.77,0
2005-07-14,00:00,376.97,774.42,219.74,481.02,0
2005-07-15,00:00,84.95,453.43,-375.41,-1.42,0
2005-07-18,00:00,148.25,483.11,-329.93,48.92,0
2005-07-19,00:00,222.72,694.75,-324.7,221.79,0
2005-07-20,00:00,79.44,417.61,-326.16,-67.53,0
2005-07-21,00:00,-45.05,141.4,-443.69,-77.66,0
2005-07-22,00:00,352.91,871.87,127.06,389.18,0
2005-07-25,00:00,242.82,669.85,-159.66,320.91,0
2005-07-26,00:00,-61.5,606.96,-500.19,22.59,0
2005-07-27,00:00,-97.27,305.58,-443.38,-56.63,0
2005-07-28,00:00,144.08,464.73,-298.86,31.03,0
2005-07-29,00:00,-617.18,-255.01,-1149.11,-670.87,0
2005-08-01,00:00,-279.97,125.17,-456.69,-166.8,0
2005-08-02,00:00,-271.74,182.84,-686.2,-225.8,0
2005-08-03,00:00,807.56,1247.79,198.78,706.6,0
2005-08-04,00:00,-642.02,-271.75,-995.32,-544.49,0
2005-08-05,00:00,-597.87,-361.33,-1007.7,-656.29,0
2005-08-08,00:00,511.38,1003.44,71.68,595.26,0
2005-08-09,00:00,541.07,920.31,42.9,526.13,0
2005-08-10,00:00,-7.9,347.77,-393.32,-20.18,0
2005-08-11,00:00,-517.32,-24.66,-943.66,-506.73,0
2005-08-12,00:00,253.89,582.33,-54.24,189.9,0
2005-08-15,00:00,122.07,532.95,-430.11,80.97,0
2005-08-16,00:00,724.75,1029.34,358.95,744.76,0
2005-08-17,00:00,532.46,630.64,150.36,455.54,0
2005-08-18,00:00,-19.57,355.53,-551.2,15.79,0
2005-08-19,00:00,188.46,547.26,-254.27,223.07,0
2005-08-22,00:00,163.63,237.07,-85.1,54.29,0
2005-08-23,00:00,-694.52,-484.54,-1196.53,-726.5,0
2005-08-24,00:00,289.02,799.71,-101.15,334.36,0
2005-08-25,00:00,251.41,423.61,-382.9,53.86,0
2005-08-26,00:00,384.64,952.54,-88.0,426.51,0
2005-08-29,00:00,-500.44,-373.39,-886.26,-594.69,0
2005-08-30,00:00,201.4,447.81,-294.05,47.56,0
2005-08-31,00:00,667.1,1100.77,422.39,708.44,0
2005-09-01,00:00,151.71,438.62,-158.3,189.33,0
2005-09-02,00:00,-864.49,-282.66,-1122.92,-744.64,0
2005-09-05,00:00,592.45,929.69,-24.29,516.93,0
2005-09-06,00:00,-7.54,394.7,-541.82,-52.17,0
2005-09-07,00:00,136.6,568.31,-135.87,212.66,0
2005-09-08,00:00,37.83,167.1,-158.17,-21.95,0
2005-09-09,00:00,623.88,1009.26,5.94,537.47,0
2005-09-12,00:00,-708.93,-669.08,-1167.55,-893.63,0
2005-09-13,00:00,687.71,1010.89,186.74,723.66,0
2005-09-14,00:00,-700.28,-386.52,-1245.82,-811.74,0
2005-09-15,00:00,43.29,295.15,-245.3,27.09,0
2005-09-16,00:00,128.02,416.65,-387.73,83.34,0
2005-09-19,00:00,19.28,358.59,-523.99,-98.02,0
2005-09-20,00:00,-70.84,197.96,-512.23,-194.37,0
2005-09-21,00:00,-663.15,-331.28,-1255.83,-754.82,0
2005-09-22,00:00,-763.09,-523.5,-1085.75,-804.2,0
2005-09-23,00:00,667.16,1087.02,278.15,675.18,0
2005-09-26,00:00,-413.85,38.71,-1040.25,-455.3,0
2005-09-27,00:00,82.69,387.82,-468.41,-139.95,0
2005-09-28,00:00,114.92,416.13,-272.91,58.5,0
2005-09-29,00:00,32.37,361.32,-256.9,54.94,0
2005-09-30,00:00,135.92,637.52,-326.13,79.16,0
2005-10-03,00:00,626.07,1067.46,276.92,683.76,0
2005-10-04,00:00,-363.65,79.44,-732.28,-218.08,0
2005-10-05,00:00,56.57,606.25,-317.44,90.04,0
2005-10-06,00:00,-234.51,131.54,-688.83,-302.7,0
2005-10-07,00:00,293.31,862.3,-50.01,378.19,0
2005-10-10,00:00,-239.95,107.52,-555.0,-306.71,0
2005-10-11,00:00,895.52,920.62,452.73,795.45,0
2005-10-12,00:00,628.8,1204.92,223.26,636.36,0
2005-10-13,00:00,413.8,620.26,209.21,443.31,0
2005-10-14,00:00,-771.51,-508.81,-1305.21,-929.03,0
2005-10-17,00:00,425.09,793.29,110.79,509.94,0
2005-10-18,00:00,-7.95,398.28,-544.58,-96.56,0
2005-10-19,00:00,-508.51,-16.64,-878.36,-482.75,0
2005-10-20,00:00,162.55,688.55,-212.4,122.37,0
2005-10-21,00:00,1518.03,1900.27,1035.32,1507.21,0
2005-10-24,00:00,-200.5,-112.28,-504.59,-297.31,0
2005-10-25,00:00,-432.29,-134.01,-801.06,-405.1,0
2005-10-26,00:00,260.36,460.18,-139.11,320.79,0
2005-10-27,00:00,-305.86,206.37,-835.33,-220.09,0
2005-10-28,00:00,548.98,940.41,275.15,567.08,0
2005-10-31,00:00,-267.83,94.31,-487.53,-181.37,0
2005-11-01,00:00,-579.45,-127.81,-904.27,-568.57,0
2005-11-02,00:00,135.55,760.57,-288.26,199.46,0
2005-11-03,00:00,-530.83,-133.98,-967.99,-600.93,0
2005-11-04,00:00,-969.6,-739.04,-1383.14,-1049.54,0
2005-11-07,00:00,-243.78,75.65,-590.69,-285.17,0
2005-11-08,00:00,-54.23,512.73,-272.01,165.0,0
2005-11-09,00:00,-39.99,241.47,-484.33,-195.9,0
2005-11-10,00:00,638.75,976.54,407.86,646.75,0
2005-11-11,00:00,471.95,691.88,158.56,405.75,0
2005-11-14,00:00,-487.52,-63.4,-717.5,-435.58,0
2005-11-15,00:00,-436.56,-158.02,-874.96,-488.51,0
2005-11-16,00:00,61.18,341.55,16.92,87.63,0
2005-11-17,00:00,-117.33,454.13,-590.08,-54.65,0
2005-11-18,00:00,1224.89,1721.0,695.03,1213.81,0
2005-11-21,00:00,462.52,802.19,163.72,463.88,0
2005-11-22,00:00,907.82,1316.49,503.22,891.12,0
2005-11-23,00:00,467.42,814.55,159.35,395.32,0
2005-11-24,00:00,-123.72,204.43,-557.77,-229.42,0
2005-11-25,00:00,517.23,958.61,196.76,590.2,0
2005-11-28,00:00,183.0,338.12,-358.72,5.59,0
2005-11-29,00:00,575.08,839.94,261.97,536.48,0
2005-11-30,00:00,48.56,441.33,-201.48,146.64,0
2005-12-01,00:00,-186.22,-37.82,-616.31,-228.42,0
2005-12-02,00:00,-279.77,-132.69,-597.03,-280.46,0
2005-12-05,00:00,-186.19,373.99,-427.29,-81.02,0
2005-12-06,00:00,-252.92,45.85,-781.83,-290.3,0
2005-12-07,00:00,65.27,506.48,-308.6,74.66,0
2005-12-08,00:00,904.88,1250.05,479.01,918.72,0
2005-12-09,00:00,479.0,619.35,-23.32,348.02,0
2005-12-12,00:00,-140.33,118.22,-438.76,-119.77,0
2005-12-13,00:00,-151.64,-40.03,-506.3,-327.52,0
2005-12-14,00:00,173.8,615.25,-173.01,242.71,0
2005-12-15,00:00,779.01,1198.27,603.87,843.62,0
2005-12-16,00:00,-833.98,-563.77,-1157.19,-789.28,0
2005-12-19,00:00,-78.02,146.71,-304.67,-102.86,0
2005-12-20,00:00,-339.63,106.88,-990.32,-330.19,0
2005-12-21,00:00,724.49,923.48,383.82,674.63,0
2005-12-22,00:00,1107.91,1375.7,710.66,1129.51,0
2005-12-23,00:00,16.78,386.61,-316.99,68.7,0
2005-12-26,00:00,-49.83,268.53,-422.23,-59.85,0
2005-12-27,00:00,-36.97,251.45,-546.56,-178.06,0
2005-12-28,00:00,-222.58,277.2,-666.17,-192.81,0
2005-12-29,00:00,292.17,572.75,182.16,344.9,0
2005-12-30,00:00,-194.93,196.02,-480.88,-38.95,0
2006-01-02,00:00,254.34,635.12,-7.48,322.6,0
2006-01-03,00:00,310.71,545.01,-249.23,238.04,0
2006-01-04,00:00,-103.4,267.58,-555.73,-39.75,0
2006-01-05,00:00,366.55,787.28,165.62,460.68,0
2006-01-06,00:00,505.47,832.36,107.96,448.95,0
2006-01-09,00:00,96.53,404.0,-221.91,142.63,0
2006-01-10,00:00,-564.34,-121.29,-924.12,-488.59,0
2006-01-11,00:00,-269.37,152.97,-490.18,-149.4,0
2006-01-12,00:00,359.53,808.27,-115.03,380.5,0
2006-01-13,00:00,-109.57,432.47,-307.14,-6.97,0
2006-01-16,00:00,-772.41,-264.6,-1030.76,-689.71,0
2006-01-17,00:00,-97.06,330.35,-483.2,-109.25,0
2006-01-18,00:00,445.53,721.34,161.56,493.99,0
2006-01-19,00:00,544.79,953.54,187.22,533.98,0
2006-01-20,00:00,885.88,1289.3,473.1,862.6,0
2006-01-23,00:00,-209.09,317.35,-383.84,-93.12,0
2006-01-24,00:00,-488.46,-234.31,-975.78,-605.88,0
2006-01-25,00:00,-67.74,358.8,-564.79,-16.02,0
2006-01-26,00:00,696.58,1092.43,115.92,682.66,0
2006-01-27,00:00,-1224.71,-907.96,-1632.92,-1315.08,0
2006-01-30,00:00,-769.91,-346.04,-1047.38,-888.15,0
2006-01-31,00:00,-241.02,169.66,-586.75,-253.56,0
2006-02-01,00:00,277.31,700.84,-111.53,288.55,0
2006-02-02,00:00,-252.81,100.43,-299.1,-165.55,0
2006-02-03,00:00,-617.22,-350.74,-1069.05,-678.42,0
2006-02-06,00:00,-696.63,-363.05,-1291.52,-749.52,0
2006-02-07,00:00,-451.08,-52.45,-1058.29,-486.63,0
2006-02-08,00:00,332.37,684.26,-147.03,286.07,0
2006-02-09,00:00,-592.53,-117.75,-1007.37,-543.48,0
2006-02-10,00:00,-263.99,78.81,-692.97,-324.94,0
2006-02-13,00:00,271.03,616.45,-217.61,277.1,0
2006-02-14,00:00,132.27,443.49,-113.17,190.13,0
2006-02-15,00:00,126.78,398.03,-236.71,-8.12,0
2006-02-16,00:00,-367.46,20.57,-814.45,-342.39,0
2006-02-17,00:00,-513.37,-120.31,-830.74,-576.27,0
2006-02-20,00:00,-463.69,41.42,-990.3,-441.83,0
2006-02-21,00:00,-232.81,184.81,-451.58,-106.78,0
2006-02-22,00:00,-67.83,169.85,-385.81,-85.91,0
2006-02-23,00:00,243.69,804.57,-55.99,387.07,0
2006-02-24,00:00,114.4,372.23,-262.87,0.86,0
2006-02-27,00:00,-143.56,145.31,-371.32,-144.85,0
2006-02-28,00:00,238.27,718.65,-187.55,232.17,0
2006-03-01,00:00,93.77,478.78,-214.07,182.6,0
2006-03-02,00:00,-488.91,22.55,-1027.64,-493.81,0
2006-03-03,00:00,-57.13,292.74,-473.89,-81.61,0
2006-03-06,00:00,218.37,639.14,-131.74,398.08,0
2006-03-07,00:00,315.65,696.68,3.18,291.19,0
2006-03-08,00:00,-371.57,-203.74,-573.68,-312.62,0
2006-03-09,00:00,73.08,561.12,-264.93,42.01,0
2006-03-10,00:00,248.35,865.33,-343.47,296.9,0
2006-03-13,00:00,472.0,865.01,188.58,523.51,0
2006-03-14,00:00,54.09,451.82,-245.98,82.36,0
2006-03-15,00:00,-66.46,234.82,-586.07,-89.13,0
2006-03-16,00:00,-309.66,156.38,-669.52,-225.68,0
2006-03-17,00:00,459.52,1019.62,-87.72,452.34,0
2006-03-20,00:00,580.11,971.42,167.93,550.44,0
2006-03-21,00:00,-86.52,408.12,-540.49,-71.96,0
2006-03-22,00:00,94.5,454.83,-322.82,117.03,0
2006-03-23,00:00,-132.38,97.82,-704.44,-234.11,0
2006-03-24,00:00,-209.74,322.74,-521.6,-86.77,0
2006-03-27,00:00,277.88,677.26,2.19,257.37,0
2006-03-28,00:00,120.66,653.49,-188.21,286.2,0
2006-03-29,00:00,524.14,1066.46,310.03,648.13,0
2006-03-30,00:00,-449.19,-56.16,-899.97,-500.64,0
2006-03-31,00:00,-907.52,-397.22,-1304.18,-848.04,0
2006-04-03,00:00,-785.92,-272.21,-1150.69,-690.81,0
2006-04-04,00:00,743.97,1140.29,211.07,722.5,0
2006-04-05,00:00,728.27,1017.2,353.83,656.23,0
2006-04-06,00:00,-219.48,172.98,-477.34,-210.26,0
2006-04-07,00:00,511.74,897.34,312.95,574.33,0
2006-04-10,00:00,387.59,876.43,335.69,554.63,0
2006-04-11,00:00,25.68,265.27,-169.66,82.49,0
2006-04-12,00:00,292.04,963.53,-153.17,387.85,0
2006-04-13,00:00,-8.71,282.11,-408.25,18.82,0
2006-04-14,00:00,-332.51,18.87,-727.54,-314.43,0
2006-04-17,00:00,-215.39,86.93,-620.86,-268.25,0
2006-04-18,00:00,-911.41,-259.9,-1104.72,-755.36,0
2006-04-19,00:00,123.32,586.29,-411.23,36.96,0
2006-04-20,00:00,-872.97,-448.19,-1216.45,-867.34,0
2006-04-21,00:00,-333.11,37.13,-748.27,-360.42,0
2006-04-24,00:00,157.58,510.27,-103.73,155.75,0
2006-04-25,00:00,-74.74,181.28,-267.21,15.65,0
2006-04-26,00:00,56.43,432.38,-166.36,117.84,0
2006-04-27,00:00,-319.87,-87.53,-621.18,-394.5,0
2006-04-28,00:00,906.66,1231.76,581.0,934.41,0
2006-05-01,00:00,-270.37,-51.78,-469.96,-262.52,0
2006-05-02,00:00,-196.43,452.6,-648.27,-124.79,0
2006-05-03,00:00,-177.24,128.2,-606.2,-156.88,0
2006-05-04,00:00,480.32,939.37,196.9,584.89,0
2006-05-05,00:00,-755.37,-329.52,-1126.87,-769.01,0
2006-05-08,00:00,-573.1,-308.86,-907.94,-573.57,0
2006-05-09,00:00,68.7,483.94,-243.68,86.06,0
2006-05-10,00:00,-679.3,-370.89,-1126.02,-727.86,0
2006-05-11,00:00,190.05,691.84,-46.46,252.6,0
2006-05-12,00:00,-437.25,-61.44,-945.27,-462.54,0
2006-05-15,00:00,181.16,624.57,106.09,401.33,0
2006-05-16,00:00,285.39,862.08,-76.11,334.59,0
2006-05-17,00:00,-213.34,252.85,-725.21,-244.59,0
2006-05-18,00:00,122.63,514.57,-274.48,163.28,0
2006-05-19,00:00,-256.74,72.14,-568.07,-176.53,0
2006-05-22,00:00,113.46,397.56,-234.95,64.22,0
2006-05-23,00:00,238.86,718.25,-299.8,212.07,0
2006-05-24,00:00,355.52,710.84,-90.42,320.55,0
2006-05-25,00:00,-137.4,335.84,-356.32,-81.58,0
2006-05-26,00:00,-675.77,-362.45,-1035.69,-690.23,0
2006-05-29,00:00,-295.87,-55.21,-684.99,-335.26,0
2006-05-30,00:00,556.62,1026.41,497.57,569.48,0
2006-05-31,00:00,-1303.3,-675.78,-1561.76,-1206.84,0
2006-06-01,00:00,583.84,1086.77,283.57,665.89,0
2006-06-02,00:00,657.42,1130.25,231.61,707.76,0
2006-06-05,00:00,-303.44,59.91,-610.91,-286.32,0
2006-06-06,00:00,-421.57,-150.36,-682.42,-519.8,0
2006-06-07,00:00,-464.41,138.48,-806.92,-343.29,0
2006-06-08,00:00,9.49,347.69,-129.03,-11.72,0
2006-06-09,00:00,-520.18,-49.02,-1054.19,-585.6,0
2006-06-12,00:00,-30.1,371.04,-506.75,-12.72,0
2006-06-13,00:00,568.72,1241.73,284.2,636.55,0
2006-06-14,00:00,352.27,728.56,-200.92,236.46,0
2006-06-15,00:00,299.14,632.76,24.03,292.96,0
2006-06-16,00:00,762.31,1231.51,556.55,774.68,0
2006-06-19,00:00,270.42,612.69,-164.45,170.12,0
2006-06-20,00:00,-626.86,-321.45,-960.46,-597.06,0
2006-06-21,00:00,-455.58,-48.47,-813.72,-419.94,0
2006-06-22,00:00,-119.83,232.76,-404.16,-99.93,0
2006-06-23,00:00,412.8,876.61,119.23,553.22,0
2006-06-26,00:00,-786.69,-361.58,-945.56,-772.25,0
2006-06-27,00:00,-557.0,-99.92,-866.42,-452.53,0
2006-06-28,00:00,46.09,383.61,-446.48,41.5,0
2006-06-29,00:00,980.11,1367.94,624.18,981.31,0
2006-06-30,00:00,26.46,414.53,-448.1,-17.96,0
2006-07-03,00:00,218.25,546.43,0.9,235.65,0
2006-07-04,00:00,276.22,692.59,-9.73,385.37,0
2006-07-05,00:00,173.41,550.26,-447.95,82.53,0
2006-07-06,00:00,88.77,258.31,-219.0,-29.4,0
2006-07-07,00:00,-944.7,-426.56,-1414.49,-932.48,0
2006-07-10,00:00,-145.89,336.65,-508.5,-127.91,0
2006-07-11,00:00,-446.9,-231.25,-777.16,-526.11,0
2006-07-12,00:00,374.16,566.61,-480.58,104.15,0
2006-07-13,00:00,1084.04,1160.74,899.15,1117.61,0
2006-07-14,00:00,-239.37,126.19,-499.4,-266.88,0
2006-07-17,00:00,537.54,908.17,151.53,554.48,0
2006-07-18,00:00,-289.07,266.47,-791.72,-201.23,0
2006-07-19,00:00,-165.53,43.67,-352.42,-161.02,0
2006-07-20,00:00,158.15,670.25,-453.5,68.66,0
2006-07-21,00:00,6.84,144.23,-320.01,-65.67,0
2006-07-24,00:00,165.14,379.49,-239.18,51.98,0
2006-07-25,00:00,-294.4,275.69,-560.54,-180.44,0
2006-07-26,00:00,-42.61,477.04,-471.15,-46.27,0
2006-07-27,00:00,-490.58,-131.24,-912.03,-529.98,0
2006-07-28,00:00,-1226.92,-815.61,-1349.31,-1045.05,0
2006-07-31,00:00,71.97,600.26,-257.49,58.85,0
2006-08-01,00:00,-146.61,331.59,-597.75,-180.86,0
2006-08-02,00:00,248.54,607.86,-128.02,291.82,0
2006-08-03,00:00,390.57,782.15,-53.55,393.67,0
2006-08-04,00:00,-73.35,360.78,-495.46,-138.56,0
2006-08-07,00:00,-711.24,-370.41,-1061.59,-774.07,0
2006-08-08,00:00,492.77,786.98,213.66,434.2,0
2006-08-09,00:00,-167.04,206.93,-545.99,-189.72,0
2006-08-10,00:00,182.43,518.62,-363.13,126.35,0
2006-08-11,00:00,-357.65,284.64,-811.77,-214.35,0
2006-08-14,00:00,-146.24,294.06,-685.01,-181.89,0
2006-08-15,00:00,-796.44,-511.85,-1053.07,-856.57,0
2006-08-16,00:00,434.28,594.24,2.84,387.24,0
2006-08-17,00:00,-323.67,206.23,-580.51,-139.88,0
2006-08-18,00:00,652.68,983.32,425.79,619.93,0
2006-08-21,00:00,1125.45,1584.13,654.3,1098.46,0
2006-08-22,00:00,57.1,71.69,-362.33,-119.39,0
2006-08-23,00:00,-500.24,-61.93,-902.47,-538.02,0
2006-08-24,00:00,147.71,498.54,-207.0,159.33,0
2006-08-25,00:00,298.55,733.47,-321.13,210.61,0
2006-08-28,00:00,880.52,1341.93,391.59,971.57,0
2006-08-29,00:00,552.84,1061.05,124.91,663.81,0
2006-08-30,00:00,-968.82,-641.67,-1455.25,-1058.69,0
2006-08-31,00:00,423.39,813.81,121.55,470.72,0
2006-09-01,00:00,-126.32,213.92,-408.94,-139.15,0
2006-09-04,00:00,-586.05,-394.88,-686.66,-560.46,0
2006-09-05,00:00,35.39,531.93,-215.96,70.0,0
2006-09-06,00:00,1120.1,1646.38,772.7,1259.45,0
2006-09-07,00:00,477.92,672.59,180.98,445.59,0
2006-09-08,00:00,234.96,516.33,-92.52,253.46,0
2006-09-11,00:00,-628.79,-118.79,-990.24,-505.69,0
2006-09-12,00:00,346.93,739.34,-27.05,317.98,0
2006-09-13,00:00,630.88,886.75,230.43,575.74,0
2006-09-14,00:00,-760.24,-353.01,-1048.05,-750.27,0
2006-09-15,00:00,734.19,1359.77,404.53,886.64,0
2006-09-18,00:00,363.86,710.94,-119.82,323.18,0
2006-09-19,00:00,253.56,818.82,-44.82,417.86,0
2006-09-20,00:00,633.34,1087.96,225.16,643.17,0
2006-09-21,00:00,521.33,838.66,89.4,409.35,0
2006-09-22,00:00,139.99,673.57,-82.19,258.14,0
2006-09-25,00:00,122.79,534.17,-396.49,126.12,0
2006-09-26,00:00,4.88,491.72,-331.65,19.76,0
2006-09-27,00:00,-392.6,214.55,-929.85,-391.01,0
2006-09-28,00:00,-477.71,-13.22,-746.17,-320.09,0
2006-09-29,00:00,-674.0,-343.6,-919.27,-643.68,0
2006-10-02,00:00,189.37,445.29,-156.52,205.87,0
2006-10-03,00:00,-1017.25,-620.26,-1625.1,-1015.55,0
2006-10-04,00:00,78.91,443.08,-384.96,18.18,0
2006-10-05,00:00,156.43,658.8,-102.24,203.33,0
2006-10-06,00:00,546.31,877.43,268.41,616.96,0
2006-10-09,00:00,-632.72,-98.39,-999.27,-557.21,0
2006-10-10,00:00,-56.44,204.17,-417.32,-178.32,0
2006-10-11,00:00,154.14,673.89,85.6,246.4,0
2006-10-12,00:00,-462.75,-170.13,-782.02,-479.02,0
2006-10-13,00:00,258.23,690.95,-239.44,139.88,0
2006-10-16,00:00,480.3,972.7,288.46,602.57,0
2006-10-17,00:00,-444.5,29.99,-871.89,-442.31,0
2006-10-18,00:00,-85.68,298.76,-540.22,-101.75,0
2006-10-19,00:00,511.41,981.14,269.61,554.54,0
2006-10-20,00:00,-98.01,227.4,-490.02,-345.12,0
2006-10-23,00:00,-185.55,54.65,-622.89,-309.13,0
2006-10-24,00:00,433.42,755.57,-68.51,425.91,0
2006-10-25,00:00,-232.75,-52.56,-695.83,-286.23,0
2006-10-26,00:00,-135.12,11.03,-540.08,-289.17,0
2006-10-27,00:00,-179.94,171.41,-640.09,-223.9,0
2006-10-30,00:00,-287.7,67.72,-692.67,-417.82,0
2006-10-31,00:00,776.86,978.91,496.51,755.59,0
2006-11-01,00:00,1186.75,1540.32,843.69,1210.06,0
2006-11-02,00:00,219.77,665.18,73.14,260.13,0
2006-11-03,00:00,627.37,792.45,-87.4,414.93,0
2006-11-06,00:00,136.21,601.01,-120.85,199.86,0
2006-11-07,00:00,357.71,567.96,-0.16,319.77,0
2006-11-08,00:00,-219.6,37.18,-648.96,-305.45,0
2006-11-09,00:00,299.84,494.86,-211.92,201.6,0
2006-11-10,00:00,-383.28,-118.31,-731.43,-384.44,0
2006-11-13,00:00,-195.9,124.0,-553.98,-318.02,0
2006-11-14,00:00,-277.1,264.81,-463.78,-167.63,0
2006-11-15,00:00,704.04,1105.27,415.31,758.31,0
2006-11-16,00:00,2074.09,2653.67,1495.05,2072.57,0
2006-11-17,00:00,-1.62,479.04,-433.34,48.71,0
2006-11-20,00:00,278.13,644.32,-22.25,345.91,0
2006-11-21,00:00,653.0,985.43,37.89,515.89,0
2006-11-22,00:00,-264.93,118.34,-596.25,-323.04,0
2006-11-23,00:00,766.25,976.68,316.38,612.73,0
2006-11-24,00:00,121.37,460.53,-137.09,203.27,0
2006-11-27,00:00,-194.53,442.51,-665.02,-133.49,0
2006-11-28,00:00,241.07,517.43,-165.85,261.7,0
2006-11-29,00:00,-287.47,119.98,-800.42,-393.62,0
2006-11-30,00:00,36.96,315.61,-468.06,0.48,0
2006-12-01,00:00,-240.31,192.24,-451.49,-157.34,0
2006-12-04,00:00,198.92,585.35,-218.55,124.61,0
2006-12-05,00:00,-84.16,318.52,-423.92,-49.62,0
2006-12-06,00:00,412.38,880.34,-2.18,426.85,0
2006-12-07,00:00,-63.39,437.47,-267.04,-4.48,0
2006-12-08,00:00,81.6,526.03,-204.93,185.16,0
2006-12-11,00:00,-504.2,127.16,-814.18,-382.16,0
2006-12-12,00:00,-41.54,380.36,-476.07,-7.62,0
2006-12-13,00:00,1163.99,1577.99,782.99,1230.67,0
2006-12-14,00:00,-273.0,139.1,-808.55,-332.97,0
2006-12-15,00:00,42.25,484.99,-577.99,-134.31,0
2006-12-18,00:00,-823.17,-540.59,-1034.85,-831.39,0
2006-12-19,00:00,-527.2,-247.69,-855.65,-495.44,0
2006-12-20,00:00,35.35,523.73,-310.92,115.57,0
2006-12-21,00:00,-417.9,130.45,-576.47,-296.25,0
2006-12-22,00:00,-198.81,264.31,-438.4,-157.15,0
2006-12-25,00:00,99.94,381.73,-287.63,86.45,0
2006-12-26,00:00,-19.27,224.11,-300.4,34.2,0
2006-12-27,00:00,559.99,1190.76,30.32,610.52,0
2006-12-28,00:00,386.13,874.06,-94.59,325.46,0
2006-12-29,00:00,-756.62,-29.49,-1259.82,-660.54,0
2007-01-01,00:00,329.5,763.29,-259.25,349.61,0
2007-01-02,00:00,-622.47,-520.79,-857.96,-690.89,0
2007-01-03,00:00,400.04,787.42,72.77,488.8,0
2007-01-04,00:00,-61.66,395.35,-411.13,-132.65,0
2007-01-05,00:00,-463.81,-103.06,-840.24,-423.84,0
2007-01-08,00:00,-162.08,127.92,-625.26,-244.36,0
2007-01-09,00:00,695.99,936.3,388.01,658.23,0
2007-01-10,00:00,-403.93,-129.83,-624.6,-386.79,0
2007-01-11,00:00,452.37,871.09,177.5,608.92,0
2007-01-12,00:00,-316.32,223.36,-655.83,-293.83,0
2007-01-15,00:00,328.07,642.52,-124.32,238.97,0
2007-01-16,00:00,72.78,671.22,-54.54,243.57,0
2007-01-17,00:00,-783.36,-380.94,-1210.8,-762.73,0
2007-01-18,00:00,382.1,884.95,-62.16,436.88,0
2007-01-19,00:00,583.71,1136.67,207.79,717.94,0
2007-01-22,00:00,-361.08,121.62,-852.5,-352.09,0
2007-01-23,00:00,-263.03,-93.1,-528.71,-270.33,0
2007-01-24,00:00,1921.96,2591.66,1739.5,2120.41,0
2007-01-25,00:00,-817.23,-344.41,-1132.47,-763.49,0
2007-01-26,00:00,228.81,521.37,-51.44,290.52,0
2007-01-29,00:00,919.86,1373.42,476.27,832.21,0
2007-01-30,00:00,65.67,375.77,-268.94,40.07,0
2007-01-31,00:00,1073.04,1232.35,754.81,1010.85,0
2007-02-01,00:00,163.09,331.57,-218.41,14.37,0
2007-02-02,00:00,-466.25,-180.88,-654.53,-440.38,0
2007-02-05,00:00,161.81,683.06,-51.87,304.06,0
2007-02-06,00:00,-540.71,-338.7,-701.84,-552.26,0
2007-02-07,00:00,535.96,1082.48,297.34,702.53,0
2007-02-08,00:00,262.55,789.37,-34.47,242.0,0
2007-02-09,00:00,-585.2,-110.56,-954.15,-556.61,0
2007-02-12,00:00,483.72,666.03,-6.3,339.77,0
2007-02-13,00:00,-464.89,132.41,-825.24,-417.62,0
2007-02-14,00:00,766.79,987.17,355.84,690.29,0
2007-02-15,00:00,-429.46,-31.15,-806.92,-400.87,0
2007-02-16,00:00,82.4,464.41,-345.04,100.87,0
2007-02-19,00:00,524.65,829.97,112.13,383.46,0
2007-02-20,00:00,1174.24,1508.11,548.72,1077.28,0
2007-02-21,00:00,-484.9,-23.94,-1133.07,-545.05,0
2007-02-22,00:00,531.83,932.82,-12.72,543.52,0
2007-02-23,00:00,-104.0,460.93,-228.38,4.67,0
2007-02-26,00:00,1141.51,1460.8,656.47,1137.67,0
2007-02-27,00:00,-6.63,398.49,-367.95,83.25,0
2007-02-28,00:00,431.67,860.91,-26.31,283.85,0
2007-03-01,00:00,-190.78,344.62,-549.58,-123.78,0
2007-03-02,00:00,204.47,583.76,-91.81,269.63,0
2007-03-05,00:00,179.66,513.58,-200.6,213.53,0
2007-03-06,00:00,327.73,707.33,-118.64,291.79,0
2007-03-07,00:00,195.44,628.57,-333.09,175.18,0
2007-03-08,00:00,-305.83,240.51,-690.86,-274.03,0
2007-03-09,00:00,88.57,419.82,-470.87,-32.23,0
2007-03-12,00:00,119.51,471.83,-223.08,118.66,0
2007-03-13,00:00,224.13,812.95,-244.33,256.62,0
2007-03-14,00:00,-1061.87,-482.57,-1266.02,-1079.55,0
2007-03-15,00:00,-700.27,-352.46,-1170.84,-742.26,0
2007-03-16,00:00,393.81,723.78,-217.55,268.99,0
2007-03-19,00:00,884.87,1139.69,595.0,875.77,0
2007-03-20,00:00,384.75,701.13,-215.67,315.46,0
2007-03-21,00:00,735.58,1126.76,394.81,727.05,0
2007-03-22,00:00,-575.43,102.13,-782.4,-414.69,0
2007-03-23,00:00,554.77,878.22,334.98,675.47,0
2007-03-26,00:00,-299.22,-201.36,-827.44,-488.83,0
2007-03-27,00:00,-773.16,-194.77,-1123.47,-698.84,0
2007-03-28,00:00,-535.5,59.71,-624.43,-338.44,0
2007-03-29,00:00,192.55,627.71,-44.56,249.83,0
2007-03-30,00:00,308.05,520.6,-52.41,195.69,0
2007-04-02,00:00,-506.21,75.75,-874.77,-441.66,0
2007-04-03,00:00,-304.11,52.83,-709.55,-337.55,0
2007-04-04,00:00,-610.27,-129.3,-954.28,-583.42,0
2007-04-05,00:00,303.16,728.61,-80.25,310.34,0
2007-04-06,00:00,259.44,522.41,-170.32,175.56,0
2007-04-09,00:00,602.79,1037.3,187.93,673.22,0
2007-04-10,00:00,541.89,1058.07,196.79,568.18,0
2007-04-11,00:00,1669.13,1968.81,1245.91,1619.24,0
2007-04-12,00:00,-916.74,-849.68,-1270.44,-870.38,0
2007-04-13,00:00,-583.94,-276.82,-750.88,-510.21,0
2007-04-16,00:00,67.18,622.04,-221.39,174.26,0
2007-04-17,00:00,-69.03,242.0,-515.93,-132.83,0
2007-04-18,00:00,1388.1,1858.62,1104.27,1379.12,0
2007-04-19,00:00,106.87,608.02,-110.38,126.51,0
2007-04-20,00:00,-39.33,368.89,-634.38,-126.1,0
2007-04-23,00:00,-499.39,-255.12,-787.32,-572.97,0
2007-04-24,00:00,302.88,747.65,26.79,374.96,0
2007-04-25,00:00,268.53,485.52,-38.88,226.09,0
2007-04-26,00:00,-165.49,132.88,-658.03,-265.67,0
2007-04-27,00:00,-843.93,-555.87,-1175.74,-784.93,0
2007-04-30,00:00,-317.03,-182.48,-733.69,-380.26,0
2007-05-01,00:00,207.29,512.64,-110.96,111.62,0
2007-05-02,00:00,-486.91,26.6,-864.72,-436.96,0
2007-05-03,00:00,-558.68,24.46,-1213.24,-654.84,0
2007-05-04,00:00,1008.26,1279.06,630.39,959.03,0
2007-05-07,00:00,-513.15,-84.64,-659.18,-457.79,0
2007-05-08,00:00,49.4,554.34,-235.08,103.58,0
2007-05-09,00:00,339.91,802.58,20.02,445.2,0
2007-05-10,00:00,-858.23,-416.28,-1272.65,-867.01,0
2007-05-11,00:00,920.67,1062.13,587.34,861.3,0
2007-05-14,00:00,457.1,808.36,70.39,530.04,0
2007-05-15,00:00,-148.12,113.3,-623.97,-138.89,0
2007-05-16,00:00,174.69,766.0,6.95,301.33,0
2007-05-17,00:00,786.45,948.32,463.6,676.64,0
2007-05-18,00:00,-195.46,227.39,-581.38,-217.06,0
2007-05-21,00:00,209.39,539.14,-212.08,165.58,0
2007-05-22,00:00,1131.29,1489.44,726.07,1177.75,0
2007-05-23,00:00,105.33,326.35,-297.15,15.15,0
2007-05-24,00:00,-108.12,358.48,-307.11,-142.35,0
2007-05-25,00:00,-326.83,43.34,-594.52,-262.9,0
2007-05-28,00:00,-236.45,11.41,-542.4,-365.28,0
2007-05-29,00:00,138.96,464.91,-232.37,113.05,0
2007-05-30,00:00,459.89,814.75,209.4,505.72,0
2007-05-31,00:00,636.74,799.53,242.0,524.43,0
2007-06-01,00:00,713.25,919.84,290.83,686.22,0
2007-06-04,00:00,-570.45,-78.52,-937.47,-493.53,0
2007-06-05,00:00,-122.91,231.73,-799.58,-225.4,0
2007-06-06,00:00,682.15,1198.34,240.3,664.39,0
2007-06-07,00:00,-365.5,66.84,-817.09,-388.15,0
2007-06-08,00:00,-660.52,-341.44,-831.43,-701.15,0
2007-06-11,00:00,-105.67,385.76,-532.05,-63.55,0
2007-06-12,00:00,143.3,756.29,-274.63,145.21,0
2007-06-13,00:00,-46.79,488.8,-451.0,1.81,0
2007-06-14,00:00,328.49,747.51,-200.25,276.41,0
2007-06-15,00:00,641.41,1059.99,302.09,590.41,0
2007-06-18,00:00,-458.94,-159.55,-930.16,-475.3,0
2007-06-19,00:00,253.74,502.86,-166.7,93.36,0
2007-06-20,00:00,800.82,1125.43,354.64,734.28,0
2007-06-21,00:00,-103.11,253.95,-705.34,-185.72,0
2007-06-22,00:00,-264.41,233.67,-621.93,-264.37,0
2007-06-25,00:00,-249.22,340.16,-561.17,-220.01,0
2007-06-26,00:00,-695.88,-396.28,-983.87,-725.16,0
2007-06-27,00:00,-101.5,191.77,-390.79,-66.52,0
2007-06-28,00:00,-314.89,57.81,-546.61,-296.14,0
2007-06-29,00:00,-69.74,330.7,-249.36,141.41,0
2007-07-02,00:00,181.97,353.76,61.93,178.0,0
2007-07-03,00:00,-632.98,-304.22,-1149.82,-713.16,0
2007-07-04,00:00,-188.34,90.25,-840.88,-318.38,0
2007-07-05,00:00,143.59,782.7,-183.71,218.84,0
2007-07-06,00:00,490.34,787.28,45.69,459.61,0
2007-07-09,00:00,1179.2,1378.81,870.9,1182.8,0
2007-07-10,00:00,667.76,779.13,254.62,626.06,0
2007-07-11,00:00,473.38,927.75,279.85,550.75,0
2007-07-12,00:00,-907.2,-618.5,-1328.49,-863.18,0
2007-07-13,00:00,244.82,815.19,-264.2,282.18,0
2007-07-16,00:00,-150.72,413.95,-711.77,-161.08,0
2007-07-17,00:00,627.35,1074.34,248.94,722.75,0
2007-07-18,00:00,396.66,682.3,84.95,413.46,0
2007-07-19,00:00,-31.51,298.85,-412.53,-14.8,0
2007-07-20,00:00,-577.07,-213.74,-1023.85,-641.35,0
2007-07-23,00:00,-333.11,-79.42,-747.27,-435.03,0
2007-07-24,00:00,65.41,703.52,-256.3,141.97,0
2007-07-25,00:00,299.39,605.73,-134.95,210.52,0
2007-07-26,00:00,98.64,418.93,-116.88,116.36,0
2007-07-27,00:00,-727.47,-228.0,-1194.05,-649.51,0
2007-07-30,00:00,548.53,1065.78,210.84,661.65,0
2007-07-31,00:00,792.92,967.05,417.97,702.42,0
2007-08-01,00:00,140.85,319.67,-145.56,36.6,0
2007-08-02,00:00,-392.89,177.29,-715.7,-291.14,0
2007-08-03,00:00,1444.05,1881.68,815.72,1371.28,0
2007-08-06,00:00,496.35,1072.49,183.75,629.3,0
2007-08-07,00:00,648.79,1204.85,560.26,853.79,0
2007-08-08,00:00,151.59,568.73,-117.74,136.21,0
2007-08-09,00:00,308.55,564.22,-93.81,207.69,0
2007-08-10,00:00,221.04,799.47,-262.23,223.66,0
2007-08-13,00:00,-270.92,39.39,-767.35,-447.15,0
2007-08-14,00:00,-720.04,-388.3,-863.0,-649.28,0
2007-08-15,00:00,-373.21,-49.73,-701.57,-401.59,0
2007-08-16,00:00,625.2,1195.88,146.44,699.53,0
2007-08-17,00:00,470.84,1054.9,267.74,551.53,0
2007-08-20,00:00,68.49,355.71,-228.2,61.56,0
2007-08-21,00:00,-259.17,54.52,-598.92,-216.13,0
2007-08-22,00:00,1337.69,1923.81,905.57,1416.59,0
2007-08-23,00:00,-1118.02,-843.85,-1577.41,-1240.73,0
2007-08-24,00:00,377.43,694.13,-12.21,322.57,0
2007-08-27,00:00,-213.99,5.49,-609.28,-214.88,0
2007-08-28,00:00,-370.47,76.56,-647.43,-346.95,0
2007-08-29,00:00,936.15,1502.3,676.84,1061.21,0
2007-08-30,00:00,1116.54,1535.69,726.71,1098.19,0
2007-08-31,00:00,-970.33,-612.06,-1408.36,-977.14,0
2007-09-03,00:00,-212.45,136.06,-621.05,-214.76,0
2007-09-04,00:00,-203.43,313.41,-671.68,-227.46,0
2007-09-05,00:00,767.1,1230.53,521.54,834.94,0
2007-09-06,00:00,-99.05,395.78,-605.89,-56.99,0
2007-09-07,00:00,-332.52,47.09,-677.76,-230.5,0
2007-09-10,00:00,-157.73,375.23,-691.64,-208.73,0
2007-09-11,00:00,-65.52,484.27,-443.52,95.62,0
2007-09-12,00:00,440.83,836.05,84.7,441.55,0
2007-09-13,00:00,490.47,987.97,154.09,463.23,0
2007-09-14,00:00,-164.7,-37.1,-571.26,-229.97,0
2007-09-17,00:00,236.66,497.44,25.72,183.99,0
2007-09-18,00:00,-475.64,63.08,-1023.18,-466.92,0
2007-09-19,00:00,-434.88,-69.32,-841.97,-476.12,0
2007-09-20,00:00,303.2,717.51,-66.63,256.47,0
2007-09-21,00:00,18.59,310.1,-393.84,-49.39,0
2007-09-24,00:00,84.18,525.23,-3.26,123.5,0
2007-09-25,00:00,-296.39,308.24,-552.34,-115.57,0
2007-09-26,00:00,-478.53,-163.55,-806.78,-477.4,0
2007-09-27,00:00,164.42,502.42,-256.79,154.08,0
2007-09-28,00:00,-47.54,327.26,-330.26,-16.85,0
2007-10-01,00:00,655.48,1224.75,276.25,658.68,0
2007-10-02,00:00,837.38,1231.79,452.15,849.1,0
2007-10-03,00:00,386.46,869.11,-243.92,263.03,0
2007-10-04,00:00,346.66,865.59,127.71,471.05,0
2007-10-05,00:00,-378.22,-91.77,-558.14,-378.35,0
2007-10-08,00:00,-733.5,-501.95,-1036.36,-786.13,0
2007-10-09,00:00,-345.46,185.29,-744.58,-288.6,0
2007-10-10,00:00,-940.17,-320.24,-1275.38,-808.61,0
2007-10-11,00:00,701.32,1091.8,389.49,753.19,0
2007-10-12,00:00,172.01,474.2,-211.31,160.42,0
2007-10-15,00:00,-210.0,240.29,-640.16,-182.29,0
2007-10-16,00:00,608.57,822.85,208.86,452.92,0
2007-10-17,00:00,751.65,1131.06,191.42,646.32,0
2007-10-18,00:00,-238.52,-9.4,-729.77,-336.98,0
2007-10-19,00:00,504.63,736.27,144.07,454.84,0
2007-10-22,00:00,-310.06,88.34,-567.32,-248.67,0
2007-10-23,00:00,-64.71,290.4,-476.46,-82.55,0
2007-10-24,00:00,-972.4,-511.01,-1277.91,-873.52,0
2007-10-25,00:00,162.53,635.1,-318.0,186.42,0
2007-10-26,00:00,468.55,773.89,146.98,539.36,0
2007-10-29,00:00,878.08,1481.72,425.43,991.11,0
2007-10-30,00:00,635.34,940.22,162.23,638.5,0
2007-10-31,00:00,-533.87,-6.12,-959.73,-537.39,0
2007-11-01,00:00,-273.64,90.34,-849.19,-386.09,0
2007-11-02,00:00,33.8,142.08,-413.03,-120.49,0
2007-11-05,00:00,-11.25,227.89,-252.29,-26.32,0
2007-11-06,00:00,-668.26,-321.51,-1032.91,-621.72,0
2007-11-07,00:00,603.5,944.18,145.47,540.39,0
2007-11-08,00:00,595.7,1008.03,231.48,575.32,0
2007-11-09,00:00,-151.78,80.95,-514.82,-182.85,0
2007-11-12,00:00,849.25,1079.65,530.25,800.96,0
2007-11-13,00:00,-409.28,-201.49,-915.23,-538.46,0
2007-11-14,00:00,-834.15,-610.61,-1290.88,-876.89,0
2007-11-15,00:00,-619.54,-433.22,-952.64,-677.92,0
2007-11-16,00:00,-494.85,-18.95,-858.61,-447.01,0
2007-11-19,00:00,354.58,864.51,-56.03,396.5,0
2007-11-20,00:00,233.33,539.42,-187.35,233.34,0
2007-11-21,00:00,-641.78,-334.0,-988.17,-729.93,0
2007-11-22,00:00,-53.5,362.39,-544.39,-55.81,0
2007-11-23,00:00,495.7,816.46,43.36,498.85,0
2007-11-26,00:00,-332.88,-81.1,-533.0,-219.87,0
2007-11-27,00:00,295.06,984.11,-7.22,374.52,0
2007-11-28,00:00,-646.83,-212.45,-961.62,-616.39,0
2007-11-29,00:00,537.76,894.85,450.27,548.79,0
2007-11-30,00:00,15.82,381.94,-405.38,26.94,0
2007-12-03,00:00,453.58,1073.04,-71.38,438.31,0
2007-12-04,00:00,-117.39,402.71,-592.85,-200.56,0
2007-12-05,00:00,-408.36,116.02,-895.71,-428.35,0
2007-12-06,00:00,-34.53,429.11,-301.56,65.28,0
2007-12-07,00:00,0.65,380.0,-456.62,-130.53,0
2007-12-10,00:00,-461.89,-21.14,-1020.83,-470.2,0
2007-12-11,00:00,321.48,953.71,19.08,519.84,0
2007-12-12,00:00,-370.94,-107.3,-685.62,-405.1,0
2007-12-13,00:00,-563.73,-213.74,-871.38,-525.5,0
2007-12-14,00:00,-151.5,354.85,-551.58,-127.6,0
2007-12-17,00:00,288.45,859.52,-295.88,314.4,0
2007-12-18,00:00,-415.94,-175.14,-719.44,-464.96,0
2007-12-19,00:00,-79.26,193.37,-598.31,-231.72,0
2007-12-20,00:00,299.19,699.33,199.93,453.31,0
2007-12-21,00:00,36.88,289.7,-355.75,-21.23,0
2007-12-24,00:00,331.12,648.33,45.73,348.53,0
2007-12-25,00:00,-34.35,314.11,-474.29,-93.1,0
2007-12-26,00:00,183.44,590.63,-313.74,141.04,0
2007-12-27,00:00,779.18,1184.63,383.3,773.28,0
2007-12-28,00:00,131.32,349.9,-366.38,13.48,0
2007-12-31,00:00,192.91,550.35,-326.77,137.88,0
2008-01-01,00:00,569.1,911.75,445.21,646.02,0
2008-01-02,00:00,694.93,953.47,386.18,736.25,0
2008-01-03,00:00,791.4,973.66,369.52,743.81,0
2008-01-04,00:00,839.46,1297.62,457.12,860.17,0
2008-01-07,00:00,153.18,566.44,-502.97,73.35,0
2008-01-08,00:00,230.5,614.61,19.31,200.43,0
2008-01-09,00:00,462.81,863.79,307.03,550.07,0
2008-01-10,00:00,880.99,1480.29,357.92,958.84,0
2008-01-11,00:00,1365.39,1738.72,990.31,1343.18,0
2008-01-14,00:00,530.26,909.4,314.49,611.67,0
2008-01-15,00:00,1620.52,2105.29,1418.74,1699.71,0
2008-01-16,00:00,1883.97,2051.23,1426.84,1770.95,0
2008-01-17,00:00,665.08,1093.71,295.41,631.16,0
2008-01-18,00:00,350.57,1025.62,-28.88,428.32,0
2008-01-21,00:00,253.58,654.96,-6.0,300.72,0
2008-01-22,00:00,883.61,1309.97,509.96,888.71,0
2008-01-23,00:00,192.24,369.6,-269.18,64.38,0
2008-01-24,00:00,-369.48,-49.3,-718.15,-338.58,0
2008-01-25,00:00,976.18,1521.61,363.35,935.92,0
2008-01-28,00:00,1096.57,1464.43,668.29,1200.47,0
2008-01-29,00:00,-687.42,-376.12,-1036.67,-773.14,0
2008-01-30,00:00,834.25,1067.68,224.86,671.31,0
2008-01-31,00:00,-596.5,-203.43,-936.17,-529.46,0
2008-02-01,00:00,-185.75,318.37,-369.22,-130.29,0
2008-02-04,00:00,541.59,912.73,232.22,439.84,0
2008-02-05,00:00,-583.91,-276.51,-1013.9,-643.79,0
2008-02-06,00:00,1249.58,1679.19,908.8,1276.68,0
2008-02-07,00:00,-1906.65,-1425.19,-2219.23,-1925.71,0
2008-02-08,00:00,1415.21,1815.06,891.45,1432.85,0
2008-02-11,00:00,1746.56,2156.35,1362.94,1692.14,0
2008-02-12,00:00,-130.49,264.04,-346.62,-118.19,0
2008-02-13,00:00,768.53,1123.56,281.58,736.98,0
2008-02-14,00:00,801.52,1082.44,299.89,696.93,0
2008-02-15,00:00,54.77,465.01,-299.11,59.15,0
2008-02-18,00:00,1961.97,2387.06,1577.56,1917.82,0
2008-02-19,00:00,898.29,1254.09,609.6,956.64,0
2008-02-20,00:00,62.96,478.13,-384.54,150.76,0
2008-02-21,00:00,-1016.82,-490.47,-1405.03,-975.65,0
2008-02-22,00:00,241.63,626.44,-260.29,328.8,0
2008-02-25,00:00,1737.89,2520.19,1409.8,1894.3,0
2008-02-26,00:00,-542.19,-18.72,-836.62,-453.02,0
2008-02-27,00:00,1195.41,1513.07,958.69,1179.89,0
2008-02-28,00:00,-207.91,187.29,-496.98,-116.93,0
2008-02-29,00:00,-671.54,-311.13,-923.49,-635.14,0
2008-03-03,00:00,261.39,729.25,-60.11,383.14,0
2008-03-04,00:00,1541.62,1812.85,1130.32,1422.3,0
2008-03-05,00:00,216.55,664.94,-206.16,167.25,0
2008-03-06,00:00,617.03,1104.78,353.5,653.82,0
2008-03-07,00:00,1232.5,1741.6,853.59,1260.34,0
2008-03-10,00:00,1845.66,2378.27,1397.58,1918.97,0
2008-03-11,00:00,453.43,695.74,5.02,375.65,0
2008-03-12,00:00,-125.4,161.07,-632.87,-179.58,0
2008-03-13,00:00,477.94,973.94,93.92,443.58,0
2008-03-14,00:00,465.5,695.34,65.42,432.48,0
2008-03-17,00:00,564.59,828.34,195.22,511.19,0
2008-03-18,00:00,-451.55,106.64,-772.34,-420.67,0
2008-03-19,00:00,-87.12,316.12,-254.45,-59.85,0
2008-03-20,00:00,462.15,714.18,-3.03,485.75,0
2008-03-21,00:00,100.83,510.3,-377.2,85.16,0
2008-03-24,00:00,1065.86,1246.16,624.06,935.25,0
2008-03-25,00:00,-671.53,-107.25,-1218.07,-717.7,0
2008-03-26,00:00,134.81,436.97,-361.43,12.71,0
2008-03-27,00:00,-150.34,288.02,-509.64,-145.35,0
2008-03-28,00:00,1840.22,2033.04,1406.42,1764.53,0
2008-03-31,00:00,327.35,929.45,129.67,463.87,0
2008-04-01,00:00,-354.44,73.1,-794.1,-395.92,0
2008-04-02,00:00,-225.49,129.0,-518.6,-118.23,0
2008-04-03,00:00,2033.15,2480.16,1787.33,2062.99,0
2008-04-04,00:00,455.73,897.6,103.05,496.35,0
2008-04-07,00:00,218.73,562.58,24.35,320.96,0
2008-04-08,00:00,1254.75,1611.35,832.68,1217.99,0
2008-04-09,00:00,526.95,827.9,431.88,570.08,0
2008-04-10,00:00,586.18,739.8,84.65,498.82,0
2008-04-11,00:00,-7.8,315.34,-295.07,-12.4,0
2008-04-14,00:00,2038.72,2469.91,1704.63,2091.51,0
2008-04-15,00:00,-479.44,-281.65,-964.87,-549.25,0
2008-04-16,00:00,-41.05,370.1,-279.61,-1.03,0
2008-04-17,00:00,-210.4,174.11,-363.59,-104.45,0
2008-04-18,00:00,-183.95,82.28,-860.3,-413.29,0
2008-04-21,00:00,2172.4,2719.5,1733.91,2116.93,0
2008-04-22,00:00,1277.31,1582.32,836.91,1219.11,0
2008-04-23,00:00,937.39,1465.47,615.71,1038.83,0
2008-04-24,00:00,2647.81,3191.95,2483.94,2745.21,0
2008-04-25,00:00,-56.57,347.33,-361.17,-13.65,0
2008-04-28,00:00,-640.0,-449.89,-1085.23,-747.88,0
2008-04-29,00:00,1142.65,1464.61,686.87,1131.14,0
2008-04-30,00:00,2405.69,2799.2,2111.58,2492.97,0
2008-05-01,00:00,749.46,1133.3,447.85,693.26,0
2008-05-02,00:00,1971.89,2263.53,1436.45,1929.84,0
2008-05-05,00:00,371.76,575.18,12.6,377.61,0
2008-05-06,00:00,435.23,811.03,-73.54,409.27,0
2008-05-07,00:00,-940.26,-560.31,-1322.09,-975.21,0
2008-05-08,00:00,1009.2,1374.62,360.57,919.66,0
2008-05-09,00:00,786.15,1350.02,334.0,786.12,0
2008-05-12,00:00,2462.63,2508.57,2034.48,2351.76,0
2008-05-13,00:00,653.82,966.11,472.19,713.88,0
2008-05-14,00:00,-2743.12,-2090.87,-3268.54,-2703.93,0
2008-05-15,00:00,1778.17,2152.64,1345.84,1776.96,0
2008-05-16,00:00,73.64,288.58,-174.35,121.0,0
2008-05-19,00:00,259.54,491.73,-89.72,281.23,0
2008-05-20,00:00,876.06,1486.11,529.79,989.71,0
2008-05-21,00:00,-1721.56,-1211.49,-2002.97,-1566.28,0
2008-05-22,00:00,845.36,1297.8,578.62,966.58,0
2008-05-23,00:00,-708.29,-294.76,-1318.72,-724.04,0
2008-05-26,00:00,1565.57,2032.87,1354.68,1664.33,0
2008-05-27,00:00,1045.95,1512.14,819.47,1059.36,0
2008-05-28,00:00,2123.3,2316.64,1689.51,2006.99,0
2008-05-29,00:00,2748.48,3008.36,2522.84,2857.06,0
2008-05-30,00:00,90.34,316.42,-230.92,44.08,0
2008-06-02,00:00,1343.28,1850.38,1143.37,1476.2,0
2008-06-03,00:00,-645.28,-160.35,-997.96,-594.6,0
2008-06-04,00:00,603.36,924.85,358.09,710.43,0
2008-06-05,00:00,1463.76,1991.71,1165.87,1548.07,0
2008-06-06,00:00,1535.71,1882.3,1061.42,1625.1,0
2008-06-09,00:00,38.95,246.48,-242.23,-5.75,0
2008-06-10,00:00,797.28,1423.95,582.88,910.98,0
2008-06-11,00:00,1175.38,1586.36,804.8,1162.31,0
2008-06-12,00:00,1383.03,1572.79,969.16,1300.52,0
2008-06-13,00:00,-264.36,96.52,-719.8,-240.94,0
2008-06-16,00:00,-379.65,98.69,-643.4,-321.1,0
2008-06-17,00:00,1026.17,1420.9,698.07,1051.05,0
2008-06-18,00:00,-451.94,-97.24,-770.1,-485.66,0
2008-06-19,00:00,974.53,1193.3,545.64,892.88,0
2008-06-20,00:00,820.9,1034.6,614.72,780.01,0
2008-06-23,00:00,-270.14,183.51,-874.81,-301.91,0
2008-06-24,00:00,1190.13,1361.01,637.97,1087.82,0
2008-06-25,00:00,1400.04,1534.4,1144.32,1375.45,0
2008-06-26,00:00,-53.88,602.25,-242.12,141.3,0
2008-06-27,00:00,-525.19,-336.77,-875.27,-637.17,0
2008-06-30,00:00,790.43,1097.96,279.86,656.32,0
2008-07-01,00:00,543.51,794.57,68.27,431.5,0
2008-07-02,00:00,1345.74,1798.28,1194.79,1470.69,0
2008-07-03,00:00,1265.84,1572.44,956.47,1299.36,0
2008-07-04,00:00,-864.28,-582.15,-1343.9,-873.66,0
2008-07-07,00:00,786.79,1231.37,452.87,828.86,0
2008-07-08,00:00,2193.23,2535.52,1927.22,2195.24,0
2008-07-09,00:00,7.98,330.99,-461.42,-59.51,0
2008-07-10,00:00,1377.53,1816.83,1091.52,1424.74,0
2008-07-11,00:00,320.23,585.95,19.15,307.31,0
2008-07-14,00:00,-799.26,-243.19,-1126.8,-684.7,0
2008-07-15,00:00,351.44,740.13,122.08,421.78,0
2008-07-16,00:00,2011.49,2492.75,1691.53,2084.89,0
2008-07-17,00:00,-166.13,282.4,-694.54,-250.03,0
2008-07-18,00:00,1454.86,1999.93,1179.21,1592.0,0
2008-07-21,00:00,211.78,539.13,-58.51,192.14,0
2008-07-22,00:00,2170.48,2537.07,1892.5,2266.86,0
2008-07-23,00:00,-165.32,251.32,-389.43,6.89,0
2008-07-24,00:00,372.82,805.53,-99.17,472.18,0
2008-07-25,00:00,33.76,414.01,-357.4,63.38,0
2008-07-28,00:00,-87.34,217.71,-408.52,-35.43,0
2008-07-29,00:00,2260.48,2560.81,1758.49,2234.74,0
2008-07-30,00:00,2215.34,2692.66,2008.13,2359.89,0
2008-07-31,00:00,1255.7,1563.47,1022.82,1275.72,0
2008-08-01,00:00,14.58,255.71,-439.63,-56.4,0
2008-08-04,00:00,747.37,1198.54,433.73,834.93,0
2008-08-05,00:00,1283.15,1851.47,771.61,1341.45,0
2008-08-06,00:00,741.2,1237.46,511.8,857.7,0
2008-08-07,00:00,-194.96,57.86,-649.78,-231.27,0
2008-08-08,00:00,1327.32,1735.64,1065.0,1409.9,0
2008-08-11,00:00,2479.1,3104.68,2218.09,2606.17,0
2008-08-12,00:00,1705.82,2189.11,1345.68,1778.46,0
2008-08-13,00:00,-531.77,-209.2,-796.5,-541.56,0
2008-08-14,00:00,-1180.73,-959.88,-1697.54,-1257.61,0
2008-08-15,00:00,-555.86,-316.79,-1131.12,-688.23,0
2008-08-18,00:00,1384.25,1977.13,1003.0,1450.27,0
2008-08-19,00:00,1990.07,2297.98,1595.37,1885.53,0
2008-08-20,00:00,-118.67,129.38,-300.52,-104.49,0
2008-08-21,00:00,-684.34,-305.58,-1290.73,-774.99,0
2008-08-22,00:00,260.41,511.22,-52.77,267.82,0
2008-08-25,00:00,914.92,1289.61,405.75,746.43,0
2008-08-26,00:00,2069.44,2130.31,1575.33,1900.09,0
2008-08-27,00:00,1706.69,2014.33,1342.78,1674.65,0
2008-08-28,00:00,38.08,325.31,-529.21,-0.11,0
2008-08-29,00:00,-1012.39,-849.92,-1339.58,-1133.92,0
2008-09-01,00:00,726.97,1184.14,468.21,865.95,0
2008-09-02,00:00,1848.0,2130.82,1503.02,1792.77,0
2008-09-03,00:00,-376.78,28.49,-788.01,-438.72,0
2008-09-04,00:00,-470.09,-184.74,-811.02,-509.6,0
2008-09-05,00:00,1166.33,1474.29,670.35,1078.96,0
2008-09-08,00:00,1581.13,2001.88,1173.01,1563.65,0
2008-09-09,00:00,890.46,1080.21,481.04,800.36,0
2008-09-10,00:00,1115.93,1525.55,946.69,1207.19,0
2008-09-11,00:00,368.23,938.01,-194.57,446.4,0
2008-09-12,00:00,-167.34,265.72,-538.65,-187.99,0
2008-09-15,00:00,435.04,878.98,218.93,489.4,0
2008-09-16,00:00,1639.48,2043.29,1308.05,1668.29,0
2008-09-17,00:00,1559.71,1847.22,1368.54,1609.25,0
2008-09-18,00:00,424.03,924.51,-10.79,390.66,0
2008-09-19,00:00,881.04,1253.64,315.92,809.31,0
2008-09-22,00:00,-628.47,-143.31,-1082.24,-540.55,0
2008-09-23,00:00,1866.9,2255.57,1473.14,1884.57,0
2008-09-24,00:00,1696.2,2237.7,939.94,1610.48,0
2008-09-25,00:00,-33.35,376.34,-663.06,-127.08,0
2008-09-26,00:00,724.74,1178.54,540.34,697.16,0
2008-09-29,00:00,730.32,1338.12,349.89,863.74,0
2008-09-30,00:00,-684.69,-196.94,-1080.9,-677.14,0
2008-10-01,00:00,-538.39,-260.1,-818.1,-566.56,0
2008-10-02,00:00,1878.55,2205.34,1662.58,1864.91,0
2008-10-03,00:00,-84.59,247.09,-581.63,-86.75,0
2008-10-06,00:00,913.31,1249.78,669.64,877.9,0
2008-10-07,00:00,-726.47,-328.43,-1074.47,-704.84,0
2008-10-08,00:00,-584.09,-249.43,-859.91,-586.42,0
2008-10-09,00:00,221.54,680.89,-241.3,213.39,0
2008-10-10,00:00,1046.88,1680.91,561.39,1078.05,0
2008-10-13,00:00,432.93,858.48,150.65,535.19,0
2008-10-14,00:00,530.64,953.27,183.7,509.52,0
2008-10-15,00:00,1450.05,1723.06,1140.02,1438.88,0
2008-10-16,00:00,600.28,990.02,354.43,572.85,0
2008-10-17,00:00,-1381.01,-1014.06,-1909.84,-1438.65,0
2008-10-20,00:00,1312.33,1757.59,845.76,1324.89,0
2008-10-21,00:00,371.52,710.81,-89.2,313.82,0
2008-10-22,00:00,1699.97,2068.71,1399.28,1802.96,0
2008-10-23,00:00,-910.22,-583.44,-1393.29,-1040.73,0
2008-10-24,00:00,846.76,1340.11,684.96,1002.07,0
2008-10-27,00:00,-5.71,347.56,-434.05,-55.51,0
2008-10-28,00:00,-209.27,252.85,-554.92,-226.22,0
2008-10-29,00:00,1014.53,1567.56,681.3,1004.68,0
2008-10-30,00:00,1069.36,1267.98,736.34,938.59,0
2008-10-31,00:00,-777.74,-222.8,-1185.79,-781.18,0
2008-11-03,00:00,971.69,1528.22,678.52,1088.85,0
2008-11-04,00:00,957.8,1180.09,621.38,919.42,0
2008-11-05,00:00,558.36,998.97,229.23,595.98,0
2008-11-06,00:00,1387.63,1881.19,964.87,1422.85,0
2008-11-07,00:00,-188.69,209.27,-694.6,-203.11,0
2008-11-10,00:00,857.26,1178.55,250.74,762.68,0
2008-11-11,00:00,518.09,957.8,-2.29,474.19,0
2008-11-12,00:00,-269.38,71.64,-590.25,-282.2,0
2008-11-13,00:00,698.67,1059.91,226.3,655.64,0
2008-11-14,00:00,697.87,1061.91,121.19,594.42,0
2008-11-17,00:00,1485.78,2039.61,1194.55,1525.4,0
2008-11-18,00:00,1426.34,1853.12,972.37,1380.48,0
2008-11-19,00:00,1267.51,1645.84,1003.93,1339.5,0
2008-11-20,00:00,1734.51,2050.74,1435.24,1819.14,0
2008-11-21,00:00,2123.59,2602.92,1811.78,2064.72,0
2008-11-24,00:00,-227.2,100.17,-472.8,-284.9,0
2008-11-25,00:00,1365.71,1849.15,898.27,1373.02,0
2008-11-26,00:00,3065.3,3657.28,2657.27,3121.93,0
2008-11-27,00:00,640.74,987.13,263.93,579.94,0
2008-11-28,00:00,608.26,941.84,230.84,606.04,0
2008-12-01,00:00,1710.65,2067.65,1380.81,1712.89,0
2008-12-02,00:00,472.28,860.37,-184.79,284.53,0
2008-12-03,00:00,1767.79,1778.3,1250.81,1599.5,0
2008-12-04,00:00,-401.09,-44.81,-562.3,-305.78,0
2008-12-05,00:00,1905.73,2083.22,1692.01,1945.86,0
2008-12-08,00:00,226.87,784.98,-57.76,332.11,0
2008-12-09,00:00,726.59,1229.08,132.24,686.86,0
2008-12-10,00:00,1480.8,2028.88,1102.67,1489.8,0
2008-12-11,00:00,577.88,1120.3,222.68,647.24,0
2008-12-12,00:00,-533.24,-261.86,-904.59,-597.79,0
2008-12-15,00:00,535.2,1023.29,140.31,623.7,0
2008-12-16,00:00,-703.34,-261.93,-1380.38,-799.06,0
2008-12-17,00:00,992.95,1492.91,589.87,969.48,0
2008-12-18,00:00,1121.72,1541.7,692.81,1115.97,0
2008-12-19,00:00,1.34,374.94,-219.1,74.44,0
2008-12-22,00:00,2668.97,3069.94,2317.2,2735.93,0
2008-12-23,00:00,2263.41,2672.2,1991.12,2238.61,0
2008-12-24,00:00,1466.14,2036.91,935.5,1513.69,0
2008-12-25,00:00,-334.37,-124.19,-656.03,-326.49,0
2008-12-26,00:00,400.62,633.52,61.66,360.08,0
2008-12-29,00:00,53.03,486.03,-363.72,98.38,0
2008-12-30,00:00,1862.47,2361.14,1593.77,1886.42,0
2008-12-31,00:00,-138.96,179.45,-432.82,-172.01,0
2009-01-01,00:00,536.32,1118.01,-67.82,558.83,0
2009-01-02,00:00,-420.83,-84.86,-800.08,-364.48,0
2009-01-05,00:00,669.44,984.52,240.37,638.95,0
2009-01-06,00:00,-1184.98,-833.15,-1782.79,-1333.05,0
2009-01-07,00:00,518.02,853.59,296.96,560.74,0
2009-01-08,00:00,129.36,663.28,-217.7,274.16,0
2009-01-09,00:00,243.62,802.76,-85.65,240.23,0
2009-01-12,00:00,-20.0,327.77,-354.51,102.84,0
2009-01-13,00:00,620.29,1189.04,55.15,638.44,0
2009-01-14,00:00,291.67,764.76,-36.6,450.64,0
2009-01-15,00:00,335.81,652.86,50.49,350.95,0
2009-01-16,00:00,492.47,897.29,178.66,502.2,0
2009-01-19,00:00,-526.77,-359.16,-970.24,-593.47,0
2009-01-20,00:00,-268.99,86.71,-705.16,-364.46,0
2009-01-21,00:00,-5.34,244.42,-355.79,-25.31,0
2009-01-22,00:00,-243.14,191.36,-485.25,-231.06,0
2009-01-23,00:00,720.25,1186.2,137.78,679.82,0
2009-01-26,00:00,-146.55,122.2,-714.42,-170.51,0
2009-01-27,00:00,-601.86,-98.85,-836.98,-470.84,0
2009-01-28,00:00,528.99,597.68,248.27,364.82,0
2009-01-29,00:00,-701.23,-209.01,-939.56,-693.92,0
2009-01-30,00:00,-211.17,322.64,-425.91,-144.48,0
2009-02-02,00:00,146.2,608.23,-188.43,216.32,0
2009-02-03,00:00,302.79,507.97,85.35,223.64,0
2009-02-04,00:00,118.18,620.04,-330.82,117.35,0
2009-02-05,00:00,253.88,556.94,-98.47,210.27,0
2009-02-06,00:00,272.31,784.17,-88.38,270.87,0
2009-02-09,00:00,495.24,1196.32,102.28,678.2,0
2009-02-10,00:00,-61.68,237.12,-334.53,-18.53,0
2009-02-11,00:00,-807.07,-273.64,-1074.98,-762.81,0
2009-02-12,00:00,-126.71,77.98,-441.98,-231.61,0
2009-02-13,00:00,-700.24,-330.95,-1012.61,-605.1,0
2009-02-16,00:00,-143.31,293.03,-415.75,-124.95,0
2009-02-17,00:00,-410.66,-59.33,-612.67,-323.84,0
2009-02-18,00:00,26.3,336.43,-198.38,64.97,0
2009-02-19,00:00,-329.85,89.53,-890.19,-379.5,0
2009-02-20,00:00,-490.0,-80.94,-888.0,-532.64,0
2009-02-23,00:00,-279.57,286.02,-819.31,-238.42,0
2009-02-24,00:00,-199.07,156.94,-725.36,-203.56,0
2009-02-25,00:00,-418.22,-61.05,-793.24,-393.77,0
2009-02-26,00:00,-806.47,-374.09,-1205.8,-817.38,0
2009-02-27,00:00,-26.18,515.99,-295.35,98.45,0
2009-03-02,00:00,-203.65,59.28,-490.26,-183.51,0
2009-03-03,00:00,1080.03,1679.77,544.29,1069.06,0
2009-03-04,00:00,-808.97,-139.59,-1134.22,-619.44,0
2009-03-05,00:00,-337.24,75.27,-765.57,-293.82,0
2009-03-06,00:00,53.78,283.01,-328.31,65.16,0
2009-03-09,00:00,-110.15,315.99,-500.04,-47.11,0
2009-03-10,00:00,-391.39,339.48,-881.81,-252.36,0
2009-03-11,00:00,-630.73,-367.03,-1114.69,-740.05,0
2009-03-12,00:00,567.57,883.61,149.33,448.15,0
2009-03-13,00:00,-641.14,-147.0,-1031.5,-611.06,0
2009-03-16,00:00,379.83,624.48,-5.75,391.73,0
2009-03-17,00:00,193.35,533.64,-277.79,133.15,0
2009-03-18,00:00,-522.62,-109.1,-872.92,-497.5,0
2009-03-19,00:00,686.41,1091.84,467.0,751.85,0
2009-03-20,00:00,123.77,454.58,-25.03,121.42,0
2009-03-23,00:00,-460.81,36.87,-801.77,-401.96,0
2009-03-24,00:00,195.14,565.45,-312.38,114.2,0
2009-03-25,00:00,867.13,1166.67,309.98,792.66,0
2009-03-26,00:00,342.34,815.87,52.5,398.87,0
2009-03-27,00:00,848.79,1169.22,489.41,893.68,0
2009-03-30,00:00,1060.67,1217.99,660.75,965.9,0
2009-03-31,00:00,597.39,932.12,259.23,587.28,0
2009-04-01,00:00,626.72,988.9,228.34,656.68,0
2009-04-02,00:00,-565.92,-162.08,-908.47,-530.64,0
2009-04-03,00:00,-812.27,-589.12,-1305.87,-962.45,0
2009-04-06,00:00,153.07,367.07,-301.07,-10.51,0
2009-04-07,00:00,125.35,618.8,-67.63,200.62,0
2009-04-08,00:00,276.06,804.94,129.57,335.17,0
2009-04-09,00:00,213.58,626.63,-366.29,182.89,0
2009-04-10,00:00,-9.25,387.14,-499.89,-57.79,0
2009-04-13,00:00,-795.76,-368.88,-1306.43,-741.81,0
2009-04-14,00:00,-408.03,179.75,-611.17,-245.36,0
2009-04-15,00:00,-93.25,143.44,-481.9,-112.73,0
2009-04-16,00:00,-111.73,309.86,-409.12,-38.68,0
2009-04-17,00:00,1005.3,1428.28,521.59,1037.45,0
2009-04-20,00:00,180.49,460.15,-145.73,110.12,0
2009-04-21,00:00,146.84,387.78,-243.41,26.25,0
2009-04-22,00:00,-399.42,152.7,-946.14,-375.29,0
2009-04-23,00:00,-64.53,235.82,-475.45,-128.37,0
2009-04-24,00:00,629.14,1130.58,299.88,721.26,0
2009-04-27,00:00,-482.62,-298.62,-872.34,-636.68,0
2009-04-28,00:00,304.03,640.7,49.5,313.45,0
2009-04-29,00:00,163.35,667.93,-232.82,132.0,0
2009-04-30,00:00,665.91,1108.39,212.63,650.34,0
2009-05-01,00:00,172.59,505.69,-324.02,158.3,0
2009-05-04,00:00,-226.69,290.88,-609.4,-243.57,0
2009-05-05,00:00,-525.86,-132.87,-895.82,-578.41,0
2009-05-06,00:00,-299.14,102.64,-437.54,-248.67,0
2009-05-07,00:00,-19.04,23.24,-436.48,-113.33,0
2009-05-08,00:00,640.78,903.74,30.14,502.22,0
2009-05-11,00:00,-300.71,-46.1,-665.06,-327.48,0
2009-05-12,00:00,645.6,1064.4,180.5,645.11,0
2009-05-13,00:00,294.44,553.34,-68.14,276.44,0
2009-05-14,00:00,229.79,657.18,-123.43,337.58,0
2009-05-15,00:00,-412.65,-197.2,-970.91,-583.39,0
2009-05-18,00:00,455.31,859.0,-166.1,331.16,0
2009-05-19,00:00,-154.73,448.01,-647.68,-18.44,0
2009-05-20,00:00,814.9,1217.49,369.64,871.39,0
2009-05-21,00:00,292.45,763.31,-5.46,317.11,0
2009-05-22,00:00,-223.98,38.02,-651.46,-347.62,0
2009-05-25,00:00,-864.0,-555.28,-1116.27,-869.84,0
2009-05-26,00:00,889.97,1359.59,468.43,835.76,0
2009-05-27,00:00,-787.52,-247.22,-982.89,-562.73,0
2009-05-28,00:00,-106.48,346.35,-535.21,-66.04,0
2009-05-29,00:00,-339.73,-16.14,-748.63,-424.54,0
2009-06-01,00:00,-236.56,134.75,-617.92,-202.38,0
2009-06-02,00:00,369.87,607.61,-59.25,313.17,0
2009-06-03,00:00,219.55,893.93,-368.48,168.45,0
2009-06-04,00:00,359.02,640.19,-103.51,296.67,0
2009-06-05,00:00,426.04,866.14,-112.07,427.5,0
2009-06-08,00:00,215.12,522.86,80.7,269.07,0
2009-06-09,00:00,622.04,866.1,237.9,610.1,0
2009-06-10,00:00,1158.34,1451.21,890.62,1181.22,0
2009-06-11,00:00,461.92,1044.49,144.28,508.24,0
2009-06-12,00:00,408.69,732.53,261.99,531.66,0
2009-06-15,00:00,-237.28,-28.6,-572.46,-218.11,0
2009-06-16,00:00,-254.07,-148.0,-667.27,-351.9,0
2009-06-17,00:00,382.97,996.27,379.33,661.73,0
2009-06-18,00:00,-152.97,1.38,-455.51,-281.85,0
2009-06-19,00:00,-941.06,-581.37,-1223.56,-905.47,0
2009-06-22,00:00,-14.6,231.03,-215.57,-41.77,0
2009-06-23,00:00,-488.68,-191.38,-905.31,-483.59,0
2009-06-24,00:00,-797.42,-581.7,-1189.27,-799.87,0
2009-06-25,00:00,381.84,855.15,-31.0,502.63,0
2009-06-26,00:00,550.82,1110.91,126.52,576.91,0
2009-06-29,00:00,637.81,1062.85,306.06,709.73,0
2009-06-30,00:00,-57.14,342.45,-371.91,24.3,0
2009-07-01,00:00,555.83,970.95,42.67,465.76,0
2009-07-02,00:00,777.17,1148.01,573.03,756.04,0
2009-07-03,00:00,604.72,1167.77,502.86,780.47,0
2009-07-06,00:00,-1.12,426.17,-260.07,43.12,0
2009-07-07,00:00,-299.99,205.42,-632.97,-224.14,0
2009-07-08,00:00,282.43,788.63,-36.8,341.24,0
2009-07-09,00:00,229.11,436.72,-55.29,238.29,0
2009-07-10,00:00,-320.7,26.59,-687.48,-329.6,0
2009-07-13,00:00,190.66,631.18,-504.63,71.05,0
2009-07-14,00:00,607.96,897.03,222.21,546.84,0
2009-07-15,00:00,-376.23,-308.33,-746.13,-480.5,0
2009-07-16,00:00,111.98,587.71,-121.27,234.56,0
2009-07-17,00:00,235.72,493.17,-296.14,134.86,0
2009-07-20,00:00,256.06,440.91,-168.42,110.82,0
2009-07-21,00:00,416.07,836.71,-53.36,425.87,0
2009-07-22,00:00,77.97,280.36,-512.8,-69.45,0
2009-07-23,00:00,435.27,747.79,-8.44,353.39,0
2009-07-24,00:00,174.76,571.41,34.3,119.21,0
2009-07-27,00:00,342.61,886.9,81.1,387.84,0
2009-07-28,00:00,599.15,874.54,255.08,660.25,0
2009-07-29,00:00,-124.95,205.92,-686.64,-206.57,0
2009-07-30,00:00,-62.33,319.65,-320.61,12.93,0
2009-07-31,00:00,329.96,540.76,-127.74,196.29,0
2009-08-03,00:00,-62.09,94.54,-380.03,-169.91,0
2009-08-04,00:00,297.83,903.69,-68.01,373.24,0
2009-08-05,00:00,-442.67,-63.23,-911.93,-477.9,0
2009-08-06,00:00,-172.15,176.81,-437.07,-126.88,0
2009-08-07,00:00,-92.51,439.13,-678.25,-99.67,0
2009-08-10,00:00,0.26,446.68,-310.67,45.19,0
2009-08-11,00:00,-890.02,-555.99,-1303.46,-967.7,0
2009-08-12,00:00,275.97,459.77,62.5,265.43,0
2009-08-13,00:00,4.3,501.15,-613.94,11.65,0
2009-08-14,00:00,958.76,1014.26,551.49,849.03,0
2009-08-17,00:00,1052.12,1631.32,774.45,1138.54,0
2009-08-18,00:00,-144.08,177.1,-224.31,-95.87,0
2009-08-19,00:00,706.41,1063.36,338.28,701.8,0
2009-08-20,00:00,-379.27,105.7,-829.51,-268.33,0
2009-08-21,00:00,851.08,1142.08,398.33,789.23,0
2009-08-24,00:00,25.27,403.41,-268.95,-5.73,0
2009-08-25,00:00,-106.67,321.47,-524.88,-178.28,0
2009-08-26,00:00,-655.98,-304.18,-1002.98,-608.52,0
2009-08-27,00:00,644.99,967.06,404.46,622.35,0
2009-08-28,00:00,627.86,1007.29,226.07,628.29,0
2009-08-31,00:00,500.12,740.21,276.46,505.2,0
2009-09-01,00:00,500.87,849.2,182.52,458.28,0
2009-09-02,00:00,-22.16,332.44,-113.54,11.53,0
2009-09-03,00:00,18.2,528.69,-325.59,76.8,0
2009-09-04,00:00,-737.62,-508.29,-1002.38,-677.73,0
2009-09-07,00:00,-281.75,234.37,-766.98,-175.92,0
2009-09-08,00:00,167.77,582.09,14.69,306.66,0
2009-09-09,00:00,-1528.7,-1299.76,-1749.5,-1488.18,0
2009-09-10,00:00,71.07,421.73,-208.79,38.63,0
2009-09-11,00:00,248.6,574.17,-132.95,250.9,0
2009-09-14,00:00,-2.72,467.37,-284.56,62.22,0
2009-09-15,00:00,146.33,477.96,-275.16,76.36,0
2009-09-16,00:00,284.5,676.67,-211.2,268.28,0
2009-09-17,00:00,1087.96,1467.44,855.58,1153.56,0
2009-09-18,00:00,-335.66,125.68,-889.95,-367.31,0
2009-09-21,00:00,-245.38,134.71,-674.24,-323.45,0
2009-09-22,00:00,956.12,1225.63,625.37,920.23,0
2009-09-23,00:00,251.31,572.41,-233.28,77.97,0
2009-09-24,00:00,-408.37,-189.09,-774.18,-447.6,0
2009-09-25,00:00,-774.7,-458.57,-1114.67,-796.84,0
2009-09-28,00:00,-77.04,390.6,-586.91,-217.53,0
2009-09-29,00:00,831.48,1116.88,407.51,786.67,0
2009-09-30,00:00,-354.94,-99.33,-851.34,-461.33,0
2009-10-01,00:00,-735.06,-418.38,-1218.73,-804.11,0
2009-10-02,00:00,1244.7,1628.28,872.93,1168.58,0
2009-10-05,00:00,-1176.55,-739.11,-1689.08,-1227.21,0
2009-10-06,00:00,988.74,1318.56,752.78,990.96,0
2009-10-07,00:00,-233.59,105.08,-373.89,-213.48,0
2009-10-08,00:00,104.19,483.84,-442.58,-47.05,0
2009-10-09,00:00,624.41,1014.47,76.95,653.86,0
2009-10-12,00:00,-1121.95,-706.03,-1434.76,-990.7,0
2009-10-13,00:00,631.84,836.14,118.63,570.46,0
2009-10-14,00:00,-641.83,-267.1,-1130.6,-753.95,0
2009-10-15,00:00,644.83,1042.94,179.41,684.97,0
2009-10-16,00:00,783.98,1068.41,323.41,620.3,0
2009-10-19,00:00,466.82,745.61,66.73,442.77,0
2009-10-20,00:00,227.63,771.87,-148.33,125.8,0
2009-10-21,00:00,-111.57,97.46,-431.82,-177.93,0
2009-10-22,00:00,-360.91,-28.86,-844.99,-438.71,0
2009-10-23,00:00,-404.68,-77.78,-650.16,-431.58,0
2009-10-26,00:00,651.15,1181.68,127.85,621.35,0
2009-10-27,00:00,169.72,696.97,9.66,389.9,0
2009-10-28,00:00,-738.79,-430.08,-988.96,-695.86,0
2009-10-29,00:00,84.25,408.9,-259.31,4.24,0
2009-10-30,00:00,-440.6,-128.59,-813.36,-482.99,0
2009-11-02,00:00,-83.52,247.44,-353.91,-56.22,0
2009-11-03,00:00,-229.91,29.78,-538.19,-342.39,0
2009-11-04,00:00,-58.89,371.93,-415.83,49.67,0
2009-11-05,00:00,647.3,968.08,88.16,507.88,0
2009-11-06,00:00,-212.14,192.24,-539.09,-214.1,0
2009-11-09,00:00,409.29,730.28,76.75,438.48,0
2009-11-10,00:00,504.44,796.28,249.12,482.14,0
2009-11-11,00:00,568.39,795.15,155.66,497.15,0
2009-11-12,00:00,40.92,406.69,-493.18,4.3,0
2009-11-13,00:00,115.91,443.89,-274.69,111.69,0
2009-11-16,00:00,-572.34,-32.59,-820.52,-465.13,0
2009-11-17,00:00,730.82,1059.14,361.73,726.37,0
2009-11-18,00:00,-366.79,18.76,-735.44,-334.19,0
2009-11-19,00:00,-351.88,-47.86,-704.54,-430.73,0
2009-11-20,00:00,888.44,1208.39,561.76,924.82,0
2009-11-23,00:00,617.46,1070.83,176.97,654.65,0
2009-11-24,00:00,41.82,491.41,-446.13,-43.58,0
2009-11-25,00:00,406.74,913.96,178.24,494.3,0
2009-11-26,00:00,-50.41,451.25,-649.45,0.87,0
2009-11-27,00:00,556.66,1034.59,82.59,522.41,0
2009-11-30,00:00,-13.34,294.03,-487.9,-63.14,0
2009-12-01,00:00,-48.8,119.36,-387.15,-66.08,0
2009-12-02,00:00,644.89,920.55,264.98,558.02,0
2009-12-03,00:00,-301.6,-59.64,-748.29,-359.78,0
2009-12-04,00:00,-66.99,89.45,-278.65,-35.45,0
2009-12-07,00:00,529.81,901.4,305.71,515.38,0
2009-12-08,00:00,-555.39,-141.11,-1032.72,-597.64,0
2009-12-09,00:00,1473.91,1934.13,1332.78,1621.79,0
2009-12-10,00:00,-135.14,280.43,-262.96,-62.92,0
2009-12-11,00:00,617.96,1072.29,320.02,769.38,0
2009-12-14,00:00,-0.32,432.04,-426.35,52.55,0
2009-12-15,00:00,-294.18,59.67,-481.61,-319.39,0
2009-12-16,00:00,-418.31,-141.2,-745.55,-396.46,0
2009-12-17,00:00,-11.49,157.97,-436.33,-125.13,0
2009-12-18,00:00,324.66,782.61,65.76,369.1,0
2009-12-21,00:00,681.13,1065.78,376.5,714.14,0
2009-12-22,00:00,-328.44,-17.64,-557.04,-341.8,0
2009-12-23,00:00,922.3,1023.68,420.93,838.07,0
2009-12-24,00:00,993.86,1517.81,511.94,955.53,0
2009-12-25,00:00,-20.67,444.57,-541.11,-70.75,0
2009-12-28,00:00,-465.08,-261.51,-930.94,-533.27,0
2009-12-29,00:00,-414.89,-232.97,-740.12,-435.09,0
2009-12-30,00:00,228.9,431.06,-236.75,149.55,0
2009-12-31,00:00,321.0,727.4,25.16,311.63,0
2010-01-01,00:00,-482.03,-14.05,-639.22,-378.97,0
2010-01-04,00:00,-28.22,318.33,-417.33,-45.78,0
2010-01-05,00:00,559.52,852.25,275.54,619.81,0
2010-01-06,00:00,-227.51,161.06,-530.13,-213.62,0
2010-01-07,00:00,397.13,865.35,-82.15,391.07,0
2010-01-08,00:00,487.69,738.58,8.36,395.21,0
2010-01-11,00:00,283.32,643.74,72.58,402.2,0
2010-01-12,00:00,56.36,309.35,-402.2,-17.75,0
2010-01-13,00:00,1265.01,1603.0,820.87,1226.43,0
2010-01-14,00:00,200.2,485.33,-149.49,252.52,0
2010-01-15,00:00,770.09,1172.35,476.14,878.04,0
2010-01-18,00:00,-747.33,-541.06,-1142.06,-794.96,0
2010-01-19,00:00,-63.19,295.98,-522.7,-84.7,0
2010-01-20,00:00,194.61,446.64,65.22,209.27,0
2010-01-21,00:00,-307.91,278.07,-770.55,-228.41,0
2010-01-22,00:00,64.69,455.16,-384.32,-19.82,0
2010-01-25,00:00,90.54,489.81,-441.5,15.42,0
2010-01-26,00:00,34.84,483.67,-501.66,-67.98,0
2010-01-27,00:00,-3.04,656.08,-514.14,31.17,0
2010-01-28,00:00,886.91,1411.36,617.87,963.59,0
2010-01-29,00:00,868.62,1262.91,540.92,844.72,0
2010-02-01,00:00,-105.61,278.19,-325.79,17.28,0
2010-02-02,00:00,585.5,735.72,140.6,388.31,0
2010-02-03,00:00,10.98,297.1,-311.53,-27.61,0
2010-02-04,00:00,502.15,916.89,258.26,573.34,0
2010-02-05,00:00,659.51,1076.22,414.94,804.18,0
2010-02-08,00:00,395.6,682.47,-25.84,396.75,0
2010-02-09,00:00,585.13,776.36,319.21,533.0,0
2010-02-10,00:00,172.92,587.2,-380.0,88.81,0
2010-02-11,00:00,29.48,362.48,-397.75,14.78,0
2010-02-12,00:00,9.47,462.26,-385.74,54.24,0
2010-02-15,00:00,349.11,780.83,-83.87,301.98,0
2010-02-16,00:00,-604.66,-149.55,-798.63,-503.7,0
2010-02-17,00:00,-160.15,354.93,-789.9,-303.99,0
2010-02-18,00:00,714.86,1066.05,287.18,584.35,0
2010-02-19,00:00,-251.34,190.8,-883.36,-303.71,0
2010-02-22,00:00,-276.51,190.48,-512.07,-212.17,0
2010-02-23,00:00,231.13,618.92,-18.48,244.12,0
2010-02-24,00:00,430.51,782.33,202.46,534.71,0
2010-02-25,00:00,-1138.13,-825.33,-1524.89,-1184.09,0
2010-02-26,00:00,-104.9,145.16,-599.92,-199.83,0
2010-03-01,00:00,1067.04,1628.67,818.0,1184.74,0
2010-03-02,00:00,117.41,469.7,-386.26,132.26,0
2010-03-03,00:00,-782.91,-498.6,-1058.74,-763.53,0
2010-03-04,00:00,-606.08,-81.11,-1249.43,-658.33,0
2010-03-05,00:00,98.22,598.91,-355.25,78.28,0
2010-03-08,00:00,-62.51,394.8,-461.57,59.1,0
2010-03-09,00:00,266.82,557.6,-140.24,272.91,0
2010-03-10,00:00,937.95,1109.39,616.02,870.37,0
2010-03-11,00:00,406.3,876.64,-189.24,419.58,0
2010-03-12,00:00,107.34,357.83,-86.9,138.52,0
2010-03-15,00:00,-702.39,-362.55,-1235.68,-780.93,0
2010-03-16,00:00,830.83,1366.31,498.81,880.24,0
2010-03-17,00:00,290.22,623.97,-66.44,338.0,0
2010-03-18,00:00,129.81,491.07,-49.71,245.66,0
2010-03-19,00:00,61.05,482.73,-364.1,0.51,0
2010-03-22,00:00,-554.56,-438.51,-742.17,-562.21,0
2010-03-23,00:00,-86.67,386.7,-361.62,33.68,0
2010-03-24,00:00,530.18,698.58,-54.21,364.25,0
2010-03-25,00:00,109.16,539.88,-414.99,75.7,0
2010-03-26,00:00,-121.08,251.66,-691.35,-215.38,0
2010-03-29,00:00,-752.98,-277.08,-1320.28,-726.45,0
2010-03-30,00:00,180.71,487.89,-197.9,120.8,0
2010-03-31,00:00,-90.89,507.94,-601.29,-13.43,0
2010-04-01,00:00,453.32,875.04,65.1,403.95,0
2010-04-02,00:00,555.51,1077.85,267.98,572.12,0
2010-04-05,00:00,148.56,733.47,-268.08,225.65,0
2010-04-06,00:00,620.91,1067.05,-49.95,514.89,0
2010-04-07,00:00,219.08,583.35,-422.87,113.76,0
2010-04-08,00:00,574.93,1147.88,89.62,605.91,0
2010-04-09,00:00,124.66,525.69,-220.85,113.9,0
2010-04-12,00:00,393.36,911.23,8.29,438.42,0
2010-04-13,00:00,-518.69,-107.51,-950.36,-514.67,0
2010-04-14,00:00,573.05,1138.29,-26.74,612.71,0
2010-04-15,00:00,-769.09,-365.91,-905.13,-683.03,0
2010-04-16,00:00,-346.62,-46.26,-622.81,-215.01,0
2010-04-19,00:00,-420.01,2.37,-753.75,-399.4,0
2010-04-20,00:00,571.33,869.04,261.81,597.7,0
2010-04-21,00:00,-339.0,-4.11,-733.31,-424.48,0
2010-04-22,00:00,-29.1,244.01,-299.08,-59.34,0
2010-04-23,00:00,-323.23,28.21,-706.87,-259.09,0
2010-04-26,00:00,-226.86,274.31,-671.39,-182.85,0
2010-04-27,00:00,-100.77,234.85,-427.74,-99.93,0
2010-04-28,00:00,218.77,616.71,26.76,270.67,0
2010-04-29,00:00,338.61,745.83,-138.35,320.96,0
2010-04-30,00:00,-36.09,166.61,-450.51,-25.46,0
2010-05-03,00:00,78.8,423.36,-159.29,108.12,0
2010-05-04,00:00,-101.5,180.08,-451.18,-56.89,0
2010-05-05,00:00,691.7,831.79,251.76,616.79,0
2010-05-06,00:00,682.31,915.37,559.45,714.98,0
2010-05-07,00:00,-139.2,228.47,-388.01,-209.73,0
2010-05-10,00:00,112.64,303.29,-349.76,5.63,0
2010-05-11,00:00,1041.57,1350.76,770.68,1065.2,0
2010-05-12,00:00,1275.64,1444.34,933.1,1192.55,0
2010-05-13,00:00,714.65,1212.02,445.48,754.73,0
2010-05-14,00:00,-7.97,456.92,-108.86,89.93,0
2010-05-17,00:00,518.95,902.47,291.88,648.04,0
2010-05-18,00:00,-725.36,-212.61,-997.99,-647.66,0
2010-05-19,00:00,-368.18,219.56,-890.53,-422.34,0
2010-05-20,00:00,-26.13,231.17,-412.44,-26.81,0
2010-05-21,00:00,-110.62,143.85,-500.12,-104.32,0
2010-05-24,00:00,576.95,943.54,222.0,541.34,0
2010-05-25,00:00,-795.33,-346.75,-1174.69,-774.2,0
2010-05-26,00:00,-1137.7,-867.49,-1347.49,-1115.54,0
2010-05-27,00:00,-21.2,239.64,-403.44,-69.78,0
2010-05-28,00:00,907.33,1454.61,506.06,919.06,0
2010-05-31,00:00,-521.89,-214.84,-760.38,-524.87,0
2010-06-01,00:00,-619.67,-329.84,-1109.52,-666.6,0
2010-06-02,00:00,295.91,855.75,84.39,391.03,0
2010-06-03,00:00,-323.79,1.19,-738.69,-395.96,0
2010-06-04,00:00,281.6,465.43,31.24,307.28,0
2010-06-07,00:00,-453.74,-80.85,-735.67,-398.42,0
2010-06-08,00:00,311.79,759.49,-156.4,320.01,0
2010-06-09,00:00,-316.27,-173.98,-608.79,-445.84,0
2010-06-10,00:00,153.25,617.97,-394.32,96.66,0
2010-06-11,00:00,58.83,421.54,-246.64,102.2,0
2010-06-14,00:00,-527.43,-196.53,-957.66,-517.2,0
2010-06-15,00:00,92.94,526.65,24.19,216.15,0
2010-06-16,00:00,163.21,554.11,-187.39,106.35,0
2010-06-17,00:00,768.56,1064.0,489.64,827.78,0
2010-06-18,00:00,-448.19,-35.87,-754.26,-437.53,0
2010-06-21,00:00,143.86,378.34,-221.91,133.64,0
2010-06-22,00:00,111.09,644.21,-323.41,212.14,0
2010-06-23,00:00,408.78,587.0,62.91,338.01,0
2010-06-24,00:00,971.62,1263.9,707.44,990.83,0
2010-06-25,00:00,-214.73,-18.18,-528.45,-183.71,0
2010-06-28,00:00,1146.01,1480.39,876.01,1095.83,0
2010-06-29,00:00,0.03,375.05,-356.76,15.48,0
2010-06-30,00:00,-30.71,345.25,-599.68,-130.63,0
2010-07-01,00:00,149.96,416.31,-212.86,159.99,0
2010-07-02,00:00,-457.95,-132.32,-913.46,-541.38,0
2010-07-05,00:00,205.08,867.23,-230.66,304.95,0
2010-07-06,00:00,19.82,298.8,-383.49,-72.68,0
2010-07-07,00:00,242.41,555.45,-79.1,261.28,0
2010-07-08,00:00,19.23,438.96,-452.32,22.87,0
2010-07-09,00:00,601.09,1162.17,246.85,694.7,0
2010-07-12,00:00,80.0,389.38,-385.14,-25.12,0
2010-07-13,00:00,-130.27,429.27,-296.33,-15.3,0
2010-07-14,00:00,326.02,537.77,90.29,224.27,0
2010-07-15,00:00,-429.93,62.67,-925.87,-400.35,0
2010-07-16,00:00,-612.01,-274.72,-942.36,-525.41,0
2010-07-19,00:00,-449.57,-132.3,-1008.49,-486.34,0
2010-07-20,00:00,-85.49,131.18,-463.81,-137.96,0
2010-07-21,00:00,-94.62,396.81,-686.04,-156.0,0
2010-07-22,00:00,-561.19,-342.97,-1171.12,-605.4,0
2010-07-23,00:00,220.38,696.39,-111.62,291.8,0
2010-07-26,00:00,280.14,527.48,37.55,312.5,0
2010-07-27,00:00,704.93,1167.06,113.64,744.59,0
2010-07-28,00:00,792.77,959.84,539.08,750.54,0
2010-07-29,00:00,-62.51,225.53,-396.47,-100.67,0
2010-07-30,00:00,643.56,852.27,350.04,611.66,0
2010-08-02,00:00,142.65,651.56,-152.77,160.13,0
2010-08-03,00:00,114.44,748.44,-714.69,28.31,0
2010-08-04,00:00,299.38,775.86,-125.61,342.04,0
2010-08-05,00:00,-14.74,223.65,-271.51,57.09,0
2010-08-06,00:00,-323.41,211.26,-822.19,-338.15,0
2010-08-09,00:00,361.13,667.29,73.34,366.45,0
2010-08-10,00:00,243.34,850.91,11.15,334.62,0
2010-08-11,00:00,-473.83,-132.75,-1038.76,-524.04,0
2010-08-12,00:00,547.33,947.59,154.73,452.01,0
2010-08-13,00:00,295.87,867.23,-160.65,352.27,0
2010-08-16,00:00,684.97,943.53,478.08,739.5,0
2010-08-17,00:00,-28.09,229.81,-339.74,-8.68,0
2010-08-18,00:00,-389.73,228.6,-738.61,-334.09,0
2010-08-19,00:00,805.31,1155.61,452.58,916.2,0
2010-08-20,00:00,265.31,596.22,-201.75,177.46,0
2010-08-23,00:00,46.14,328.05,-63.59,43.4,0
2010-08-24,00:00,146.84,524.69,-200.58,130.95,0
2010-08-25,00:00,-402.47,58.21,-762.65,-276.68,0
2010-08-26,00:00,-146.08,395.44,-518.69,-25.12,0
2010-08-27,00:00,862.29,1183.09,656.28,879.61,0
2010-08-30,00:00,-340.51,-122.62,-778.67,-419.51,0
2010-08-31,00:00,285.9,766.79,-31.35,353.1,0
2010-09-01,00:00,-94.27,134.49,-404.32,19.71,0
2010-09-02,00:00,-191.93,168.33,-606.06,-132.17,0
2010-09-03,00:00,-5.53,388.37,-161.62,98.39,0
2010-09-06,00:00,-89.88,158.39,-346.4,-162.19,0
2010-09-07,00:00,-236.02,80.93,-565.03,-309.08,0
2010-09-08,00:00,575.51,1025.82,155.9,589.62,0
2010-09-09,00:00,304.84,809.82,-147.65,299.98,0
2010-09-10,00:00,291.3,784.72,-9.81,315.2,0
2010-09-13,00:00,234.68,494.37,-160.06,143.89,0
2010-09-14,00:00,-363.36,151.42,-910.67,-386.78,0
2010-09-15,00:00,-353.12,273.58,-757.44,-341.14,0
2010-09-16,00:00,-1230.63,-964.3,-1729.33,-1387.39,0
2010-09-17,00:00,-511.39,7.03,-657.25,-308.03,0
2010-09-20,00:00,300.38,822.52,-106.79,345.92,0
2010-09-21,00:00,-46.91,230.63,-348.6,-58.38,0
2010-09-22,00:00,-424.21,12.77,-894.02,-392.26,0
2010-09-23,00:00,534.82,833.59,104.14,481.16,0
2010-09-24,00:00,412.29,916.77,-61.85,386.99,0
2010-09-27,00:00,-58.64,476.44,-389.35,-87.73,0
2010-09-28,00:00,733.01,1023.86,493.75,750.94,0
2010-09-29,00:00,135.28,597.04,-172.68,183.36,0
2010-09-30,00:00,218.93,718.57,-124.19,251.09,0
2010-10-01,00:00,410.6,688.21,-7.6,338.27,0
2010-10-04,00:00,-832.54,-464.63,-1125.76,-816.56,0
2010-10-05,00:00,-207.35,-54.65,-276.24,-11.64,0
2010-10-06,00:00,-227.55,351.8,-565.79,-181.86,0
2010-10-07,00:00,-507.38,-312.39,-613.21,-512.54,0
2010-10-08,00:00,-105.64,319.79,-370.6,-8.17,0
2010-10-11,00:00,340.34,793.73,-171.68,306.0,0
2010-10-12,00:00,310.39,818.89,-30.71,356.28,0
2010-10-13,00:00,730.29,1017.79,369.45,755.82,0
2010-10-14,00:00,531.1,553.78,128.15,469.76,0
2010-10-15,00:00,591.9,724.49,68.58,510.94,0
2010-10-18,00:00,416.15,762.69,-99.09,369.4,0
2010-10-19,00:00,-88.62,318.07,-591.43,-180.4,0
2010-10-20,00:00,399.62,721.23,92.1,419.35,0
2010-10-21,00:00,-671.03,-254.44,-1189.3,-764.7,0
2010-10-22,00:00,136.07,621.79,-313.59,207.78,0
2010-10-25,00:00,-863.57,-294.5,-1288.06,-861.57,0
2010-10-26,00:00,-609.76,-217.89,-1201.17,-642.64,0
2010-10-27,00:00,225.48,354.66,79.08,260.68,0
2010-10-28,00:00,-1.44,189.88,-489.3,-41.0,0
2010-10-29,00:00,338.46,678.65,7.13,377.66,0
2010-11-01,00:00,315.35,944.09,174.91,457.4,0
2010-11-02,00:00,3.76,458.52,-208.78,104.77,0
2010-11-03,00:00,-299.31,58.79,-535.19,-272.08,0
2010-11-04,00:00,559.68,934.73,122.93,584.4,0
2010-11-05,00:00,75.32,549.27,-579.96,8.49,0
2010-11-08,00:00,-143.96,345.72,-473.98,-230.4,0
2010-11-09,00:00,469.07,534.14,22.17,298.82,0
2010-11-10,00:00,691.41,957.79,248.68,669.4,0
2010-11-11,00:00,-143.96,112.12,-590.78,-227.88,0
2010-11-12,00:00,-175.98,204.03,-397.99,-162.69,0
2010-11-15,00:00,105.51,425.91,-495.2,67.29,0
2010-11-16,00:00,-72.0,300.78,-312.05,-4.74,0
2010-11-17,00:00,491.95,898.43,159.02,475.85,0
2010-11-18,00:00,-622.35,-307.34,-956.01,-614.26,0
2010-11-19,00:00,-359.26,-26.18,-587.35,-313.76,0
2010-11-22,00:00,148.86,437.57,-183.21,73.61,0
2010-11-23,00:00,70.56,546.54,-175.97,123.5,0
2010-11-24,00:00,-187.37,402.09,-675.59,-56.34,0
2010-11-25,00:00,514.92,1206.11,47.1,581.81,0
2010-11-26,00:00,-258.02,39.35,-388.0,-205.54,0
2010-11-29,00:00,677.35,1259.27,304.27,761.03,0
2010-11-30,00:00,448.58,750.62,169.17,431.46,0
2010-12-01,00:00,635.55,927.18,291.33,660.85,0
2010-12-02,00:00,1.57,439.29,-499.44,-4.28,0
2010-12-03,00:00,-385.18,72.89,-702.19,-241.41,0
2010-12-06,00:00,-123.09,39.34,-725.74,-267.49,0
2010-12-07,00:00,680.86,1086.95,274.0,659.53,0
2010-12-08,00:00,1501.93,1817.26,987.79,1462.65,0
2010-12-09,00:00,-647.19,-233.24,-1156.18,-643.41,0
2010-12-10,00:00,578.18,870.4,271.8,546.43,0
2010-12-13,00:00,-175.96,249.25,-498.85,-119.45,0
2010-12-14,00:00,749.47,1040.54,443.16,741.39,0
2010-12-15,00:00,551.34,813.95,294.51,443.32,0
2010-12-16,00:00,-112.39,333.42,-485.7,-76.29,0
2010-12-17,00:00,250.55,718.38,-165.53,232.64,0
2010-12-20,00:00,528.47,998.62,157.49,562.93,0
2010-12-21,00:00,-321.87,92.15,-734.24,-268.22,0
2010-12-22,00:00,-165.21,338.39,-493.95,-76.51,0
2010-12-23,00:00,-140.08,302.2,-580.64,-114.11,0
2010-12-24,00:00,356.81,657.42,-157.88,224.03,0
2010-12-27,00:00,44.35,247.93,-386.39,-19.87,0
2010-12-28,00:00,876.28,1528.18,509.53,935.58,0
2010-12-29,00:00,523.87,1119.4,225.0,671.3,0
2010-12-30,00:00,-560.33,-215.49,-1126.23,-710.43,0
2010-12-31,00:00,603.75,1003.33,260.07,664.56,0
2011-01-03,00:00,-108.53,443.29,-480.87,-81.9,0
2011-01-04,00:00,-208.76,81.12,-421.94,-161.74,0
2011-01-05,00:00,518.73,657.41,151.55,390.42,0
2011-01-06,00:00,836.89,1170.25,290.03,785.28,0
2011-01-07,00:00,267.18,585.42,-91.53,249.21,0
2011-01-10,00:00,828.68,1066.08,515.41,853.43,0
2011-01-11,00:00,1021.99,1457.34,775.17,1099.81,0
2011-01-12,00:00,1274.98,1582.81,857.17,1235.06,0
2011-01-13,00:00,699.47,995.18,429.07,638.88,0
2011-01-14,00:00,-7.33,195.95,-412.07,-45.31,0
2011-01-17,00:00,-185.37,188.03,-668.39,-270.21,0
2011-01-18,00:00,-237.16,99.75,-722.96,-263.52,0
2011-01-19,00:00,196.28,611.84,-323.06,164.4,0
2011-01-20,00:00,60.05,377.28,-254.27,80.03,0
2011-01-21,00:00,413.5,863.9,81.78,485.99,0
2011-01-24,00:00,8.38,255.62,-337.6,-26.96,0
2011-01-25,00:00,641.56,1010.02,154.69,569.87,0
2011-01-26,00:00,438.97,911.99,94.72,501.18,0
2011-01-27,00:00,-577.18,-86.59,-718.87,-429.57,0
2011-01-28,00:00,-57.8,205.96,-294.86,-54.45,0
2011-01-31,00:00,11.23,487.7,-258.23,158.93,0
2011-02-01,00:00,1180.84,1690.62,871.73,1260.48,0
2011-02-02,00:00,-103.13,398.47,-316.72,23.87,0
2011-02-03,00:00,727.22,1105.96,295.28,746.28,0
2011-02-04,00:00,-226.12,204.77,-801.57,-370.66,0
2011-02-07,00:00,-334.78,101.32,-509.76,-225.39,0
2011-02-08,00:00,338.89,568.2,97.49,267.02,0
2011-02-09,00:00,-478.46,-221.64,-782.02,-485.48,0
2011-02-10,00:00,103.49,436.29,-336.54,99.39,0
2011-02-11,00:00,-44.69,419.63,-447.5,40.94,0
2011-02-14,00:00,-297.81,193.78,-654.9,-288.87,0
2011-02-15,00:00,75.35,308.05,-66.54,101.88,0
2011-02-16,00:00,-549.43,-46.15,-917.77,-551.69,0
2011-02-17,00:00,1467.42,1987.48,1046.41,1519.84,0
2011-02-18,00:00,466.45,900.06,-65.53,392.62,0
2011-02-21,00:00,664.91,1023.77,364.95,763.38,0
2011-02-22,00:00,1104.35,1612.67,669.64,1050.64,0
2011-02-23,00:00,1112.38,1395.36,802.17,1139.17,0
2011-02-24,00:00,-93.37,359.64,-471.08,-5.33,0
2011-02-25,00:00,1142.58,1351.49,1063.44,1135.51,0
2011-02-28,00:00,-353.44,28.21,-852.82,-398.36,0
2011-03-01,00:00,-225.53,47.06,-465.01,-259.24,0
2011-03-02,00:00,-498.22,-157.76,-920.96,-484.78,0
2011-03-03,00:00,695.12,1230.16,587.2,799.06,0
2011-03-04,00:00,6.43,391.14,-552.7,-47.71,0
2011-03-07,00:00,797.51,1143.03,293.92,714.06,0
2011-03-08,00:00,988.08,1382.29,637.54,975.19,0
2011-03-09,00:00,-637.68,-451.16,-1013.95,-662.15,0
2011-03-10,00:00,574.77,779.72,349.03,518.79,0
2011-03-11,00:00,-364.46,-48.32,-765.42,-495.18,0
2011-03-14,00:00,141.61,599.99,-115.36,258.04,0
2011-03-15,00:00,-548.58,-213.28,-1075.65,-628.05,0
2011-03-16,00:00,195.27,674.41,-240.98,225.94,0
2011-03-17,00:00,-259.82,222.64,-462.47,-139.23,0
2011-03-18,00:00,572.12,953.91,185.17,632.71,0
2011-03-21,00:00,70.26,627.09,-189.56,108.95,0
2011-03-22,00:00,16.02,393.8,-388.91,103.29,0
2011-03-23,00:00,-207.67,255.45,-433.04,-156.84,0
2011-03-24,00:00,349.59,585.4,-7.46,410.61,0
2011-03-25,00:00,-16.91,493.51,-734.64,-61.8,0
2011-03-28,00:00,385.91,647.28,17.44,371.07,0
2011-03-29,00:00,259.43,438.08,-82.1,205.34,0
2011-03-30,00:00,514.66,1121.25,41.87,491.54,0
2011-03-31,00:00,339.46,623.23,-236.92,158.52,0
2011-04-01,00:00,-216.75,62.24,-651.43,-312.25,0
2011-04-04,00:00,367.05,528.11,62.89,302.07,0
2011-04-05,00:00,20.39,344.19,-506.22,-103.15,0
2011-04-06,00:00,208.35,688.48,-20.05,305.13,0
2011-04-07,00:00,505.59,919.1,308.38,609.05,0
2011-04-08,00:00,189.2,551.59,-283.57,127.31,0
2011-04-11,00:00,-121.62,201.54,-557.74,-172.83,0
2011-04-12,00:00,-114.57,432.94,-519.71,-70.54,0
2011-04-13,00:00,98.11,598.45,-380.17,75.35,0
2011-04-14,00:00,-304.6,-152.44,-736.9,-503.66,0
2011-04-15,00:00,272.1,650.03,-155.01,267.86,0
2011-04-18,00:00,163.93,421.18,-209.52,92.52,0
2011-04-19,00:00,23.74,281.85,-387.32,-19.64,0
2011-04-20,00:00,-113.4,148.42,-435.65,-165.04,0
2011-04-21,00:00,149.8,440.71,-241.2,92.6,0
2011-04-22,00:00,-154.2,181.54,-634.08,-284.32,0
2011-04-25,00:00,516.41,820.85,101.65,519.74,0
2011-04-26,00:00,-632.0,-415.16,-1076.34,-738.67,0
2011-04-27,00:00,-757.6,-270.13,-1174.79,-677.91,0
2011-04-28,00:00,422.27,679.01,44.58,460.42,0
2011-04-29,00:00,826.13,1065.43,505.57,778.05,0
2011-05-02,00:00,-501.66,-56.04,-739.87,-462.41,0
2011-05-03,00:00,-174.19,141.52,-685.83,-344.69,0
2011-05-04,00:00,-223.05,73.41,-775.95,-350.25,0
2011-05-05,00:00,396.93,517.88,-115.17,271.61,0
2011-05-06,00:00,532.15,903.22,167.13,541.54,0
2011-05-09,00:00,-440.64,-72.23,-945.54,-495.97,0
2011-05-10,00:00,-251.45,355.75,-718.01,-139.39,0
2011-05-11,00:00,-237.92,349.68,-552.38,-39.96,0
2011-05-12,00:00,-150.03,61.13,-393.41,-71.39,0
2011-05-13,00:00,576.95,947.69,155.3,464.08,0
2011-05-16,00:00,662.01,1003.83,391.49,710.72,0
2011-05-17,00:00,526.63,786.02,129.14,490.17,0
2011-05-18,00:00,466.18,520.23,-253.24,210.73,0
2011-05-19,00:00,11.69,460.43,-207.77,78.32,0
2011-05-20,00:00,567.47,867.83,-172.07,454.48,0
2011-05-23,00:00,22.17,92.6,-374.86,-54.96,0
2011-05-24,00:00,866.24,1154.28,548.63,943.17,0
2011-05-25,00:00,485.69,807.83,9.37,383.36,0
2011-05-26,00:00,-270.04,137.51,-612.89,-223.65,0
2011-05-27,00:00,-515.94,-79.46,-1117.19,-522.79,0
2011-05-30,00:00,-11.73,445.51,-586.6,46.8,0
2011-05-31,00:00,1386.81,1650.39,1064.7,1392.58,0
2011-06-01,00:00,-245.08,163.7,-558.42,-175.79,0
2011-06-02,00:00,78.74,683.9,-388.85,132.79,0
2011-06-03,00:00,791.06,1080.51,580.14,772.4,0
2011-06-06,00:00,380.46,869.82,-87.57,298.41,0
2011-06-07,00:00,-136.35,405.22,-667.18,-115.15,0
2011-06-08,00:00,22.98,323.16,-430.11,-57.24,0
2011-06-09,00:00,629.82,1004.54,214.56,600.74,0
2011-06-10,00:00,-506.69,37.25,-638.67,-415.01,0
2011-06-13,00:00,86.38,574.69,-154.96,80.85,0
2011-06-14,00:00,-776.14,-416.88,-1210.49,-738.26,0
2011-06-15,00:00,782.22,1033.16,470.35,782.99,0
2011-06-16,00:00,638.44,1064.39,393.45,714.22,0
2011-06-17,00:00,109.03,448.35,-467.79,-118.16,0
2011-06-20,00:00,-357.85,2.11,-798.36,-410.21,0
2011-06-21,00:00,1140.49,1746.04,516.89,1154.51,0
2011-06-22,00:00,150.94,556.36,-494.53,52.82,0
2011-06-23,00:00,-268.2,224.98,-777.64,-320.88,0
2011-06-24,00:00,677.42,855.35,442.15,659.86,0
2011-06-27,00:00,-801.56,-216.31,-1040.84,-703.68,0
2011-06-28,00:00,14.94,430.7,-427.25,-62.64,0
2011-06-29,00:00,149.17,670.44,-352.26,120.46,0
2011-06-30,00:00,-1218.24,-849.7,-1430.69,-1160.38,0
2011-07-01,00:00,-363.57,-90.72,-717.68,-354.79,0
2011-07-04,00:00,47.08,483.91,-439.7,3.52,0
2011-07-05,00:00,431.95,978.31,49.36,568.08,0
2011-07-06,00:00,898.42,1282.94,634.2,1015.04,0
2011-07-07,00:00,-26.02,367.05,-454.35,-24.6,0
2011-07-08,00:00,-321.7,-10.35,-823.97,-478.94,0
2011-07-11,00:00,-146.08,188.26,-593.22,-225.89,0
2011-07-12,00:00,764.07,1054.46,138.0,739.83,0
2011-07-13,00:00,28.89,532.93,-277.77,100.33,0
2011-07-14,00:00,514.85,1082.66,-102.68,483.52,0
2011-07-15,00:00,230.02,625.11,206.32,295.35,0
2011-07-18,00:00,-144.37,89.14,-626.54,-277.24,0
2011-07-19,00:00,-155.16,313.79,-313.86,-84.22,0
2011-07-20,00:00,307.05,826.23,129.74,433.33,0
2011-07-21,00:00,506.65,718.26,-185.8,384.0,0
2011-07-22,00:00,-500.88,-110.9,-780.39,-497.37,0
2011-07-25,00:00,251.81,636.08,-23.82,325.49,0
2011-07-26,00:00,-1111.14,-697.07,-1656.61,-1175.79,0
2011-07-27,00:00,-496.1,-197.01,-820.16,-471.32,0
2011-07-28,00:00,17.18,319.75,-407.91,15.12,0
2011-07-29,00:00,-839.82,-465.1,-1331.3,-888.22,0
2011-08-01,00:00,-422.47,-77.31,-606.43,-365.32,0
2011-08-02,00:00,-210.61,259.75,-467.27,-166.24,0
2011-08-03,00:00,158.36,630.64,-249.94,174.52,0
2011-08-04,00:00,555.81,782.2,187.99,503.27,0
2011-08-05,00:00,843.08,1120.74,395.27,797.44,0
2011-08-08,00:00,719.69,1106.84,393.68,691.57,0
2011-08-09,00:00,885.03,1511.27,631.15,985.33,0
2011-08-10,00:00,1.43,287.24,-389.75,-34.84,0
2011-08-11,00:00,637.34,867.79,230.19,549.58,0
2011-08-12,00:00,-753.22,-274.88,-1371.71,-819.58,0
2011-08-15,00:00,735.43,1154.03,472.97,834.83,0
2011-08-16,00:00,159.98,613.84,-342.66,200.27,0
2011-08-17,00:00,78.95,399.96,-286.81,36.77,0
2011-08-18,00:00,919.82,1205.68,628.06,948.41,0
2011-08-19,00:00,400.29,579.8,-122.78,339.95,0
2011-08-22,00:00,557.2,1192.83,324.77,690.21,0
2011-08-23,00:00,406.83,754.45,-113.35,252.23,0
2011-08-24,00:00,-442.81,100.21,-758.32,-399.61,0
2011-08-25,00:00,-374.64,186.34,-735.48,-292.86,0
2011-08-26,00:00,673.05,1128.65,279.86,695.08,0
2011-08-29,00:00,-50.32,187.65,-785.67,-262.17,0
2011-08-30,00:00,-222.37,279.35,-375.13,-156.93,0
2011-08-31,00:00,303.49,859.97,-149.07,414.4,0
2011-09-01,00:00,-140.89,111.12,-474.8,-147.0,0
2011-09-02,00:00,-0.0,540.43,-592.9,-42.81,0
2011-09-05,00:00,-44.67,421.2,-364.23,24.1,0
2011-09-06,00:00,-93.48,332.97,-424.53,-50.37,0
2011-09-07,00:00,-349.23,132.02,-672.33,-257.78,0
2011-09-08,00:00,-41.68,223.6,-377.86,-127.92,0
2011-09-09,00:00,165.74,490.43,-173.78,201.45,0
2011-09-12,00:00,645.7,981.15,312.02,627.85,0
2011-09-13,00:00,238.77,686.23,-203.07,195.52,0
2011-09-14,00:00,-74.5,266.95,-543.06,-119.35,0
2011-09-15,00:00,353.31,908.18,-187.33,428.86,0
2011-09-16,00:00,-482.73,-115.86,-779.19,-436.51,0
2011-09-19,00:00,25.43,507.12,-321.91,49.25,0
2011-09-20,00:00,-57.79,374.03,-515.51,-16.57,0
2011-09-21,00:00,0.34,299.14,-240.24,25.39,0
2011-09-22,00:00,399.63,749.19,20.04,402.27,0
2011-09-23,00:00,-309.69,197.31,-633.99,-199.12,0
2011-09-26,00:00,-585.28,-127.58,-841.02,-461.89,0
2011-09-27,00:00,-114.05,280.73,-394.45,-95.3,0
2011-09-28,00:00,-1156.82,-761.58,-1614.93,-1182.5,0
2011-09-29,00:00,-1035.28,-568.74,-1372.61,-1082.71,0
2011-09-30,00:00,833.36,1211.51,640.17,974.09,0
2011-10-03,00:00,195.47,665.41,-474.64,94.97,0
2011-10-04,00:00,34.52,273.8,-327.19,-32.61,0
2011-10-05,00:00,-21.23,449.54,-506.89,-79.28,0
2011-10-06,00:00,-561.07,-180.27,-831.09,-461.87,0
2011-10-07,00:00,242.83,641.46,19.98,276.05,0
2011-10-10,00:00,12.18,615.44,-556.62,55.05,0
2011-10-11,00:00,696.14,950.1,304.45,619.57,0
2011-10-12,00:00,199.37,505.61,-230.38,177.79,0
2011-10-13,00:00,687.06,1161.35,309.04,730.35,0
2011-10-14,00:00,-47.04,403.21,-406.66,-0.38,0
2011-10-17,00:00,462.49,870.99,89.15,458.44,0
2011-10-18,00:00,114.11,483.77,-196.32,100.14,0
2011-10-19,00:00,-8.94,504.13,-556.13,4.56,0
2011-10-20,00:00,-100.11,217.64,-432.95,-137.78,0
2011-10-21,00:00,463.64,945.8,-2.77,552.03,0
2011-10-24,00:00,136.11,444.57,-118.64,122.78,0
2011-10-25,00:00,-191.44,211.34,-558.25,-95.54,0
2011-10-26,00:00,214.42,660.02,-76.62,267.69,0
2011-10-27,00:00,-866.07,-491.19,-1229.11,-815.4,0
2011-10-28,00:00,-114.23,259.63,-532.73,-149.47,0
2011-10-31,00:00,219.05,701.19,-80.26,280.75,0
2011-11-01,00:00,-186.52,292.62,-442.17,-155.58,0
2011-11-02,00:00,75.46,458.78,-206.13,87.07,0
2011-11-03,00:00,-511.3,-104.32,-729.45,-402.36,0
2011-11-04,00:00,-1102.01,-563.27,-1272.63,-940.82,0
2011-11-07,00:00,-72.35,291.72,-445.24,-1.48,0
2011-11-08,00:00,-301.51,92.06,-524.58,-156.79,0
2011-11-09,00:00,-263.4,79.01,-520.12,-218.46,0
2011-11-10,00:00,-287.64,102.25,-541.96,-312.59,0
2011-11-11,00:00,-288.68,210.63,-830.39,-256.07,0
2011-11-14,00:00,-610.84,-328.31,-942.81,-618.98,0
2011-11-15,00:00,-140.36,140.94,-458.82,-239.72,0
2011-11-16,00:00,338.13,760.54,-6.12,435.46,0
2011-11-17,00:00,-492.31,155.07,-1042.96,-387.89,0
2011-11-18,00:00,597.85,748.25,348.43,505.33,0
2011-11-21,00:00,520.2,1064.3,172.35,555.84,0
2011-11-22,00:00,-218.86,66.45,-746.65,-339.03,0
2011-11-23,00:00,-392.93,-5.06,-709.14,-348.61,0
2011-11-24,00:00,164.09,671.31,-56.68,339.85,0
2011-11-25,00:00,-865.78,-619.85,-1214.77,-893.33,0
2011-11-28,00:00,-238.47,189.32,-700.86,-223.24,0
2011-11-29,00:00,-58.55,40.84,-350.22,-262.17,0
2011-11-30,00:00,-396.31,-10.24,-711.1,-374.18,0
2011-12-01,00:00,211.65,512.05,-301.22,177.05,0
2011-12-02,00:00,-875.78,-373.83,-1320.65,-938.11,0
2011-12-05,00:00,-447.17,88.17,-858.75,-410.87,0
2011-12-06,00:00,150.78,268.39,-159.2,111.15,0
2011-12-07,00:00,-611.86,-309.43,-975.5,-627.68,0
2011-12-08,00:00,1.84,515.54,-238.34,89.39,0
2011-12-09,00:00,771.35,1088.12,192.84,732.17,0
2011-12-12,00:00,1046.73,1513.1,900.8,1117.17,0
2011-12-13,00:00,-572.39,-273.12,-732.23,-562.36,0
2011-12-14,00:00,148.0,401.19,-155.66,137.49,0
2011-12-15,00:00,-380.59,-123.65,-644.06,-419.78,0
2011-12-16,00:00,135.26,542.39,-69.48,226.45,0
2011-12-19,00:00,230.3,604.55,-268.81,226.39,0
2011-12-20,00:00,505.25,914.12,180.63,600.99,0
2011-12-21,00:00,431.6,716.86,85.43,405.7,0
2011-12-22,00:00,-490.01,-62.03,-571.47,-419.91,0
2011-12-23,00:00,686.76,1088.74,171.47,635.29,0
2011-12-26,00:00,49.28,569.7,-341.96,51.41,0
2011-12-27,00:00,94.8,584.96,-545.77,-38.67,0
2011-12-28,00:00,-575.04,-102.1,-1035.65,-539.36,0
2011-12-29,00:00,122.66,528.37,-7.51,275.28,0
2011-12-30,00:00,18.09,433.28,-430.42,85.61,0
2012-01-02,00:00,-594.99,-25.88,-830.69,-575.95,0
2012-01-03,00:00,-608.61,-121.71,-1262.37,-733.06,0
2012-01-04,00:00,604.23,1033.02,151.79,608.09,0
2012-01-05,00:00,-190.17,117.75,-574.13,-239.41,0
2012-01-06,00:00,-84.69,465.28,-424.94,45.36,0
2012-01-09,00:00,116.02,487.88,-423.1,89.11,0
2012-01-10,00:00,677.79,1229.32,148.86,689.98,0
2012-01-11,00:00,977.94,1302.08,526.63,1013.77,0
2012-01-12,00:00,-360.85,-54.98,-739.27,-395.85,0
2012-01-13,00:00,-185.45,273.5,-564.89,-197.5,0
2012-01-16,00:00,115.11,694.78,-230.68,232.17,0
2012-01-17,00:00,-559.69,-34.52,-856.61,-480.27,0
2012-01-18,00:00,559.89,988.14,197.27,566.43,0
2012-01-19,00:00,-82.93,204.68,-668.22,-145.25,0
2012-01-20,00:00,-496.22,-116.42,-812.48,-503.0,0
2012-01-23,00:00,-305.75,16.89,-784.23,-378.48,0
2012-01-24,00:00,135.36,635.79,-218.4,171.25,0
2012-01-25,00:00,-558.91,-301.94,-1011.75,-633.84,0
2012-01-26,00:00,350.19,735.6,63.75,364.71,0
2012-01-27,00:00,-979.22,-563.05,-1291.63,-863.92,0
2012-01-30,00:00,-261.68,263.35,-694.64,-177.21,0
2012-01-31,00:00,185.5,494.38,-97.55,213.77,0
2012-02-01,00:00,-918.83,-719.63,-1337.54,-1083.24,0
2012-02-02,00:00,669.4,883.57,430.0,657.01,0
2012-02-03,00:00,-601.66,-260.04,-819.35,-603.83,0
2012-02-06,00:00,-426.9,160.81,-938.59,-344.09,0
2012-02-07,00:00,26.02,431.29,-384.77,7.78,0
2012-02-08,00:00,-71.28,429.57,-597.71,-113.5,0
2012-02-09,00:00,215.43,592.64,-476.92,119.64,0
2012-02-10,00:00,-92.21,470.88,-774.24,-129.8,0
2012-02-13,00:00,115.72,561.67,-140.26,211.99,0
2012-02-14,00:00,376.27,563.49,-145.17,233.01,0
2012-02-15,00:00,-72.76,457.28,-462.93,-29.95,0
2012-02-16,00:00,485.7,750.27,121.24,475.47,0
2012-02-17,00:00,296.15,462.71,-1.86,237.24,0
2012-02-20,00:00,135.09,560.36,-103.87,109.83,0
2012-02-21,00:00,410.92,876.96,-172.25,358.52,0
2012-02-22,00:00,782.44,1219.84,517.45,819.68,0
2012-02-23,00:00,-406.67,-117.94,-563.61,-362.47,0
2012-02-24,00:00,-750.07,-417.35,-1226.41,-783.84,0
2012-02-27,00:00,542.96,1036.54,38.57,553.78,0
2012-02-28,00:00,476.78,909.8,68.06,486.54,0
2012-02-29,00:00,168.13,571.4,-98.85,132.57,0
2012-03-01,00:00,-506.91,7.57,-954.61,-486.03,0
2012-03-02,00:00,-334.0,31.9,-810.61,-352.41,0
2012-03-05,00:00,987.09,1465.05,603.99,1052.05,0
2012-03-06,00:00,173.55,418.36,-379.42,48.99,0
2012-03-07,00:00,-850.55,-418.16,-1362.57,-873.33,0
2012-03-08,00:00,121.06,377.37,-313.12,135.92,0
2012-03-09,00:00,727.56,1324.96,433.2,854.14,0
2012-03-12,00:00,853.63,1064.66,354.49,839.31,0
2012-03-13,00:00,-350.27,134.07,-566.17,-249.17,0
2012-03-14,00:00,227.22,605.05,-201.17,121.23,0
2012-03-15,00:00,966.78,1085.27,836.04,918.02,0
2012-03-16,00:00,-414.82,273.43,-876.07,-238.18,0
2012-03-19,00:00,433.95,773.26,-73.27,428.5,0
2012-03-20,00:00,628.6,1206.23,352.34,729.78,0
2012-03-21,00:00,673.5,1177.27,46.85,605.13,0
2012-03-22,00:00,555.07,1032.87,264.77,620.81,0
2012-03-23,00:00,-292.76,-114.93,-471.8,-300.34,0
2012-03-26,00:00,73.37,467.53,-343.35,33.35,0
2012-03-27,00:00,6.29,368.64,-549.07,-34.13,0
2012-03-28,00:00,128.72,349.97,-163.8,35.55,0
2012-03-29,00:00,451.59,849.3,80.97,407.46,0
2012-03-30,00:00,-664.5,-280.14,-949.61,-566.35,0
2012-04-02,00:00,317.11,486.64,58.94,250.27,0
2012-04-03,00:00,887.15,1386.24,604.41,942.33,0
2012-04-04,00:00,-462.36,25.77,-757.16,-369.26,0
2012-04-05,00:00,172.28,647.69,-84.95,230.8,0
2012-04-06,00:00,-900.49,-516.46,-1498.05,-941.07,0
2012-04-09,00:00,216.83,821.25,-59.8,413.91,0
2012-04-10,00:00,-1340.09,-689.33,-1805.79,-1261.64,0
2012-04-11,00:00,200.48,447.35,-10.3,110.24,0
2012-04-12,00:00,0.65,427.14,-510.56,-34.7,0
2012-04-13,00:00,728.89,983.98,444.26,663.68,0
2012-04-16,00:00,443.54,904.83,142.36,522.74,0
2012-04-17,00:00,-188.23,199.37,-626.5,-236.19,0
2012-04-18,00:00,280.09,634.84,40.33,343.9,0
2012-04-19,00:00,240.02,934.96,36.58,393.22,0
2012-04-20,00:00,721.7,1063.35,342.32,718.28,0
2012-04-23,00:00,-226.91,278.4,-531.67,-133.94,0
2012-04-24,00:00,1002.42,1554.07,586.03,1048.22,0
2012-04-25,00:00,367.02,753.97,-80.39,287.47,0
2012-04-26,00:00,-440.53,-52.34,-782.63,-380.98,0
2012-04-27,00:00,186.81,593.72,-171.05,117.43,0
2012-04-30,00:00,640.61,999.54,64.79,585.96,0
2012-05-01,00:00,-81.28,545.29,-474.88,-25.5,0
2012-05-02,00:00,-388.28,-157.76,-862.88,-445.6,0
2012-05-03,00:00,538.38,914.73,41.41,471.49,0
2012-05-04,00:00,-269.18,72.52,-650.26,-296.12,0
2012-05-07,00:00,-342.31,-53.87,-765.03,-393.59,0
2012-05-08,00:00,737.97,1188.32,192.08,760.94,0
2012-05-09,00:00,-75.08,72.75,-551.41,-210.44,0
2012-05-10,00:00,20.78,404.93,-397.62,-76.35,0
2012-05-11,00:00,282.57,628.67,-95.96,242.34,0
2012-05-14,00:00,-376.17,21.14,-830.89,-387.27,0
2012-05-15,00:00,513.7,1132.35,-2.94,576.75,0
2012-05-16,00:00,-1081.45,-774.92,-1325.57,-1051.23,0
2012-05-17,00:00,-1186.57,-771.3,-1445.01,-1096.16,0
2012-05-18,00:00,-26.55,354.39,-578.53,-111.25,0
2012-05-21,00:00,474.14,850.64,125.8,473.85,0
2012-05-22,00:00,32.49,417.47,-277.1,-18.56,0
2012-05-23,00:00,75.85,606.65,-343.45,81.36,0
2012-05-24,00:00,-516.38,-206.38,-1034.28,-654.4,0
2012-05-25,00:00,-355.21,-239.53,-810.71,-424.11,0
2012-05-28,00:00,-487.94,-163.55,-746.78,-475.61,0
2012-05-29,00:00,-173.75,131.14,-806.08,-210.86,0
2012-05-30,00:00,105.77,337.42,-359.17,22.58,0
2012-05-31,00:00,395.2,888.16,-25.19,344.31,0
2012-06-01,00:00,478.62,652.29,-73.96,289.12,0
2012-06-04,00:00,8.55,366.36,-217.56,103.79,0
2012-06-05,00:00,-179.28,173.82,-566.41,-186.74,0
2012-06-06,00:00,-606.14,-95.67,-915.23,-551.91,0
2012-06-07,00:00,343.42,761.93,97.28,330.38,0
2012-06-08,00:00,-535.88,132.25,-989.09,-446.55,0
2012-06-11,00:00,254.25,751.34,-26.4,210.12,0
2012-06-12,00:00,588.0,1084.41,150.68,598.07,0
2012-06-13,00:00,198.34,561.25,-247.16,177.8,0
2012-06-14,00:00,410.84,861.18,86.98,441.79,0
2012-06-15,00:00,362.1,847.8,37.52,475.68,0
2012-06-18,00:00,-753.86,-161.64,-1189.79,-648.49,0
2012-06-19,00:00,495.11,888.18,63.41,476.74,0
2012-06-20,00:00,-1.14,97.89,-226.76,-44.73,0
2012-06-21,00:00,1261.89,1566.55,719.57,1159.34,0
2012-06-22,00:00,237.34,453.66,-108.87,107.13,0
2012-06-25,00:00,1081.41,1456.51,741.0,1045.81,0
2012-06-26,00:00,236.97,748.61,-164.15,278.08,0
2012-06-27,00:00,651.84,993.77,396.45,616.62,0
2012-06-28,00:00,-143.45,190.11,-458.91,-174.4,0
2012-06-29,00:00,218.71,617.62,-297.25,208.58,0
2012-07-02,00:00,187.74,661.81,-232.42,227.91,0
2012-07-03,00:00,76.76,560.2,-560.25,131.66,0
2012-07-04,00:00,292.7,678.41,-260.1,193.1,0
2012-07-05,00:00,-876.57,-650.42,-1137.59,-890.92,0
2012-07-06,00:00,-0.24,162.2,-479.91,-130.03,0
2012-07-09,00:00,-145.43,345.25,-529.33,-144.33,0
2012-07-10,00:00,-815.75,-282.79,-1410.43,-784.21,0
2012-07-11,00:00,-494.93,-9.75,-809.9,-472.8,0
2012-07-12,00:00,777.93,853.2,520.69,668.86,0
2012-07-13,00:00,296.52,757.23,126.43,345.4,0
2012-07-16,00:00,826.04,1140.31,559.11,871.01,0
2012-07-17,00:00,-643.41,-22.37,-1073.28,-593.75,0
2012-07-18,00:00,-438.06,72.26,-1023.0,-557.13,0
2012-07-19,00:00,159.34,571.23,-123.54,208.14,0
2012-07-20,00:00,720.96,1204.17,325.0,817.37,0
2012-07-23,00:00,-444.89,-171.8,-673.64,-478.54,0
2012-07-24,00:00,-379.84,-134.68,-657.47,-385.6,0
2012-07-25,00:00,206.55,659.72,-91.34,343.91,0
2012-07-26,00:00,-717.58,-419.92,-1254.86,-797.23,0
2012-07-27,00:00,1034.37,1411.35,707.63,1105.64,0
2012-07-30,00:00,1479.13,2071.47,1047.88,1520.15,0
2012-07-31,00:00,693.01,1025.35,62.83,611.89,0
2012-08-01,00:00,-144.1,193.61,-464.36,-62.07,0
2012-08-02,00:00,-388.98,367.6,-722.42,-265.99,0
2012-08-03,00:00,271.69,672.42,21.77,346.28,0
2012-08-06,00:00,356.13,683.59,-114.67,313.12,0
2012-08-07,00:00,273.35,612.3,-148.41,291.75,0
2012-08-08,00:00,683.07,911.84,125.53,614.39,0
2012-08-09,00:00,-685.95,-114.41,-1044.96,-672.35,0
2012-08-10,00:00,-237.73,132.09,-629.62,-242.22,0
2012-08-13,00:00,553.14,979.99,-14.37,588.52,0
2012-08-14,00:00,-39.93,354.92,-321.51,-6.23,0
2012-08-15,00:00,174.56,503.35,-64.15,230.73,0
2012-08-16,00:00,776.2,1125.17,595.91,850.49,0
2012-08-17,00:00,-294.04,197.19,-689.04,-278.2,0
2012-08-20,00:00,-169.65,189.8,-558.66,-183.69,0
2012-08-21,00:00,563.29,746.24,110.8,507.48,0
2012-08-22,00:00,297.9,628.97,-32.57,262.83,0
2012-08-23,00:00,-224.11,162.37,-631.94,-247.48,0
2012-08-24,00:00,417.12,819.49,71.35,480.74,0
2012-08-27,00:00,-331.32,68.61,-548.07,-334.17,0
2012-08-28,00:00,-150.71,58.78,-537.41,-196.13,0
2012-08-29,00:00,421.9,859.82,-66.05,377.4,0
2012-08-30,00:00,96.24,536.21,-249.51,168.87,0
2012-08-31,00:00,382.47,670.8,-127.43,307.19,0
2012-09-03,00:00,234.56,691.85,-72.94,243.62,0
2012-09-04,00:00,-303.35,69.48,-852.62,-290.44,0
2012-09-05,00:00,-247.1,150.62,-588.04,-223.91,0
2012-09-06,00:00,-692.68,-302.68,-1097.66,-607.53,0
2012-09-07,00:00,81.91,522.6,-142.84,157.21,0
2012-09-10,00:00,568.33,1145.86,270.97,628.22,0
2012-09-11,00:00,136.74,561.16,-106.19,160.96,0
2012-09-12,00:00,-222.68,-40.2,-659.55,-356.16,0
2012-09-13,00:00,-26.18,201.49,-437.27,-36.95,0
2012-09-14,00:00,-709.6,-364.57,-927.21,-708.86,0
2012-09-17,00:00,63.92,392.9,-295.34,28.59,0
2012-09-18,00:00,-501.81,-76.72,-1029.26,-450.89,0
2012-09-19,00:00,-358.16,-127.77,-735.34,-443.95,0
2012-09-20,00:00,188.55,698.81,-129.88,296.88,0
2012-09-21,00:00,-431.71,-97.29,-693.36,-376.6,0
2012-09-24,00:00,6.76,531.51,-301.09,85.84,0
2012-09-25,00:00,-329.48,-171.88,-493.36,-272.06,0
2012-09-26,00:00,437.76,942.69,242.81,580.8,0
2012-09-27,00:00,-311.53,333.65,-694.67,-250.98,0
2012-09-28,00:00,694.37,1094.66,487.28,751.33,0
2012-10-01,00:00,345.28,848.13,71.53,384.67,0
2012-10-02,00:00,32.73,598.48,-273.45,185.45,0
2012-10-03,00:00,552.21,1074.89,337.32,575.2,0
2012-10-04,00:00,-236.31,242.28,-719.71,-192.47,0
2012-10-05,00:00,650.6,1259.8,299.61,701.51,0
2012-10-08,00:00,352.12,746.68,45.09,398.86,0
2012-10-09,00:00,600.92,873.59,296.09,607.57,0
2012-10-10,00:00,-164.91,329.5,-515.59,-48.95,0
2012-10-11,00:00,-123.01,306.79,-576.16,-40.75,0
2012-10-12,00:00,772.17,1215.72,265.74,668.17,0
2012-10-15,00:00,160.24,362.77,-312.45,-1.64,0
2012-10-16,00:00,456.33,827.18,36.99,347.43,0
2012-10-17,00:00,-871.2,-487.93,-1329.53,-795.28,0
2012-10-18,00:00,536.1,754.45,288.19,525.03,0
2012-10-19,00:00,859.91,1091.93,599.59,840.96,0
2012-10-22,00:00,-13.46,370.68,-417.31,35.64,0
2012-10-23,00:00,-417.13,-0.95,-811.11,-410.77,0
2012-10-24,00:00,247.88,524.64,27.94,323.03,0
2012-10-25,00:00,335.51,839.49,-150.33,408.59,0
2012-10-26,00:00,157.74,544.55,94.49,237.32,0
2012-10-29,00:00,520.78,1036.42,100.07,627.21,0
2012-10-30,00:00,-532.77,-149.96,-811.12,-501.79,0
2012-10-31,00:00,-98.47,508.81,-639.17,31.67,0
2012-11-01,00:00,356.36,926.86,98.17,375.47,0
2012-11-02,00:00,114.98,310.11,-242.25,120.37,0
2012-11-05,00:00,291.32,622.42,11.22,332.42,0
2012-11-06,00:00,859.9,1100.03,359.09,765.93,0
2012-11-07,00:00,65.74,621.09,-298.76,178.62,0
2012-11-08,00:00,-62.39,414.36,-348.55,38.81,0
2012-11-09,00:00,721.3,1096.76,484.75,750.57,0
2012-11-12,00:00,-632.29,-295.03,-1081.67,-676.47,0
2012-11-13,00:00,1.45,347.83,-394.85,18.92,0
2012-11-14,00:00,128.08,504.45,-200.94,179.43,0
2012-11-15,00:00,-208.17,334.11,-768.23,-242.82,0
2012-11-16,00:00,973.24,1312.09,607.73,961.8,0
2012-11-19,00:00,-531.77,-88.3,-946.87,-512.32,0
2012-11-20,00:00,-371.58,148.36,-679.64,-378.57,0
2012-11-21,00:00,669.58,998.13,545.72,781.94,0
2012-11-22,00:00,-274.96,229.47,-469.59,-120.91,0
2012-11-23,00:00,862.2,1376.25,789.47,970.52,0
2012-11-26,00:00,-528.5,-3.02,-1109.57,-508.6,0
2012-11-27,00:00,1247.28,1538.42,1006.3,1307.3,0
2012-11-28,00:00,395.8,767.17,-135.92,372.69,0
2012-11-29,00:00,-883.32,-334.82,-977.42,-575.26,0
2012-11-30,00:00,-99.61,220.26,-113.04,104.37,0
2012-12-03,00:00,628.65,1021.94,347.86,692.98,0
2012-12-04,00:00,823.58,1064.13,396.3,738.08,0
2012-12-05,00:00,-431.85,-278.11,-943.42,-544.65,0
2012-12-06,00:00,226.8,604.01,-85.79,269.58,0
2012-12-07,00:00,8.96,410.6,-224.03,75.35,0
2012-12-10,00:00,-299.38,103.21,-641.79,-253.44,0
2012-12-11,00:00,1076.5,1526.8,715.81,1184.68,0
2012-12-12,00:00,660.7,1043.26,146.55,683.68,0
2012-12-13,00:00,700.54,1114.14,263.07,653.82,0
2012-12-14,00:00,-200.11,147.13,-593.14,-178.08,0
2012-12-17,00:00,944.45,1328.12,635.61,940.7,0
2012-12-18,00:00,-528.83,-123.45,-866.42,-457.01,0
2012-12-19,00:00,1174.47,1407.67,862.52,1168.27,0
2012-12-20,00:00,972.16,1380.52,465.35,889.58,0
2012-12-21,00:00,81.73,468.02,-305.34,160.02,0
2012-12-24,00:00,-256.74,189.51,-486.87,-167.51,0
2012-12-25,00:00,251.49,674.05,-153.05,225.67,0
2012-12-26,00:00,-30.17,314.64,-584.24,-65.82,0
2012-12-27,00:00,-244.01,134.97,-579.57,-294.44,0
2012-12-28,00:00,-20.67,448.13,-408.24,-38.52,0
2012-12-31,00:00,33.0,307.87,-364.8,-9.32,0
2013-01-01,00:00,297.27,750.88,-56.55,260.52,0
2013-01-02,00:00,-622.26,-272.62,-1146.31,-598.53,0
2013-01-03,00:00,-140.05,247.02,-647.2,-129.41,0
2013-01-04,00:00,-161.5,92.45,-398.8,-179.59,0
2013-01-07,00:00,282.82,588.89,45.06,315.65,0
2013-01-08,00:00,-165.27,63.69,-656.15,-265.36,0
2013-01-09,00:00,-254.62,119.58,-601.63,-293.11,0
2013-01-10,00:00,529.72,1049.72,156.84,550.15,0
2013-01-11,00:00,-153.91,394.61,-494.78,-148.82,0
2013-01-14,00:00,-511.89,-404.53,-983.44,-589.14,0
2013-01-15,00:00,-392.67,157.3,-838.43,-311.76,0
2013-01-16,00:00,632.1,929.02,292.56,545.74,0
2013-01-17,00:00,33.07,459.44,-406.19,119.12,0
2013-01-18,00:00,1042.36,1691.66,521.12,1168.46,0
2013-01-21,00:00,510.15,905.26,108.08,510.41,0
2013-01-22,00:00,74.8,414.31,-248.75,45.71,0
2013-01-23,00:00,-344.32,91.88,-691.01,-311.02,0
2013-01-24,00:00,200.98,805.62,-194.87,303.18,0
2013-01-25,00:00,177.79,567.65,-44.6,218.76,0
2013-01-28,00:00,81.14,320.11,-257.02,43.46,0
2013-01-29,00:00,-695.11,-409.41,-1065.64,-768.26,0
2013-01-30,00:00,1014.96,1313.97,733.22,999.27,0
2013-01-31,00:00,567.7,1095.86,170.2,745.76,0
2013-02-01,00:00,53.76,418.33,-371.59,73.69,0
2013-02-04,00:00,430.07,650.61,118.81,359.33,0
2013-02-05,00:00,229.4,700.89,-195.14,196.63,0
2013-02-06,00:00,-492.06,-143.36,-671.53,-430.19,0
2013-02-07,00:00,-468.43,-87.25,-931.15,-492.33,0
2013-02-08,00:00,249.62,667.39,-346.32,215.6,0
2013-02-11,00:00,225.62,460.77,-190.17,194.92,0
2013-02-12,00:00,-558.04,-114.56,-931.7,-552.85,0
2013-02-13,00:00,194.84,635.7,-318.57,228.22,0
2013-02-14,00:00,1111.12,1225.93,513.67,905.92,0
2013-02-15,00:00,310.08,765.58,-338.71,320.84,0
2013-02-18,00:00,-10.46,169.76,-355.08,-46.54,0
2013-02-19,00:00,532.8,877.71,185.5,472.98,0
2013-02-20,00:00,49.01,429.16,-210.02,82.85,0
2013-02-21,00:00,88.33,390.57,-206.31,41.4,0
2013-02-22,00:00,209.16,646.19,32.45,402.75,0
2013-02-25,00:00,-211.87,351.03,-462.51,-180.42,0
2013-02-26,00:00,47.15,514.08,-270.08,110.43,0
2013-02-27,00:00,693.7,1018.74,340.96,732.04,0
2013-02-28,00:00,672.39,1030.86,142.57,714.73,0
2013-03-01,00:00,-208.22,127.52,-757.11,-276.03,0
2013-03-04,00:00,-755.49,-359.46,-1383.81,-848.3,0
2013-03-05,00:00,84.21,594.88,-268.45,62.14,0
2013-03-06,00:00,287.5,695.51,-64.29,224.52,0
2013-03-07,00:00,226.46,664.59,-204.56,268.69,0
2013-03-08,00:00,44.71,308.26,-247.56,64.3,0
2013-03-11,00:00,969.94,1084.05,548.77,826.1,0
2013-03-12,00:00,-188.99,105.27,-394.99,-180.86,0
2013-03-13,00:00,-837.45,-581.61,-1260.47,-948.61,0
2013-03-14,00:00,437.57,706.7,2.3,367.96,0
2013-03-15,00:00,-476.28,23.73,-848.18,-450.87,0
2013-03-18,00:00,370.19,849.87,-56.32,470.72,0
2013-03-19,00:00,42.82,265.48,-199.01,52.26,0
2013-03-20,00:00,-298.95,20.72,-694.14,-381.1,0
2013-03-21,00:00,534.69,871.52,297.29,643.49,0
2013-03-22,00:00,416.99,732.07,76.43,379.73,0
2013-03-25,00:00,-582.73,-97.16,-835.84,-462.11,0
2013-03-26,00:00,-489.53,-86.52,-881.18,-515.04,0
2013-03-27,00:00,-138.09,-15.12,-549.5,-182.56,0
2013-03-28,00:00,391.04,754.12,100.27,324.92,0
2013-03-29,00:00,-737.56,-414.54,-942.88,-778.39,0
2013-04-01,00:00,-762.68,-178.02,-1275.59,-768.31,0
2013-04-02,00:00,-30.54,463.03,-463.28,78.34,0
2013-04-03,00:00,290.72,700.67,-26.44,298.09,0
2013-04-04,00:00,-540.48,-232.6,-689.5,-490.78,0
2013-04-05,00:00,276.48,683.54,-56.35,273.12,0
2013-04-08,00:00,261.92,689.44,-11.44,258.29,0
2013-04-09,00:00,-506.06,-187.76,-918.01,-451.57,0
2013-04-10,00:00,288.45,701.61,-25.88,347.8,0
2013-04-11,00:00,815.94,1114.19,547.85,760.05,0
2013-04-12,00:00,246.28,616.26,-103.49,257.57,0
2013-04-15,00:00,44.36,271.86,-422.64,-3.81,0
2013-04-16,00:00,236.76,643.86,-117.0,308.86,0
2013-04-17,00:00,-390.89,-26.89,-613.73,-353.5,0
2013-04-18,00:00,-624.17,-164.92,-1005.85,-648.49,0
2013-04-19,00:00,90.66,600.79,-114.51,215.71,0
2013-04-22,00:00,1076.01,1515.57,844.98,1089.64,0
2013-04-23,00:00,-326.13,-10.73,-640.59,-350.09,0
2013-04-24,00:00,-472.94,-163.68,-855.08,-529.59,0
2013-04-25,00:00,-571.24,-143.45,-959.08,-518.56,0
2013-04-26,00:00,-198.92,150.57,-485.29,-207.25,0
2013-04-29,00:00,211.01,427.95,-256.98,157.52,0
2013-04-30,00:00,-99.53,341.7,-650.12,-185.14,0
2013-05-01,00:00,1133.37,1595.99,846.68,1252.24,0
2013-05-02,00:00,850.39,1371.21,437.47,842.8,0
2013-05-03,00:00,-456.42,-55.41,-613.79,-264.7,0
2013-05-06,00:00,195.15,554.18,-251.79,199.18,0
2013-05-07,00:00,86.07,494.3,-204.67,238.7,0
2013-05-08,00:00,197.47,606.78,28.25,314.78,0
2013-05-09,00:00,1098.44,1430.64,835.89,1189.93,0
2013-05-10,00:00,-909.86,-716.27,-1444.46,-967.6,0
2013-05-13,00:00,1227.23,1764.28,996.3,1312.13,0
2013-05-14,00:00,292.0,761.51,-145.86,374.42,0
2013-05-15,00:00,-322.19,216.31,-726.98,-395.53,0
2013-05-16,00:00,450.99,670.58,206.42,436.55,0
2013-05-17,00:00,33.15,314.07,-628.2,-189.44,0
2013-05-20,00:00,431.47,699.76,67.57,367.77,0
2013-05-21,00:00,-9.57,412.69,-463.46,-101.58,0
2013-05-22,00:00,-1012.11,-550.91,-1465.15,-998.71,0
2013-05-23,00:00,393.65,907.53,-0.45,357.85,0
2013-05-24,00:00,12.5,307.0,-329.3,29.72,0
2013-05-27,00:00,-566.43,-270.23,-768.74,-511.0,0
2013-05-28,00:00,659.56,982.23,299.26,651.28,0
2013-05-29,00:00,37.69,628.12,-354.39,42.51,0
2013-05-30,00:00,-129.45,252.79,-490.78,-49.52,0
2013-05-31,00:00,520.35,925.67,47.67,506.14,0
2013-06-03,00:00,305.04,648.44,-187.5,297.84,0
2013-06-04,00:00,80.34,310.29,-403.33,37.67,0
2013-06-05,00:00,-181.34,252.13,-722.21,-248.57,0
2013-06-06,00:00,396.07,621.27,77.19,338.0,0
2013-06-07,00:00,145.75,429.61,-246.65,162.13,0
2013-06-10,00:00,-285.18,200.21,-818.99,-256.53,0
2013-06-11,00:00,1372.61,1590.65,950.64,1279.61,0
2013-06-12,00:00,614.23,1067.88,336.26,584.23,0
2013-06-13,00:00,460.8,669.21,43.02,425.29,0
2013-06-14,00:00,-28.33,266.3,-316.62,-56.54,0
2013-06-17,00:00,154.19,412.04,-212.19,148.38,0
2013-06-18,00:00,522.7,737.07,132.73,447.62,0
2013-06-19,00:00,-376.24,-56.53,-713.48,-373.04,0
2013-06-20,00:00,-453.68,-27.95,-601.8,-283.12,0
2013-06-21,00:00,1087.84,1489.54,615.04,1083.94,0
2013-06-24,00:00,441.83,975.85,-183.12,380.77,0
2013-06-25,00:00,-30.86,350.5,-496.73,-32.12,0
2013-06-26,00:00,-262.25,165.03,-548.1,-253.48,0
2013-06-27,00:00,944.1,1147.74,507.0,916.91,0
2013-06-28,00:00,76.21,552.12,-292.88,207.2,0
2013-07-01,00:00,48.01,375.51,-274.95,82.35,0
2013-07-02,00:00,211.05,683.03,-36.84,225.9,0
2013-07-03,00:00,597.11,799.11,203.52,492.81,0
2013-07-04,00:00,316.09,695.06,-235.57,175.75,0
2013-07-05,00:00,272.41,751.12,-22.95,322.02,0
2013-07-08,00:00,465.62,519.9,114.3,355.39,0
2013-07-09,00:00,885.05,1162.78,523.98,962.1,0
2013-07-10,00:00,325.49,588.24,-186.37,246.82,0
2013-07-11,00:00,-468.04,-207.03,-920.76,-555.27,0
2013-07-12,00:00,115.43,552.88,-295.62,55.07,0
2013-07-15,00:00,248.4,802.11,18.87,313.76,0
2013-07-16,00:00,850.92,1149.05,360.43,795.31,0
2013-07-17,00:00,163.99,319.33,-106.91,83.54,0
2013-07-18,00:00,757.91,1331.65,568.04,854.37,0
2013-07-19,00:00,874.2,1020.49,545.56,877.49,0
2013-07-22,00:00,725.08,1191.8,569.9,791.05,0
2013-07-23,00:00,-177.68,368.66,-546.12,-34.55,0
2013-07-24,00:00,653.72,1080.07,26.32,631.47,0
2013-07-25,00:00,650.89,1111.26,101.7,665.9,0
2013-07-26,00:00,623.0,1099.31,327.16,652.91,0
2013-07-29,00:00,-416.59,-20.71,-1016.15,-393.62,0
2013-07-30,00:00,394.04,852.79,-238.51,181.52,0
2013-07-31,00:00,968.72,1351.79,728.12,1011.11,0
2013-08-01,00:00,-208.09,330.44,-638.61,-188.59,0
2013-08-02,00:00,152.3,691.55,-58.15,282.08,0
2013-08-05,00:00,-269.19,-0.73,-756.47,-293.31,0
2013-08-06,00:00,334.9,480.66,8.57,279.93,0
2013-08-07,00:00,-818.58,-306.12,-1380.42,-793.57,0
2013-08-08,00:00,126.42,626.19,-294.37,150.04,0
2013-08-09,00:00,1222.26,1319.45,923.58,1121.68,0
2013-08-12,00:00,120.47,583.11,-269.09,142.83,0
2013-08-13,00:00,1153.58,1536.43,641.37,1156.83,0
2013-08-14,00:00,-8.26,267.71,-392.64,-15.6,0
2013-08-15,00:00,341.62,680.32,47.68,330.64,0
2013-08-16,00:00,146.2,734.05,-350.75,287.99,0
2013-08-19,00:00,-462.66,99.03,-1000.85,-422.03,0
2013-08-20,00:00,184.28,541.08,-60.34,228.88,0
2013-08-21,00:00,1154.31,1412.16,814.03,1125.23,0
2013-08-22,00:00,-338.98,103.89,-602.96,-199.67,0
2013-08-23,00:00,10.45,264.73,-472.88,21.04,0
2013-08-26,00:00,78.03,479.34,-260.73,16.45,0
2013-08-27,00:00,52.12,363.9,-305.12,86.06,0
2013-08-28,00:00,-418.82,-20.54,-660.61,-317.25,0
2013-08-29,00:00,646.93,1154.52,294.24,775.0,0
2013-08-30,00:00,-523.02,-136.4,-756.55,-460.13,0
2013-09-02,00:00,-101.91,237.1,-553.45,-191.76,0
2013-09-03,00:00,811.4,1173.47,234.58,771.72,0
2013-09-04,00:00,-593.61,132.58,-948.24,-400.75,0
2013-09-05,00:00,-229.19,-5.86,-668.01,-240.25,0
2013-09-06,00:00,568.64,1067.06,133.55,609.54,0
2013-09-09,00:00,1.75,518.41,-428.68,-23.25,0
2013-09-10,00:00,151.08,480.69,-162.7,132.64,0
2013-09-11,00:00,203.8,716.48,-252.55,173.28,0
2013-09-12,00:00,422.06,853.94,-99.0,342.3,0
2013-09-13,00:00,1049.98,1467.75,633.07,1041.78,0
2013-09-16,00:00,205.05,549.08,-257.84,116.35,0
2013-09-17,00:00,-203.4,205.88,-538.34,-81.27,0
2013-09-18,00:00,-139.0,135.14,-451.29,-192.86,0
2013-09-19,00:00,-673.85,-421.03,-1208.08,-826.08,0
2013-09-20,00:00,-166.71,208.98,-737.94,-218.5,0
2013-09-23,00:00,-246.39,95.5,-746.04,-382.5,0
2013-09-24,00:00,-91.36,282.72,-567.17,-168.37,0
2013-09-25,00:00,-325.26,-112.3,-921.49,-473.06,0
2013-09-26,00:00,27.92,348.83,-396.08,-64.56,0
2013-09-27,00:00,88.6,692.74,-143.32,92.94,0
2013-09-30,00:00,-1498.41,-936.97,-1819.79,-1258.62,0
2013-10-01,00:00,1177.37,1605.12,845.03,1217.7,0
2013-10-02,00:00,18.64,357.39,-262.6,33.09,0
2013-10-03,00:00,392.89,789.4,11.67,391.39,0
2013-10-04,00:00,89.42,624.77,-138.6,218.67,0
2013-10-07,00:00,-345.99,34.49,-845.76,-432.9,0
2013-10-08,00:00,626.57,1086.33,292.07,538.36,0
2013-10-09,00:00,242.36,675.31,-231.43,209.43,0
2013-10-10,00:00,-177.67,253.7,-603.53,-193.82,0
2013-10-11,00:00,-223.12,412.28,-630.2,-69.09,0
2013-10-14,00:00,1206.54,1570.15,1064.51,1217.94,0
2013-10-15,00:00,-320.05,83.74,-670.75,-397.47,0
2013-10-16,00:00,-245.21,25.53,-681.04,-263.61,0
2013-10-17,00:00,-117.65,313.91,-305.95,-60.53,0
2013-10-18,00:00,462.29,753.27,-21.16,336.02,0
2013-10-21,00:00,-581.12,-69.52,-898.73,-479.76,0
2013-10-22,00:00,-135.45,84.04,-367.26,-142.37,0
2013-10-23,00:00,270.29,611.72,-127.01,203.0,0
2013-10-24,00:00,-402.49,4.05,-669.63,-324.9,0
2013-10-25,00:00,566.65,940.61,-2.3,582.1,0
2013-10-28,00:00,-100.28,240.81,-498.37,-99.36,0
2013-10-29,00:00,-46.26,310.85,-389.53,28.97,0
2013-10-30,00:00,49.95,199.03,-289.31,-26.38,0
2013-10-31,00:00,194.06,765.78,-337.4,220.55,0
2013-11-01,00:00,-222.58,252.92,-645.1,-175.27,0
2013-11-04,00:00,-84.18,259.48,-644.85,-176.61,0
2013-11-05,00:00,714.97,1073.28,262.17,620.87,0
2013-11-06,00:00,-210.63,137.03,-620.31,-245.53,0
2013-11-07,00:00,441.34,584.43,41.34,325.0,0
2013-11-08,00:00,-66.63,313.38,-715.85,-129.12,0
2013-11-11,00:00,530.22,1020.2,0.02,499.27,0
2013-11-12,00:00,-123.23,288.39,-610.77,-67.63,0
2013-11-13,00:00,102.37,525.73,-318.05,32.95,0
2013-11-14,00:00,1365.41,1658.87,760.07,1226.04,0
2013-11-15,00:00,383.07,826.48,19.76,366.21,0
2013-11-18,00:00,-131.25,156.57,-501.73,-120.19,0
2013-11-19,00:00,163.26,734.87,-485.28,138.08,0
2013-11-20,00:00,-312.52,140.62,-628.23,-273.04,0
2013-11-21,00:00,830.4,1172.81,471.03,920.94,0
2013-11-22,00:00,-44.81,414.78,-587.53,-42.68,0
2013-11-25,00:00,176.62,436.77,-51.48,138.77,0
2013-11-26,00:00,-563.23,-34.32,-880.49,-455.83,0
2013-11-27,00:00,517.03,1064.0,175.36,465.58,0
2013-11-28,00:00,394.14,873.03,179.11,354.79,0
2013-11-29,00:00,460.13,814.85,153.61,424.72,0
2013-12-02,00:00,-2.57,605.05,-285.28,137.44,0
2013-12-03,00:00,-264.36,223.13,-869.55,-297.98,0
2013-12-04,00:00,-199.51,82.67,-623.06,-189.43,0
2013-12-05,00:00,-180.76,191.57,-637.22,-217.5,0
2013-12-06,00:00,310.84,765.34,47.48,313.76,0
2013-12-09,00:00,627.9,1262.78,421.29,674.13,0
2013-12-10,00:00,-384.76,-150.84,-785.96,-487.68,0
2013-12-11,00:00,-1050.61,-763.2,-1465.93,-1092.0,0
2013-12-12,00:00,-343.98,-139.95,-711.64,-374.88,0
2013-12-13,00:00,-543.37,-13.73,-912.34,-405.88,0
2013-12-16,00:00,-38.53,478.64,-362.7,97.88,0
2013-12-17,00:00,-392.39,32.74,-753.77,-484.08,0
2013-12-18,00:00,498.68,819.22,-124.68,353.93,0
2013-12-19,00:00,874.9,1144.58,615.22,946.66,0
2013-12-20,00:00,379.08,925.57,67.72,508.89,0
2013-12-23,00:00,-45.33,378.72,-290.73,8.17,0
2013-12-24,00:00,776.41,1264.56,582.84,836.99,0
2013-12-25,00:00,-6.55,282.34,-486.03,-86.49,0
2013-12-26,00:00,777.49,1228.1,333.05,722.67,0
2013-12-27,00:00,652.85,941.87,351.95,608.85,0
2013-12-30,00:00,-60.25,163.15,-540.53,-107.01,0
2013-12-31,00:00,561.58,791.87,398.61,640.35,0
2014-01-01,00:00,603.37,1295.37,306.59,760.46,0
2014-01-02,00:00,-178.71,-55.58,-658.27,-237.17,0
2014-01-03,00:00,245.89,691.37,-80.34,274.71,0
2014-01-06,00:00,457.93,580.25,49.64,369.09,0
2014-01-07,00:00,392.09,688.14,-13.93,306.7,0
2014-01-08,00:00,159.72,320.55,-110.17,163.18,0
2014-01-09,00:00,273.25,786.35,-92.73,345.95,0
2014-01-10,00:00,-725.89,-447.47,-1145.19,-762.66,0
2014-01-13,00:00,685.57,1029.15,221.93,587.04,0
2014-01-14,00:00,-308.1,128.86,-595.4,-223.55,0
2014-01-15,00:00,-157.57,261.73,-472.77,-177.65,0
2014-01-16,00:00,-50.48,458.61,-371.13,1.71,0
2014-01-17,00:00,284.2,631.79,-86.09,289.38,0
2014-01-20,00:00,268.83,861.64,-124.71,308.86,0
2014-01-21,00:00,-233.04,118.77,-862.66,-358.71,0
2014-01-22,00:00,224.36,871.53,-138.21,272.23,0
2014-01-23,00:00,433.94,745.44,108.58,391.57,0
2014-01-24,00:00,545.53,971.74,152.82,589.95,0
2014-01-27,00:00,-472.47,-124.58,-859.45,-461.5,0
2014-01-28,00:00,496.21,718.96,232.3,488.72,0
2014-01-29,00:00,161.39,537.87,-211.24,163.28,0
2014-01-30,00:00,-456.77,91.4,-743.73,-338.16,0
2014-01-31,00:00,297.24,596.9,-64.13,281.26,0
2014-02-03,00:00,-206.39,97.37,-731.56,-286.56,0
2014-02-04,00:00,64.0,561.87,-335.96,-20.99,0
2014-02-05,00:00,415.76,843.13,124.97,455.66,0
2014-02-06,00:00,-354.23,137.49,-879.34,-383.39,0
2014-02-07,00:00,62.27,326.5,-324.54,44.04,0
2014-02-10,00:00,306.86,683.61,113.11,378.03,0
2014-02-11,00:00,219.25,914.16,-170.61,304.82,0
2014-02-12,00:00,5.09,588.45,-561.48,-41.95,0
2014-02-13,00:00,415.48,637.86,101.03,327.39,0
2014-02-14,00:00,-121.41,159.81,-487.17,-95.94,0
2014-02-17,00:00,170.01,539.12,-20.38,305.43,0
2014-02-18,00:00,817.67,1155.12,472.83,789.55,0
2014-02-19,00:00,214.58,247.45,-57.85,201.81,0
2014-02-20,00:00,-653.67,-430.95,-788.08,-628.48,0
2014-02-21,00:00,392.09,591.63,76.28,357.29,0
2014-02-24,00:00,141.6,509.88,-278.51,148.69,0
2014-02-25,00:00,218.59,371.19,-143.34,183.91,0
2014-02-26,00:00,1658.02,2341.82,1293.91,1741.06,0
2014-02-27,00:00,-581.24,-175.34,-866.11,-531.7,0
2014-02-28,00:00,-403.5,-14.82,-601.09,-311.35,0
2014-03-03,00:00,179.52,506.46,-78.21,210.08,0
2014-03-04,00:00,-569.15,-302.84,-1141.28,-645.15,0
2014-03-05,00:00,54.51,390.55,-435.83,-48.24,0
2014-03-06,00:00,252.74,775.29,-9.36,280.99,0
2014-03-07,00:00,289.7,767.29,-257.43,369.07,0
2014-03-10,00:00,967.99,1340.88,690.08,1005.02,0
2014-03-11,00:00,25.81,476.69,-162.88,126.8,0
2014-03-12,00:00,-420.06,-337.46,-904.56,-583.14,0
2014-03-13,00:00,484.56,1004.88,15.41,522.25,0
2014-03-14,00:00,348.8,678.31,-115.38,378.83,0
2014-03-17,00:00,511.99,922.72,-105.7,410.05,0
2014-03-18,00:00,278.78,730.58,-199.83,343.76,0
2014-03-19,00:00,-328.58,-77.27,-819.59,-415.43,0
2014-03-20,00:00,377.75,890.68,54.99,464.55,0
2014-03-21,00:00,-132.73,415.99,-389.48,62.47,0
2014-03-24,00:00,411.9,821.87,224.72,488.76,0
2014-03-25,00:00,234.08,638.96,-101.57,240.2,0
2014-03-26,00:00,-142.44,157.01,-451.52,-223.92,0
2014-03-27,00:00,-31.79,305.28,-409.99,-51.14,0
2014-03-28,00:00,113.49,383.71,-159.5,141.97,0
2014-03-31,00:00,172.51,618.32,-139.6,226.75,0
2014-04-01,00:00,345.98,689.79,109.27,395.22,0
2014-04-02,00:00,-404.79,-126.34,-561.02,-414.28,0
2014-04-03,00:00,298.31,664.08,-208.58,192.38,0
2014-04-04,00:00,499.16,1028.92,145.37,581.74,0
2014-04-07,00:00,-143.22,225.97,-515.12,-122.52,0
2014-04-08,00:00,-95.53,406.39,-432.32,-13.75,0
2014-04-09,00:00,275.78,765.49,-43.68,416.7,0
2014-04-10,00:00,565.02,1017.12,57.38,545.15,0
2014-04-11,00:00,-37.27,462.62,-398.6,130.24,0
2014-04-14,00:00,-413.04,-123.92,-747.24,-425.4,0
2014-04-15,00:00,-754.21,-476.39,-1197.84,-744.62,0
2014-04-16,00:00,-162.98,298.28,-219.19,39.11,0
2014-04-17,00:00,588.24,731.5,177.95,473.03,0
2014-04-18,00:00,64.28,447.71,-498.69,22.81,0
2014-04-21,00:00,573.05,784.26,79.89,417.06,0
2014-04-22,00:00,-26.36,332.19,-375.55,-41.64,0
2014-04-23,00:00,-127.64,462.75,-328.83,53.92,0
2014-04-24,00:00,-91.13,209.9,-692.34,-179.26,0
2014-04-25,00:00,-109.13,212.11,-438.12,-115.04,0
2014-04-28,00:00,664.57,968.03,324.74,718.23,0
2014-04-29,00:00,425.66,678.37,159.79,414.14,0
2014-04-30,00:00,-388.51,-246.49,-711.4,-537.9,0
2014-05-01,00:00,119.94,833.57,-383.3,200.73,0
2014-05-02,00:00,-610.98,-171.32,-1154.23,-720.67,0
2014-05-05,00:00,915.84,1395.25,483.51,983.9,0
2014-05-06,00:00,39.69,266.18,-330.42,22.73,0
2014-05-07,00:00,-958.72,-391.58,-1545.85,-927.95,0
2014-05-08,00:00,-539.95,-310.07,-940.76,-654.51,0
2014-05-09,00:00,-151.9,368.52,-509.0,-141.15,0
2014-05-12,00:00,-477.55,-85.01,-707.13,-346.23,0
2014-05-13,00:00,446.83,806.06,-122.7,440.4,0
2014-05-14,00:00,221.01,350.5,-71.59,261.03,0
2014-05-15,00:00,-697.67,-208.04,-880.88,-617.06,0
2014-05-16,00:00,-387.73,252.68,-848.93,-298.23,0
2014-05-19,00:00,-671.58,-203.13,-1229.89,-821.69,0
2014-05-20,00:00,439.54,910.41,180.45,487.39,0
2014-05-21,00:00,-340.15,104.97,-814.15,-464.44,0
2014-05-22,00:00,-194.73,110.31,-620.07,-212.0,0
2014-05-23,00:00,-240.8,178.98,-539.69,-144.28,0
2014-05-26,00:00,173.39,707.05,-212.44,281.64,0
2014-05-27,00:00,-217.83,25.33,-726.24,-391.97,0
2014-05-28,00:00,590.91,878.68,103.94,514.47,0
2014-05-29,00:00,151.58,431.41,-393.12,32.51,0
2014-05-30,00:00,-258.84,69.2,-629.98,-291.97,0
2014-06-02,00:00,152.77,418.57,-75.87,124.56,0
2014-06-03,00:00,-588.27,-239.07,-1069.13,-592.03,0
2014-06-04,00:00,424.15,939.21,46.89,521.01,0
2014-06-05,00:00,301.03,685.53,40.26,422.97,0
2014-06-06,00:00,89.85,587.62,-10.86,242.96,0
2014-06-09,00:00,-355.61,304.22,-765.4,-213.16,0
2014-06-10,00:00,-144.16,274.78,-728.58,-207.62,0
2014-06-11,00:00,728.33,1129.73,217.91,816.83,0
2014-06-12,00:00,488.48,695.38,-208.98,351.85,0
2014-06-13,00:00,-739.53,-555.81,-1241.54,-756.86,0
2014-06-16,00:00,-401.79,123.47,-879.95,-432.02,0
2014-06-17,00:00,620.47,786.7,-75.89,428.64,0
2014-06-18,00:00,155.57,820.26,-344.73,273.43,0
2014-06-19,00:00,136.68,515.07,-208.23,172.16,0
2014-06-20,00:00,478.24,904.72,141.73,526.49,0
2014-06-23,00:00,119.14,461.83,-328.17,55.4,0
2014-06-24,00:00,-444.97,-194.19,-721.83,-536.84,0
2014-06-25,00:00,-582.08,-344.23,-811.15,-520.65,0
2014-06-26,00:00,-618.45,-347.75,-835.89,-572.1,0
2014-06-27,00:00,236.42,655.06,-57.72,247.29,0
2014-06-30,00:00,-447.22,143.68,-852.03,-374.78,0
2014-07-01,00:00,-450.44,350.1,-797.92,-251.35,0
2014-07-02,00:00,-225.04,163.33,-414.64,-179.17,0
2014-07-03,00:00,-394.53,209.82,-733.6,-298.42,0
2014-07-04,00:00,237.18,849.84,-324.13,248.98,0
2014-07-07,00:00,336.8,598.64,-25.79,350.4,0
2014-07-08,00:00,214.41,599.62,-145.76,166.92,0
2014-07-09,00:00,189.16,628.57,-191.76,235.86,0
2014-07-10,00:00,-406.78,116.89,-857.86,-344.23,0
2014-07-11,00:00,-258.22,29.85,-542.89,-352.17,0
2014-07-14,00:00,383.71,666.03,130.53,350.35,0
2014-07-15,00:00,223.31,613.72,-93.62,295.12,0
2014-07-16,00:00,464.83,643.96,192.65,433.27,0
2014-07-17,00:00,-112.64,196.11,-447.33,-155.83,0
2014-07-18,00:00,-1055.77,-819.31,-1416.66,-1087.97,0
2014-07-21,00:00,-296.81,-137.87,-797.72,-406.41,0
2014-07-22,00:00,1051.03,1271.84,570.11,1002.28,0
2014-07-23,00:00,385.92,744.49,-91.25,326.72,0
2014-07-24,00:00,612.37,1038.95,295.67,696.19,0
2014-07-25,00:00,-513.89,-121.39,-732.24,-504.29,0
2014-07-28,00:00,-297.17,85.01,-618.17,-269.04,0
2014-07-29,00:00,-843.41,-125.11,-1181.66,-808.84,0
2014-07-30,00:00,817.17,1308.8,520.89,917.52,0
2014-07-31,00:00,-807.3,-479.98,-1240.91,-901.26,0
2014-08-01,00:00,-70.33,661.79,-525.81,2.93,0
2014-08-04,00:00,-782.42,-264.46,-1342.17,-728.45,0
2014-08-05,00:00,-317.72,48.72,-630.8,-285.57,0
2014-08-06,00:00,207.08,564.38,-387.5,182.56,0
2014-08-07,00:00,-22.92,383.71,-516.48,-47.56,0
2014-08-08,00:00,684.44,1058.66,204.79,616.22,0
2014-08-11,00:00,438.52,976.88,35.55,518.43,0
2014-08-12,00:00,1036.77,1569.4,458.87,936.47,0
2014-08-13,00:00,416.77,1180.67,158.61,570.11,0
2014-08-14,00:00,122.21,577.93,-170.84,204.87,0
2014-08-15,00:00,438.37,806.44,146.79,512.92,0
2014-08-18,00:00,124.35,461.43,-518.36,-17.05,0
2014-08-19,00:00,-887.47,-496.09,-1309.25,-847.43,0
2014-08-20,00:00,239.62,467.43,5.7,237.55,0
2014-08-21,00:00,269.81,588.15,-216.5,196.79,0
2014-08-22,00:00,-455.42,-235.77,-813.53,-439.05,0
2014-08-25,00:00,52.06,364.84,-400.76,-30.76,0
2014-08-26,00:00,882.95,1213.89,437.47,969.21,0
2014-08-27,00:00,698.85,1103.98,495.59,655.93,0
2014-08-28,00:00,441.28,873.89,-42.33,452.5,0
2014-08-29,00:00,-378.53,50.01,-637.01,-332.68,0
2014-09-01,00:00,-286.56,-132.09,-691.82,-335.37,0
2014-09-02,00:00,121.56,250.56,-33.53,36.52,0
2014-09-03,00:00,420.35,809.24,11.08,367.09,0
2014-09-04,00:00,281.91,538.76,-235.07,225.28,0
2014-09-05,00:00,-483.08,21.97,-900.18,-435.7,0
2014-09-08,00:00,-470.39,-1.91,-890.48,-491.67,0
2014-09-09,00:00,166.31,347.83,-339.28,10.41,0
2014-09-10,00:00,-493.56,1.76,-742.85,-415.35,0
2014-09-11,00:00,486.73,989.03,-134.17,403.53,0
2014-09-12,00:00,623.76,930.4,-106.29,465.7,0
2014-09-15,00:00,-382.54,-153.58,-846.5,-483.23,0
2014-09-16,00:00,148.73,450.4,-303.84,118.55,0
2014-09-17,00:00,498.55,977.0,45.48,459.8,0
2014-09-18,00:00,-502.31,-266.57,-822.68,-505.26,0
2014-09-19,00:00,-274.37,-25.99,-708.71,-360.84,0
2014-09-22,00:00,18.22,419.33,-407.42,-32.26,0
2014-09-23,00:00,-273.62,138.44,-865.04,-355.3,0
2014-09-24,00:00,247.85,675.79,-105.09,269.59,0
2014-09-25,00:00,1099.82,1627.33,493.85,993.93,0
2014-09-26,00:00,17.06,332.1,-543.56,-54.5,0
2014-09-29,00:00,360.65,821.81,15.68,419.86,0
2014-09-30,00:00,-153.36,441.25,-540.73,-205.87,0
2014-10-01,00:00,-139.21,449.82,-380.7,-76.99,0
2014-10-02,00:00,192.68,506.87,-177.97,173.77,0
2014-10-03,00:00,-270.27,-38.66,-642.15,-328.43,0
2014-10-06,00:00,-301.15,-97.32,-723.65,-359.71,0
2014-10-07,00:00,321.9,667.75,-163.92,261.26,0
2014-10-08,00:00,123.39,454.7,-116.1,233.14,0
2014-10-09,00:00,-294.27,-8.32,-880.48,-374.33,0
2014-10-10,00:00,1021.27,1325.05,483.37,961.69,0
2014-10-13,00:00,1397.29,1707.45,1091.26,1445.98,0
2014-10-14,00:00,978.36,1396.93,604.32,919.28,0
2014-10-15,00:00,118.94,461.3,-281.83,128.2,0
2014-10-16,00:00,493.44,808.27,-109.31,277.53,0
2014-10-17,00:00,16.96,305.09,-190.32,-19.8,0
2014-10-20,00:00,422.74,863.28,176.54,467.19,0
2014-10-21,00:00,-12.76,109.11,-586.43,-97.21,0
2014-10-22,00:00,452.95,744.12,115.23,452.96,0
2014-10-23,00:00,488.19,873.68,343.15,526.17,0
2014-10-24,00:00,-1125.05,-790.82,-1330.44,-1128.51,0
2014-10-27,00:00,-59.48,269.36,-365.56,9.8,0
2014-10-28,00:00,-469.09,-49.91,-733.08,-498.09,0
2014-10-29,00:00,-46.31,316.3,-380.48,-119.15,0
2014-10-30,00:00,377.79,802.2,150.17,525.18,0
2014-10-31,00:00,260.5,656.43,-125.61,285.93,0
2014-11-03,00:00,-30.19,136.18,-297.31,-39.33,0
2014-11-04,00:00,131.22,616.19,-82.13,196.19,0
2014-11-05,00:00,326.66,733.86,-268.0,207.58,0
2014-11-06,00:00,212.67,641.25,-41.67,279.66,0
2014-11-07,00:00,733.61,1076.09,164.74,559.3,0
2014-11-10,00:00,214.4,458.63,-278.91,174.09,0
2014-11-11,00:00,-551.82,-147.56,-716.37,-411.53,0
2014-11-12,00:00,597.5,990.7,145.17,643.95,0
2014-11-13,00:00,261.41,520.37,-371.06,110.33,0
2014-11-14,00:00,655.25,955.23,-19.42,534.71,0
2014-11-17,00:00,-16.41,345.0,-421.16,-43.78,0
2014-11-18,00:00,-462.14,-195.48,-811.89,-533.16,0
2014-11-19,00:00,663.04,1173.28,153.86,689.09,0
2014-11-20,00:00,528.07,671.91,-30.18,263.45,0
2014-11-21,00:00,-381.07,-205.83,-786.73,-463.33,0
2014-11-24,00:00,1379.46,1799.07,755.83,1359.77,0
2014-11-25,00:00,-424.17,-35.64,-779.96,-533.69,0
2014-11-26,00:00,736.04,1191.89,283.31,680.55,0
2014-11-27,00:00,-255.41,87.83,-557.22,-201.39,0
2014-11-28,00:00,185.59,782.27,-168.69,321.55,0
2014-12-01,00:00,-113.75,582.66,-560.88,-26.17,0
2014-12-02,00:00,-91.63,115.47,-434.83,-95.93,0
2014-12-03,00:00,713.34,1108.0,282.6,669.42,0
2014-12-04,00:00,161.79,701.8,-281.54,220.91,0
2014-12-05,00:00,148.71,590.61,-149.51,208.76,0
2014-12-08,00:00,667.41,939.53,241.17,585.18,0
2014-12-09,00:00,-841.18,-441.58,-1275.72,-864.55,0
2014-12-10,00:00,61.93,168.64,-484.65,-107.19,0
2014-12-11,00:00,-88.25,267.73,-395.45,-125.99,0
2014-12-12,00:00,110.93,258.32,-479.77,-23.86,0
2014-12-15,00:00,109.82,428.69,-371.72,13.57,0
2014-12-16,00:00,642.38,1003.77,440.58,608.34,0
2014-12-17,00:00,291.68,749.37,-197.66,214.28,0
2014-12-18,00:00,-167.82,501.92,-380.27,-41.46,0
2014-12-19,00:00,578.29,810.84,297.68,485.3,0
2014-12-22,00:00,-97.13,201.39,-686.92,-234.87,0
2014-12-23,00:00,479.62,813.69,26.86,472.8,0
2014-12-24,00:00,485.57,1031.98,292.79,578.55,0
2014-12-25,00:00,-274.33,45.1,-645.49,-333.41,0
2014-12-26,00:00,-57.97,426.61,-269.84,-69.05,0
2014-12-29,00:00,-543.68,39.06,-1000.87,-467.13,0
2014-12-30,00:00,1181.27,1600.02,892.51,1144.99,0
2014-12-31,00:00,466.74,980.8,-128.9,478.56,0
2015-01-01,00:00,250.49,811.56,7.84,443.88,0
2015-01-02,00:00,1730.17,2226.61,1454.99,1780.76,0
2015-01-05,00:00,1508.22,1919.41,1192.65,1594.05,0
2015-01-06,00:00,380.21,828.99,84.41,348.72,0
2015-01-07,00:00,1941.04,2225.63,1774.57,1975.5,0
2015-01-08,00:00,61.99,351.67,-43.62,123.46,0
2015-01-09,00:00,2196.69,2644.47,1716.54,2155.77,0
2015-01-12,00:00,1127.51,1474.86,765.25,1098.08,0
2015-01-13,00:00,-4.64,311.28,-338.97,-54.83,0
2015-01-14,00:00,-1354.72,-1009.72,-1755.42,-1385.27,0
2015-01-15,00:00,-965.12,-215.6,-1408.65,-897.45,0
2015-01-16,00:00,1170.19,1514.1,666.66,1071.61,0
2015-01-19,00:00,2138.15,2371.49,1887.92,2167.77,0
2015-01-20,00:00,4315.07,4708.55,3958.21,4316.09,0
2015-01-21,00:00,1088.81,1580.09,581.66,933.19,0
2015-01-22,00:00,1261.78,1852.52,876.81,1310.37,0
2015-01-23,00:00,-799.15,-215.05,-1090.39,-706.14,0
2015-01-26,00:00,74.74,225.15,-325.21,-3.72,0
2015-01-27,00:00,1556.13,1884.3,933.33,1365.1,0
2015-01-28,00:00,2668.02,2966.41,2285.47,2640.14,0
2015-01-29,00:00,2787.82,3236.28,2483.19,2836.42,0
2015-01-30,00:00,628.93,1105.85,73.4,565.35,0
2015-02-02,00:00,3244.4,3531.64,3031.89,3183.81,0
2015-02-03,00:00,668.8,977.72,414.28,737.56,0
2015-02-04,00:00,1549.9,1901.21,1143.45,1606.92,0
2015-02-05,00:00,146.28,590.26,-252.09,223.81,0
2015-02-06,00:00,-690.14,-84.96,-975.42,-704.07,0
2015-02-09,00:00,-1061.52,-699.77,-1353.2,-1111.84,0
2015-02-10,00:00,1011.49,1345.05,662.58,995.88,0
2015-02-11,00:00,155.87,384.69,-393.33,0.41,0
2015-02-12,00:00,1573.83,2006.35,1186.9,1544.54,0
2015-02-13,00:00,-293.48,0.55,-779.0,-384.36,0
2015-02-16,00:00,1030.74,1399.95,394.73,962.79,0
2015-02-17,00:00,-217.5,138.63,-637.3,-257.57,0
2015-02-18,00:00,4046.45,4317.84,3683.56,4118.86,0
2015-02-19,00:00,-613.96,-381.69,-920.14,-541.38,0
2015-02-20,00:00,1481.65,1871.59,1158.25,1589.8,0
2015-02-23,00:00,-420.56,-143.7,-870.62,-458.38,0
2015-02-24,00:00,1810.4,2135.69,1534.66,1867.55,0
2015-02-25,00:00,778.61,1207.74,404.8,777.53,0
2015-02-26,00:00,1126.5,1411.31,682.07,1073.06,0
2015-02-27,00:00,-170.97,314.52,-805.66,-209.53,0
2015-03-02,00:00,3896.21,4333.86,3270.11,3824.34,0
2015-03-03,00:00,-1328.12,-888.12,-1621.15,-1334.89,0
2015-03-04,00:00,620.06,887.39,360.38,531.73,0
2015-03-05,00:00,300.03,559.51,-119.96,131.94,0
2015-03-06,00:00,242.06,737.86,-144.68,291.53,0
2015-03-09,00:00,2749.14,3028.53,2439.93,2716.33,0
2015-03-10,00:00,717.95,896.03,513.51,735.12,0
2015-03-11,00:00,967.08,1506.23,289.07,918.14,0
2015-03-12,00:00,964.77,1007.41,475.03,817.01,0
2015-03-13,00:00,-429.85,-145.8,-857.9,-464.12,0
2015-03-16,00:00,2871.09,3291.67,2524.13,2898.58,0
2015-03-17,00:00,1203.97,1671.51,855.49,1195.02,0
2015-03-18,00:00,-487.09,95.54,-780.68,-452.8,0
2015-03-19,00:00,-943.97,-535.5,-1259.08,-1028.23,0
2015-03-20,00:00,709.92,1168.07,177.0,668.05,0
2015-03-23,00:00,1320.58,1474.13,853.91,1312.57,0
2015-03-24,00:00,1902.54,2259.42,1415.79,1821.44,0
2015-03-25,00:00,671.35,1187.62,224.03,734.61,0
2015-03-26,00:00,1719.84,2018.42,1334.76,1705.51,0
2015-03-27,00:00,1663.78,2161.91,1042.93,1566.03,0
2015-03-30,00:00,2656.63,3083.22,2440.16,2768.38,0
2015-03-31,00:00,1010.51,1157.1,486.59,841.34,0
2015-04-01,00:00,647.54,904.58,366.02,616.07,0
2015-04-02,00:00,-3196.37,-2684.64,-3605.92,-3118.32,0
2015-04-03,00:00,2929.36,3305.48,2746.82,2932.35,0
2015-04-06,00:00,664.29,837.07,545.03,679.95,0
2015-04-07,00:00,36.39,443.94,-359.08,102.31,0
2015-04-08,00:00,-2634.58,-2307.15,-3109.55,-2665.07,0
2015-04-09,00:00,-2407.99,-2123.89,-2736.94,-2479.06,0
2015-04-10,00:00,-419.51,118.64,-861.33,-350.6,0
2015-04-13,00:00,285.26,736.12,-9.39,343.21,0
2015-04-14,00:00,25.03,468.54,-389.03,43.76,0
2015-04-15,00:00,-2827.32,-2197.41,-3367.41,-2843.3,0
2015-04-16,00:00,752.23,1126.53,414.23,770.17,0
2015-04-17,00:00,-228.61,143.65,-548.84,-238.87,0
2015-04-20,00:00,367.56,668.15,-34.42,260.77,0
2015-04-21,00:00,-358.45,11.89,-818.91,-424.68,0
2015-04-22,00:00,3680.82,3994.45,3197.87,3458.75,0
2015-04-23,00:00,-410.86,-43.71,-902.38,-396.25,0
2015-04-24,00:00,-438.23,-20.08,-919.0,-419.8,0
2015-04-27,00:00,620.29,955.86,223.01,600.7,0
2015-04-28,00:00,-807.65,-399.08,-1168.38,-796.01,0
2015-04-29,00:00,26.8,504.65,-192.08,153.56,0
2015-04-30,00:00,17.63,512.14,-415.41,-37.93,0
2015-05-01,00:00,988.93,1360.65,467.19,970.27,0
2015-05-04,00:00,2006.84,2566.72,1419.39,2065.16,0
2015-05-05,00:00,-1085.24,-468.15,-1471.13,-1000.16,0
2015-05-06,00:00,3855.83,4234.77,3325.1,3856.91,0
2015-05-07,00:00,1800.68,2235.24,1345.81,1805.87,0
2015-05-08,00:00,191.51,420.11,-301.05,19.89,0
2015-05-11,00:00,-20.1,497.63,-546.35,-33.58,0
2015-05-12,00:00,2043.3,2537.6,1575.98,2073.87,0
2015-05-13,00:00,1354.43,1870.1,987.43,1419.79,0
2015-05-14,00:00,383.89,796.39,77.3,446.58,0
2015-05-15,00:00,1661.28,1880.7,1407.12,1660.51,0
2015-05-18,00:00,1748.41,2145.2,1248.74,1637.59,0
2015-05-19,00:00,-94.72,236.71,-593.78,-118.15,0
2015-05-20,00:00,1738.31,1872.33,1184.17,1670.4,0
2015-05-21,00:00,714.6,954.85,305.16,613.32,0
2015-05-22,00:00,-649.24,-305.88,-1000.78,-639.7,0
2015-05-25,00:00,1185.68,1444.47,831.66,1158.11,0
2015-05-26,00:00,521.02,825.71,50.99,461.2,0
2015-05-27,00:00,2278.74,2726.89,1991.41,2303.16,0
2015-05-28,00:00,7.58,348.04,-353.16,-35.28,0
2015-05-29,00:00,277.89,671.33,210.2,420.87,0
2015-06-01,00:00,827.14,1244.84,370.1,767.94,0
2015-06-02,00:00,483.75,627.62,-12.2,356.11,0
2015-06-03,00:00,-248.58,179.16,-758.76,-320.15,0
2015-06-04,00:00,3072.73,3572.06,2719.69,3134.32,0
2015-06-05,00:00,376.85,675.13,176.37,333.23,0
2015-06-08,00:00,632.27,981.11,129.35,571.63,0
2015-06-09,00:00,732.93,997.83,455.22,794.42,0
2015-06-10,00:00,-784.84,-369.84,-1104.99,-776.29,0
2015-06-11,00:00,569.7,901.21,239.54,467.18,0
2015-06-12,00:00,-2132.45,-1924.95,-2474.8,-2103.06,0
2015-06-15,00:00,734.92,1037.07,224.33,634.96,0
2015-06-16,00:00,821.56,1458.81,240.24,787.74,0
2015-06-17,00:00,919.72,1428.91,803.2,1023.09,0
2015-06-18,00:00,-2166.76,-1879.9,-2821.03,-2275.05,0
2015-06-19,00:00,932.61,1357.8,585.46,980.75,0
2015-06-22,00:00,1681.75,2098.4,1319.82,1715.81,0
2015-06-23,00:00,-1316.93,-908.41,-1589.57,-1301.69,0
2015-06-24,00:00,2748.4,3031.66,2357.39,2757.58,0
2015-06-25,00:00,2120.97,2511.82,1836.34,2215.19,0
2015-06-26,00:00,1610.88,2017.54,1217.09,1652.35,0
2015-06-29,00:00,536.64,841.6,104.45,534.64,0
2015-06-30,00:00,-376.97,137.66,-652.81,-274.54,0
2015-07-01,00:00,140.73,540.34,-256.02,188.29,0
2015-07-02,00:00,-2483.01,-2129.98,-2758.02,-2462.37,0
2015-07-03,00:00,1235.24,1582.25,848.8,1242.7,0
2015-07-06,00:00,-12.93,363.18,-298.0,56.09,0
2015-07-07,00:00,-3341.99,-2939.09,-3717.66,-3286.52,0
2015-07-08,00:00,532.75,905.05,-68.72,503.88,0
2015-07-09,00:00,2401.59,2511.27,2048.12,2321.12,0
2015-07-10,00:00,2208.3,2727.5,1854.71,2319.42,0
2015-07-13,00:00,-180.94,27.33,-560.67,-239.5,0
2015-07-14,00:00,-923.16,-675.4,-1251.4,-1034.67,0
2015-07-15,00:00,-1154.09,-954.68,-1638.18,-1212.88,0
2015-07-16,00:00,1545.84,1978.37,1083.78,1578.52,0
2015-07-17,00:00,-593.78,-144.74,-895.26,-601.05,0
2015-07-20,00:00,1296.7,1430.45,1132.54,1380.29,0
2015-07-21,00:00,-123.75,377.11,-541.54,-31.41,0
2015-07-22,00:00,2405.37,2743.48,1982.1,2361.75,0
2015-07-23,00:00,-515.58,-275.91,-1090.32,-562.8,0
2015-07-24,00:00,302.75,530.66,-159.08,327.56,0
2015-07-27,00:00,1225.69,1608.72,755.39,1187.06,0
2015-07-28,00:00,-688.17,-380.26,-924.44,-678.16,0
2015-07-29,00:00,1166.57,1735.91,783.55,1298.04,0
2015-07-30,00:00,-46.41,687.85,-361.56,91.86,0
2015-07-31,00:00,1915.1,2465.88,1445.02,1919.52,0
2015-08-03,00:00,432.5,782.3,186.46,409.15,0
2015-08-04,00:00,-325.88,131.68,-628.0,-239.04,0
2015-08-05,00:00,801.39,1148.14,286.89,743.82,0
2015-08-06,00:00,-438.78,-231.73,-865.01,-504.81,0
2015-08-07,00:00,-417.29,-38.95,-710.98,-363.71,0
2015-08-10,00:00,986.61,1349.62,581.4,1026.47,0
2015-08-11,00:00,2014.78,2369.99,1724.61,1978.71,0
2015-08-12,00:00,2945.1,3554.24,2412.46,2988.58,0
2015-08-13,00:00,909.58,1417.89,719.94,1017.22,0
2015-08-14,00:00,1606.37,1979.93,1319.57,1610.0,0
2015-08-17,00:00,583.07,849.97,186.64,507.61,0
2015-08-18,00:00,-768.6,-421.33,-1157.42,-764.78,0
2015-08-19,00:00,1235.88,1660.74,1005.41,1258.21,0
2015-08-20,00:00,1534.5,2008.52,1070.63,1576.58,0
2015-08-21,00:00,-423.85,-83.6,-684.37,-381.66,0
2015-08-24,00:00,47.2,328.52,-384.54,-101.03,0
2015-08-25,00:00,-828.86,-480.94,-1442.44,-880.95,0
2015-08-26,00:00,-1501.6,-1048.95,-1874.27,-1443.3,0
2015-08-27,00:00,1375.93,1573.4,883.39,1267.98,0
2015-08-28,00:00,983.98,1211.11,653.51,899.25,0
2015-08-31,00:00,-1096.16,-578.05,-1385.07,-1028.2,0
2015-09-01,00:00,-1359.08,-1030.98,-1951.6,-1373.28,0
2015-09-02,00:00,214.12,905.68,-284.2,262.9,0
2015-09-03,00:00,65.28,402.89,-341.36,112.74,0
2015-09-04,00:00,-276.56,143.76,-709.67,-313.36,0
2015-09-07,00:00,2015.31,2486.38,1576.36,1987.25,0
2015-09-08,00:00,947.78,1333.58,593.2,1023.6,0
2015-09-09,00:00,35.57,466.93,-293.12,119.82,0
2015-09-10,00:00,120.85,738.56,-241.74,189.61,0
2015-09-11,00:00,1023.72,1596.92,693.5,1196.31,0
2015-09-14,00:00,87.77,449.17,-428.17,-6.06,0
2015-09-15,00:00,3035.08,3510.6,2677.97,3071.24,0
2015-09-16,00:00,1041.17,1335.69,552.09,976.15,0
2015-09-17,00:00,-1867.04,-1419.54,-2367.42,-1931.64,0
2015-09-18,00:00,1544.24,1878.0,945.18,1503.05,0
2015-09-21,00:00,1037.98,1508.98,634.9,1052.05,0
2015-09-22,00:00,1480.12,1801.72,1163.55,1490.38,0
2015-09-23,00:00,617.16,1101.04,310.8,710.78,0
2015-09-24,00:00,1269.24,1600.6,853.67,1226.54,0
2015-09-25,00:00,-539.86,25.4,-762.38,-403.29,0
2015-09-28,00:00,1972.49,2447.15,1553.45,1934.71,0
2015-09-29,00:00,1229.43,1574.78,684.04,1208.19,0
2015-09-30,00:00,589.76,947.93,-35.7,456.1,0
2015-10-01,00:00,2258.45,2722.41,1607.4,2302.85,0
2015-10-02,00:00,1948.78,2310.99,1616.41,1976.79,0
2015-10-05,00:00,-466.95,-69.84,-988.85,-460.34,0
2015-10-06,00:00,-710.55,-225.44,-1375.27,-728.7,0
2015-10-07,00:00,-974.57,-569.56,-1468.22,-1023.1,0
2015-10-08,00:00,-394.86,-94.8,-764.56,-502.82,0
2015-10-09,00:00,1765.02,2120.16,1278.12,1707.57,0
2015-10-12,00:00,-280.25,192.9,-791.59,-348.41,0
2015-10-13,00:00,-43.41,397.21,-527.63,-96.67,0
2015-10-14,00:00,804.57,1182.13,436.12,915.69,0
2015-10-15,00:00,-411.39,-61.84,-674.24,-340.0,0
2015-10-16,00:00,-765.69,-664.35,-1071.59,-842.33,0
2015-10-19,00:00,-1117.8,-584.19,-1633.63,-1154.04,0
2015-10-20,00:00,216.47,507.43,-279.53,108.23,0
2015-10-21,00:00,-497.91,-229.22,-780.7,-427.25,0
2015-10-22,00:00,-678.64,-349.17,-959.42,-623.62,0
2015-10-23,00:00,-1600.91,-1323.12,-1937.95,-1613.52,0
2015-10-26,00:00,923.98,1230.06,549.31,974.21,0
2015-10-27,00:00,1551.53,1764.3,984.35,1428.24,0
2015-10-28,00:00,-523.06,77.69,-759.75,-398.52,0
2015-10-29,00:00,-1316.51,-1018.77,-1561.23,-1329.58,0
2015-10-30,00:00,-667.28,-454.21,-1102.45,-643.97,0
2015-11-02,00:00,1299.03,1686.54,711.68,1224.02,0
2015-11-03,00:00,-517.77,-210.32,-873.87,-395.0,0
2015-11-04,00:00,724.97,1055.32,381.85,698.27,0
2015-11-05,00:00,665.88,752.88,309.2,515.91,0
2015-11-06,00:00,-1006.5,-630.18,-1283.91,-927.04,0
2015-11-09,00:00,2552.43,3126.27,2084.24,2561.41,0
2015-11-10,00:00,1226.1,1690.44,844.96,1182.23,0
2015-11-11,00:00,1386.96,1767.0,963.75,1401.96,0
2015-11-12,00:00,888.93,1185.77,549.93,977.01,0
2015-11-13,00:00,-363.91,139.77,-936.98,-329.24,0
2015-11-16,00:00,-942.07,-524.41,-1203.69,-861.32,0
2015-11-17,00:00,427.08,805.17,-54.55,412.17,0
2015-11-18,00:00,1324.56,1540.95,810.81,1157.85,0
2015-11-19,00:00,1265.6,1584.0,882.89,1231.56,0
2015-11-20,00:00,1583.45,1947.49,1242.17,1568.56,0
2015-11-23,00:00,2056.86,2309.97,1800.16,2003.84,0
2015-11-24,00:00,1423.91,1864.88,1098.87,1410.54,0
2015-11-25,00:00,719.64,894.61,109.71,544.45,0
2015-11-26,00:00,82.16,290.11,-318.79,108.6,0
2015-11-27,00:00,1670.23,2003.05,1439.33,1631.86,0
2015-11-30,00:00,201.44,520.74,-327.06,103.07,0
2015-12-01,00:00,2219.06,2439.52,1749.4,2169.84,0
2015-12-02,00:00,1794.42,2031.86,1397.76,1684.1,0
2015-12-03,00:00,-1110.52,-709.12,-1537.48,-1046.45,0
2015-12-04,00:00,345.09,772.52,-121.2,246.59,0
2015-12-07,00:00,338.21,571.04,-69.5,406.91,0
2015-12-08,00:00,1991.56,2286.44,1600.46,1861.91,0
2015-12-09,00:00,-405.66,-21.68,-690.96,-361.89,0
2015-12-10,00:00,-873.93,-577.91,-1179.41,-846.18,0
2015-12-11,00:00,332.39,718.18,96.56,391.14,0
2015-12-14,00:00,309.57,772.84,-144.72,323.3,0
2015-12-15,00:00,-74.0,325.09,-616.7,-174.5,0
2015-12-16,00:00,1825.4,2274.68,1497.71,1836.26,0
2015-12-17,00:00,-818.09,-577.34,-1182.89,-767.13,0
2015-12-18,00:00,-59.18,350.05,-532.58,-70.63,0
2015-12-21,00:00,391.13,666.15,75.91,366.94,0
2015-12-22,00:00,-1074.92,-637.66,-1459.6,-1038.96,0
2015-12-23,00:00,1563.95,2011.04,1092.85,1595.95,0
2015-12-24,00:00,-1701.32,-1408.39,-2224.1,-1730.29,0
2015-12-25,00:00,-690.35,-233.4,-1144.47,-638.33,0
2015-12-28,00:00,-1107.09,-825.52,-1426.87,-1120.45,0
2015-12-29,00:00,2197.76,2466.26,1490.23,2120.71,0
2015-12-30,00:00,919.11,1198.74,381.48,839.27,0
2015-12-31,00:00,-644.24,-338.3,-1200.8,-760.82,0
2016-01-01,00:00,2854.64,2866.57,2486.42,2808.28,0
2016-01-04,00:00,287.83,370.36,39.67,125.72,0
2016-01-05,00:00,-96.82,271.62,-196.39,82.53,0
2016-01-06,00:00,76.97,314.75,-353.3,14.75,0
2016-01-07,00:00,2064.9,2638.87,1770.13,2112.53,0
2016-01-08,00:00,1390.81,1610.47,1075.92,1377.58,0
2016-01-11,00:00,1064.83,1467.95,696.82,1030.78,0
2016-01-12,00:00,1704.75,1737.76,1454.3,1541.04,0
2016-01-13,00:00,1400.06,1756.08,936.12,1304.64,0
2016-01-14,00:00,-431.01,-24.44,-855.54,-356.65,0
2016-01-15,00:00,3460.7,3797.34,3039.08,3489.14,0
2016-01-18,00:00,1343.95,1622.72,838.02,1291.82,0
2016-01-19,00:00,-686.15,-276.05,-1016.89,-702.95,0
2016-01-20,00:00,1937.7,2319.35,1536.09,1906.02,0
2016-01-21,00:00,780.2,1017.01,301.46,744.48,0
2016-01-22,00:00,-247.8,395.32,-734.94,-112.0,0
2016-01-25,00:00,392.45,917.4,-73.47,483.52,0
2016-01-26,00:00,-182.24,186.15,-524.08,-191.63,0
2016-01-27,00:00,-1523.31,-1157.5,-2045.02,-1593.25,0
2016-01-28,00:00,-717.53,-244.79,-1048.91,-683.73,0
2016-01-29,00:00,38.51,284.09,-379.31,7.82,0
2016-02-01,00:00,-214.7,-20.33,-405.9,-265.06,0
2016-02-02,00:00,1167.55,1436.45,759.77,1147.22,0
2016-02-03,00:00,169.3,596.19,-184.07,143.78,0
2016-02-04,00:00,405.65,659.16,-177.88,263.66,0
2016-02-05,00:00,-1661.71,-1316.02,-1956.18,-1683.23,0
2016-02-08,00:00,1502.05,1768.3,1233.3,1501.21,0
2016-02-09,00:00,-705.79,-247.53,-984.66,-614.19,0
2016-02-10,00:00,-2112.05,-1848.34,-2402.5,-2122.78,0
2016-02-11,00:00,-569.98,-191.33,-897.59,-543.14,0
2016-02-12,00:00,-85.82,305.1,-527.84,-41.92,0
2016-02-15,00:00,2381.47,2660.62,1647.13,2301.85,0
2016-02-16,00:00,-57.86,236.81,-593.26,-229.99,0
2016-02-17,00:00,186.21,845.72,-291.99,244.32,0
2016-02-18,00:00,573.2,1039.59,265.53,619.59,0
2016-02-19,00:00,958.86,1422.33,671.97,1035.22,0
2016-02-22,00:00,1864.56,2157.41,1505.69,1871.67,0
2016-02-23,00:00,990.83,1281.72,843.22,1023.89,0
2016-02-24,00:00,1299.96,1777.73,780.31,1353.96,0
2016-02-25,00:00,1049.17,1513.07,860.04,1204.93,0
2016-02-26,00:00,369.53,819.3,34.5,418.16,0
2016-02-29,00:00,2265.38,2716.65,1994.01,2309.34,0
2016-03-01,00:00,1448.43,1628.38,1087.53,1447.51,0
2016-03-02,00:00,-1618.76,-1196.3,-1990.3,-1623.25,0
2016-03-03,00:00,-1035.06,-618.27,-1370.97,-1062.29,0
2016-03-04,00:00,1735.86,2030.93,1357.13,1730.2,0
2016-03-07,00:00,-395.73,123.98,-875.49,-341.45,0
2016-03-08,00:00,1063.63,1297.7,589.63,964.96,0
2016-03-09,00:00,1991.13,2531.19,1534.45,1996.45,0
2016-03-10,00:00,176.11,575.16,-291.09,122.51,0
2016-03-11,00:00,-24.55,330.79,-370.34,-2.9,0
2016-03-14,00:00,-445.36,-78.24,-797.93,-478.46,0
2016-03-15,00:00,39.22,384.58,-541.57,-34.41,0
2016-03-16,00:00,-350.48,20.35,-795.52,-443.32,0
2016-03-17,00:00,162.1,324.56,-162.92,156.85,0
2016-03-18,00:00,-595.43,-227.33,-876.03,-552.07,0
2016-03-21,00:00,942.9,1271.75,608.58,868.35,0
2016-03-22,00:00,-556.86,-159.27,-1088.04,-655.55,0
2016-03-23,00:00,2.5,522.25,-503.14,-26.55,0
2016-03-24,00:00,-353.46,86.12,-598.9,-217.72,0
2016-03-25,00:00,1243.25,1451.62,611.59,1078.74,0
2016-03-28,00:00,2478.35,2907.3,2133.66,2448.94,0
2016-03-29,00:00,-887.4,-525.67,-1269.32,-950.36,0
2016-03-30,00:00,1752.71,2017.02,1339.24,1711.04,0
2016-03-31,00:00,164.73,580.97,-279.2,223.13,0
2016-04-01,00:00,2359.79,2892.46,2062.68,2501.02,0
2016-04-04,00:00,1037.54,1560.68,625.52,1054.59,0
2016-04-05,00:00,2176.78,2398.22,1889.01,2183.41,0
2016-04-06,00:00,177.66,708.01,30.55,368.49,0
2016-04-07,00:00,-287.79,101.81,-852.16,-335.39,0
2016-04-08,00:00,1942.66,2383.21,1557.25,1972.88,0
2016-04-11,00:00,-1505.79,-947.11,-1923.62,-1417.21,0
2016-04-12,00:00,-538.02,-131.31,-1076.08,-619.31,0
2016-04-13,00:00,-137.08,234.85,-508.29,-147.89,0
2016-04-14,00:00,-1160.91,-737.48,-1420.62,-1136.31,0
2016-04-15,00:00,1027.04,1341.27,621.36,1002.65,0
2016-04-18,00:00,1254.67,1662.58,972.22,1298.56,0
2016-04-19,00:00,2142.49,2575.99,1884.67,2200.45,0
2016-04-20,00:00,-177.2,388.79,-587.14,-156.46,0
2016-04-21,00:00,978.05,1425.15,471.58,1002.61,0
2016-04-22,00:00,-482.99,63.87,-1019.78,-442.96,0
2016-04-25,00:00,1865.65,2197.03,1461.21,1899.29,0
2016-04-26,00:00,2848.36,3050.74,2537.86,2797.93,0
2016-04-27,00:00,607.81,808.94,264.78,497.88,0
2016-04-28,00:00,-894.24,-579.77,-1505.55,-992.1,0
2016-04-29,00:00,-432.94,-26.39,-756.26,-447.94,0
2016-05-02,00:00,793.43,1080.2,331.33,685.66,0
2016-05-03,00:00,2075.18,2220.52,1663.1,1960.38,0
2016-05-04,00:00,-899.52,-399.88,-1024.03,-726.76,0
2016-05-05,00:00,1779.62,1970.92,1602.26,1825.54,0
2016-05-06,00:00,553.39,821.6,269.9,498.51,0
2016-05-09,00:00,952.45,1515.6,644.83,1054.56,0
2016-05-10,00:00,624.76,1026.99,321.12,710.48,0
2016-05-11,00:00,1027.74,1325.46,767.31,1090.19,0
2016-05-12,00:00,258.17,729.87,-244.31,291.49,0
2016-05-13,00:00,561.25,974.41,-189.28,461.57,0
2016-05-16,00:00,667.16,962.76,371.56,684.53,0
2016-05-17,00:00,835.05,1274.42,802.35,953.91,0
2016-05-18,00:00,-1398.4,-1081.51,-1765.98,-1361.75,0
2016-05-19,00:00,2135.9,2570.04,2132.14,2231.36,0
2016-05-20,00:00,1072.25,1308.24,760.83,1052.65,0
2016-05-23,00:00,1610.87,1995.7,1302.57,1694.83,0
2016-05-24,00:00,548.29,783.06,243.81,532.51,0
2016-05-25,00:00,905.09,1382.18,643.74,926.27,0
2016-05-26,00:00,1406.86,1760.28,1001.33,1553.52,0
2016-05-27,00:00,916.47,1482.81,628.52,1065.85,0
2016-05-30,00:00,-1238.69,-828.67,-1706.86,-1261.33,0
2016-05-31,00:00,1442.33,1792.12,1036.71,1433.23,0
2016-06-01,00:00,-427.36,61.87,-924.52,-417.3,0
2016-06-02,00:00,1746.61,2057.51,1188.29,1735.83,0
2016-06-03,00:00,102.73,671.25,-218.76,175.17,0
2016-06-06,00:00,864.63,1419.75,570.01,926.79,0
2016-06-07,00:00,357.53,446.5,-285.55,170.0,0
2016-06-08,00:00,-1240.7,-746.85,-1474.41,-1165.84,0
2016-06-09,00:00,2200.12,2498.51,1991.66,2197.93,0
2016-06-10,00:00,-702.05,-251.62,-1151.51,-663.47,0
2016-06-13,00:00,367.34,989.52,-177.81,378.58,0
2016-06-14,00:00,631.41,1098.51,261.93,637.79,0
2016-06-15,00:00,-362.92,-117.85,-790.04,-356.64,0
2016-06-16,00:00,-134.77,233.44,-714.15,-187.38,0
2016-06-17,00:00,2121.99,2505.15,1759.56,2119.09,0
2016-06-20,00:00,520.53,924.03,196.76,567.71,0
2016-06-21,00:00,1598.49,1863.49,1410.39,1625.87,0
2016-06-22,00:00,1157.09,1528.18,708.79,1125.69,0
2016-06-23,00:00,570.4,1129.66,297.78,563.82,0
2016-06-24,00:00,-1151.77,-767.27,-1360.96,-969.84,0
2016-06-27,00:00,-14.11,291.38,-330.32,-29.36,0
2016-06-28,00:00,1837.14,2222.54,1281.06,1724.54,0
2016-06-29,00:00,1784.23,2251.19,1307.75,1760.64,0
2016-06-30,00:00,2078.9,2347.88,1666.79,2004.71,0
2016-07-01,00:00,1352.58,1843.96,1226.3,1504.96,0
2016-07-04,00:00,2825.89,3323.52,2400.47,2791.76,0
2016-07-05,00:00,976.87,1411.08,579.97,962.4,0
2016-07-06,00:00,1075.25,1485.65,661.87,1040.79,0
2016-07-07,00:00,1944.7,2119.84,1711.57,1924.88,0
2016-07-08,00:00,-198.59,7.57,-751.16,-359.95,0
2016-07-11,00:00,-1074.13,-776.87,-1333.55,-1103.97,0
2016-07-12,00:00,958.41,1400.12,568.03,967.01,0
2016-07-13,00:00,1274.14,1807.51,772.79,1261.33,0
2016-07-14,00:00,-1772.65,-1349.53,-2072.33,-1731.86,0
2016-07-15,00:00,-1475.96,-1134.87,-1988.2,-1575.03,0
2016-07-18,00:00,269.06,563.79,-228.43,146.65,0
2016-07-19,00:00,1421.22,1762.02,1113.41,1407.46,0
2016-07-20,00:00,857.8,1171.77,495.28,772.5,0
2016-07-21,00:00,-1177.67,-751.65,-1552.62,-1049.82,0
2016-07-22,00:00,1307.59,1661.85,711.41,1125.92,0
2016-07-25,00:00,-2333.3,-2010.06,-2653.18,-2344.98,0
2016-07-26,00:00,1129.19,1693.79,750.3,1170.11,0
2016-07-27,00:00,1088.77,1450.58,611.05,1136.17,0
2016-07-28,00:00,1860.22,2261.68,1608.08,1867.01,0
2016-07-29,00:00,-2460.3,-1935.78,-2854.2,-2452.76,0
2016-08-01,00:00,592.42,1230.0,402.43,732.86,0
2016-08-02,00:00,-910.15,-703.4,-1380.9,-1056.3,0
2016-08-03,00:00,1565.85,2123.56,1160.41,1604.19,0
2016-08-04,00:00,1517.15,1889.63,927.65,1425.36,0
2016-08-05,00:00,-787.36,-453.19,-1248.52,-892.82,0
2016-08-08,00:00,908.85,1453.74,254.72,928.35,0
2016-08-09,00:00,1319.75,1778.5,967.16,1315.66,0
2016-08-10,00:00,2207.7,2759.66,1689.57,2282.84,0
2016-08-11,00:00,3320.64,3603.22,2955.12,3278.21,0
2016-08-12,00:00,2377.29,2714.3,1986.18,2283.77,0
2016-08-15,00:00,-2147.85,-1699.5,-2470.31,-2091.02,0
2016-08-16,00:00,1384.35,1841.67,988.62,1390.4,0
2016-08-17,00:00,-746.74,-360.76,-1309.19,-761.65,0
2016-08-18,00:00,-345.39,214.26,-669.74,-302.4,0
2016-08-19,00:00,1842.11,2079.59,1590.19,1811.26,0
2016-08-22,00:00,2637.77,3122.42,2387.33,2808.61,0
2016-08-23,00:00,898.66,1145.38,608.52,894.99,0
2016-08-24,00:00,-354.39,68.61,-838.54,-376.12,0
2016-08-25,00:00,1916.51,2109.14,1431.96,1798.7,0
2016-08-26,00:00,978.41,1251.57,550.7,957.28,0
2016-08-29,00:00,828.38,1424.99,638.67,942.6,0
2016-08-30,00:00,694.69,1282.74,464.32,774.91,0
2016-08-31,00:00,691.16,1116.04,388.34,676.94,0
2016-09-01,00:00,385.82,717.52,192.45,435.79,0
2016-09-02,00:00,-2705.93,-2531.98,-2953.27,-2741.73,0
2016-09-05,00:00,3038.25,3381.49,2804.35,3146.2,0
2016-09-06,00:00,1172.7,1468.98,873.56,1177.86,0
2016-09-07,00:00,2035.77,2413.12,1806.59,2106.23,0
2016-09-08,00:00,-598.97,30.39,-1178.77,-604.79,0
2016-09-09,00:00,939.94,1145.55,696.56,956.34,0
2016-09-12,00:00,-1679.64,-1379.65,-2207.61,-1830.6,0
2016-09-13,00:00,964.9,1391.21,317.9,916.94,0
2016-09-14,00:00,-251.69,-119.04,-630.36,-275.32,0
2016-09-15,00:00,2292.15,2479.07,1916.98,2206.56,0
2016-09-16,00:00,422.24,921.41,181.26,567.87,0
2016-09-19,00:00,-1481.86,-1058.07,-1898.74,-1550.18,0
2016-09-20,00:00,-220.4,217.8,-629.41,-245.3,0
2016-09-21,00:00,489.04,652.58,193.12,355.17,0
2016-09-22,00:00,2565.82,2871.11,2262.44,2548.23,0
2016-09-23,00:00,307.91,576.33,-63.98,349.64,0
2016-09-26,00:00,1777.76,2067.95,1373.87,1745.94,0
2016-09-27,00:00,-984.77,-620.89,-1172.14,-958.51,0
2016-09-28,00:00,397.47,1005.51,-52.77,534.74,0
2016-09-29,00:00,874.14,1276.35,509.44,866.4,0
2016-09-30,00:00,-1466.65,-1140.08,-2013.2,-1579.88,0
2016-10-03,00:00,1401.71,2004.43,1058.44,1477.92,0
2016-10-04,00:00,1789.73,2286.44,1527.08,1928.47,0
2016-10-05,00:00,2411.1,2908.43,2083.17,2408.51,0
2016-10-06,00:00,1852.09,2256.26,1462.63,1918.44,0
2016-10-07,00:00,245.34,785.55,-69.84,311.61,0
2016-10-10,00:00,3474.17,3527.97,3102.69,3275.02,0
2016-10-11,00:00,2473.85,2985.5,2188.04,2532.81,0
2016-10-12,00:00,1484.0,1924.74,1118.8,1478.41,0
2016-10-13,00:00,-838.46,-430.77,-1250.72,-800.28,0
2016-10-14,00:00,1661.35,2317.45,1162.41,1653.48,0
2016-10-17,00:00,-885.79,-449.53,-1084.27,-731.3,0
2016-10-18,00:00,1700.6,2020.24,1266.16,1617.95,0
2016-10-19,00:00,1156.81,1533.42,679.67,1112.82,0
2016-10-20,00:00,606.19,716.7,239.65,524.34,0
2016-10-21,00:00,687.0,1102.09,402.13,760.75,0
2016-10-24,00:00,722.2,993.39,316.83,656.93,0
2016-10-25,00:00,541.15,940.7,-70.54,439.44,0
2016-10-26,00:00,959.67,1310.71,395.16,949.49,0
2016-10-27,00:00,-1218.28,-666.88,-1322.61,-1071.43,0
2016-10-28,00:00,469.96,851.15,200.09,530.69,0
2016-10-31,00:00,-208.18,55.38,-623.04,-222.76,0
2016-11-01,00:00,1419.8,1775.09,1142.52,1457.73,0
2016-11-02,00:00,-606.46,-278.71,-893.03,-650.3,0
2016-11-03,00:00,1054.44,1418.16,760.64,1063.07,0
2016-11-04,00:00,-368.68,-177.53,-687.27,-384.38,0
2016-11-07,00:00,2333.57,2677.17,1819.87,2188.82,0
2016-11-08,00:00,752.21,999.12,463.1,678.97,0
2016-11-09,00:00,234.31,604.32,-236.77,206.29,0
2016-11-10,00:00,2026.82,2436.84,1528.81,2053.43,0
2016-11-11,00:00,199.32,399.99,-208.05,38.73,0
2016-11-14,00:00,2146.11,2440.46,1847.85,2192.52,0
2016-11-15,00:00,1093.31,1537.8,949.73,1239.13,0
2016-11-16,00:00,240.85,784.01,-133.53,308.82,0
2016-11-17,00:00,310.52,804.24,-132.67,298.9,0
2016-11-18,00:00,2636.67,2896.17,2405.75,2698.26,0
2016-11-21,00:00,-3315.78,-2912.6,-3785.0,-3400.06,0
2016-11-22,00:00,1079.97,1580.2,685.15,1121.16,0
2016-11-23,00:00,-173.71,500.58,-592.18,-119.55,0
2016-11-24,00:00,-348.65,-137.97,-791.99,-387.38,0
2016-11-25,00:00,89.23,358.78,-242.33,22.95,0
2016-11-28,00:00,1167.49,1495.33,837.39,1111.8,0
2016-11-29,00:00,889.19,1288.6,538.54,855.99,0
2016-11-30,00:00,-1426.27,-1151.56,-1646.89,-1325.66,0
2016-12-01,00:00,-1162.38,-705.25,-1549.66,-1152.82,0
2016-12-02,00:00,-189.73,214.23,-248.01,-24.56,0
2016-12-05,00:00,1705.59,1851.94,1322.53,1661.0,0
2016-12-06,00:00,-94.29,444.47,-296.25,-69.43,0
2016-12-07,00:00,2443.93,2895.55,2143.84,2455.59,0
2016-12-08,00:00,1488.2,1749.04,1203.03,1406.45,0
2016-12-09,00:00,2374.6,2775.07,2040.28,2364.36,0
2016-12-12,00:00,984.56,1401.75,691.12,1011.94,0
2016-12-13,00:00,2483.85,3079.46,2058.53,2532.63,0
2016-12-14,00:00,-1408.11,-1083.91,-1802.81,-1310.51,0
2016-12-15,00:00,-429.28,51.54,-1008.39,-442.64,0
2016-12-16,00:00,642.37,1146.29,336.88,758.38,0
2016-12-19,00:00,701.99,862.15,252.49,676.27,0
2016-12-20,00:00,1645.76,1874.67,1500.49,1659.95,0
2016-12-21,00:00,741.89,1088.08,205.19,713.06,0
2016-12-22,00:00,-306.38,-115.43,-528.39,-346.51,0
2016-12-23,00:00,1560.78,2105.77,1420.86,1751.69,0
2016-12-26,00:00,2387.17,2770.45,1643.28,2286.36,0
2016-12-27,00:00,1845.86,2182.12,1694.27,1926.83,0
2016-12-28,00:00,280.23,506.92,-76.01,192.94,0
2016-12-29,00:00,-303.7,268.96,-650.3,-287.61,0
2016-12-30,00:00,897.92,1155.89,795.68,942.16,0
2017-01-02,00:00,1083.76,1301.41,681.91,990.1,0
2017-01-03,00:00,-1220.07,-905.47,-1747.78,-1269.73,0
2017-01-04,00:00,1695.43,2070.53,1392.73,1703.24,0
2017-01-05,00:00,154.23,304.92,-94.91,112.14,0
2017-01-06,00:00,862.21,995.98,577.6,788.15,0
2017-01-09,00:00,-900.92,-539.19,-1186.25,-829.41,0
2017-01-10,00:00,620.79,1007.88,371.67,635.37,0
2017-01-11,00:00,101.48,424.01,-340.22,181.87,0
2017-01-12,00:00,-1173.8,-919.31,-1690.91,-1279.1,0
2017-01-13,00:00,1160.5,1748.75,864.26,1285.7,0
2017-01-16,00:00,1449.27,1719.29,1075.54,1487.1,0
2017-01-17,00:00,-334.38,81.48,-862.54,-468.58,0
2017-01-18,00:00,1959.49,2436.79,1511.81,1984.29,0
2017-01-19,00:00,957.54,1343.56,608.71,1008.3,0
2017-01-20,00:00,-98.11,219.49,-329.05,-101.65,0
2017-01-23,00:00,-114.44,175.35,-521.06,-234.62,0
2017-01-24,00:00,680.26,1042.02,240.2,594.71,0
2017-01-25,00:00,-155.37,188.08,-573.23,-178.29,0
2017-01-26,00:00,-824.01,-515.7,-1285.45,-859.88,0
2017-01-27,00:00,1536.24,2019.81,905.18,1488.84,0
2017-01-30,00:00,94.57,529.54,-204.24,172.49,0
2017-01-31,00:00,1400.3,1840.93,964.57,1366.43,0
2017-02-01,00:00,-661.82,-454.43,-1040.73,-722.47,0
2017-02-02,00:00,1944.88,2115.71,1512.93,1807.7,0
2017-02-03,00:00,2359.17,2901.32,1962.85,2289.19,0
2017-02-06,00:00,371.96,904.21,-223.5,452.44,0
2017-02-07,00:00,-102.15,200.36,-305.78,-144.3,0
2017-02-08,00:00,38.44,352.48,-301.84,-16.47,0
2017-02-09,00:00,724.93,991.54,109.85,608.38,0
2017-02-10,00:00,-781.78,-298.79,-1248.54,-779.1,0
2017-02-13,00:00,-1095.58,-783.65,-1590.45,-1170.52,0
2017-02-14,00:00,520.8,948.69,72.11,572.41,0
2017-02-15,00:00,276.32,783.7,-323.09,305.93,0
2017-02-16,00:00,1012.4,1365.21,573.32,961.01,0
2017-02-17,00:00,1405.63,1672.87,972.91,1317.58,0
2017-02-20,00:00,2588.98,3047.05,2343.28,2716.06,0
2017-02-21,00:00,-518.47,-355.36,-769.03,-501.83,0
2017-02-22,00:00,-1132.88,-906.36,-1537.98,-1205.89,0
2017-02-23,00:00,1484.95,1974.64,1276.65,1566.3,0
2017-02-24,00:00,3632.77,4048.9,3165.59,3625.45,0
2017-02-27,00:00,44.33,524.95,-287.64,50.18,0
2017-02-28,00:00,-1048.7,-544.68,-1075.74,-856.9,0
2017-03-01,00:00,499.24,1047.13,36.32,592.65,0
2017-03-02,00:00,399.82,848.3,-63.93,250.44,0
2017-03-03,00:00,-1062.77,-615.21,-1646.98,-1219.36,0
2017-03-06,00:00,665.17,1059.83,348.76,661.05,0
2017-03-07,00:00,-1682.12,-1561.69,-2245.45,-1887.93,0
2017-03-08,00:00,-1175.48,-945.66,-1468.77,-1265.26,0
2017-03-09,00:00,1284.78,1586.48,976.6,1293.61,0
2017-03-10,00:00,2015.03,2442.88,1775.39,2053.48,0
2017-03-13,00:00,589.32,1121.77,191.75,588.78,0
2017-03-14,00:00,176.1,496.57,-79.57,267.53,0
2017-03-15,00:00,1568.68,2020.62,1350.3,1720.47,0
2017-03-16,00:00,989.75,1334.06,599.7,1085.52,0
2017-03-17,00:00,1809.21,2305.69,1142.07,1806.0,0
2017-03-20,00:00,245.33,554.56,-158.12,256.13,0
2017-03-21,00:00,-801.42,-399.74,-1089.08,-863.79,0
2017-03-22,00:00,-595.2,-32.06,-954.81,-582.11,0
2017-03-23,00:00,-1337.01,-860.09,-1939.07,-1411.53,0
2017-03-24,00:00,-1751.48,-1301.41,-2002.47,-1774.41,0
2017-03-27,00:00,1249.39,1618.87,895.75,1228.17,0
2017-03-28,00:00,-697.04,-379.3,-963.73,-721.27,0
2017-03-29,00:00,50.92,404.28,-211.04,87.47,0
2017-03-30,00:00,1364.84,1717.76,1011.66,1339.08,0
2017-03-31,00:00,1921.87,2409.57,1407.42,1930.65,0
2017-04-03,00:00,-334.06,-221.92,-863.77,-460.58,0
2017-04-04,00:00,852.87,1253.11,389.24,810.86,0
2017-04-05,00:00,185.3,511.26,-109.2,236.08,0
2017-04-06,00:00,-327.15,-40.82,-730.29,-371.73,0
2017-04-07,00:00,1134.03,1466.56,754.2,1219.75,0
2017-04-10,00:00,848.32,1129.26,495.89,786.93,0
2017-04-11,00:00,-1933.6,-1578.19,-2191.95,-1931.99,0
2017-04-12,00:00,1861.44,2292.5,1476.3,1848.12,0
2017-04-13,00:00,3111.27,3509.02,2652.74,3163.06,0
2017-04-14,00:00,1161.45,1458.51,513.25,1086.52,0
2017-04-17,00:00,2195.49,2654.64,1693.01,2212.56,0
2017-04-18,00:00,110.62,448.25,-326.59,87.1,0
2017-04-19,00:00,1225.3,1366.48,677.26,1041.83,0
2017-04-20,00:00,181.69,355.18,-261.62,141.49,0
2017-04-21,00:00,1070.18,1438.32,605.01,1110.51,0
2017-04-24,00:00,-1405.89,-1058.97,-1506.19,-1283.37,0
2017-04-25,00:00,2511.97,3115.52,2137.64,2590.21,0
2017-04-26,00:00,-379.63,281.79,-728.9,-248.21,0
2017-04-27,00:00,-1723.18,-1166.9,-2101.65,-1662.46,0
2017-04-28,00:00,976.92,1381.39,659.89,1042.89,0
2017-05-01,00:00,-75.62,165.94,-422.5,-117.93,0
2017-05-02,00:00,949.67,1272.53,652.15,942.04,0
2017-05-03,00:00,-252.75,-3.51,-407.8,-251.95,0
2017-05-04,00:00,938.19,1550.39,501.46,1019.88,0
2017-05-05,00:00,3327.0,3470.2,2957.24,3342.42,0
2017-05-08,00:00,1690.31,1800.39,1162.67,1578.17,0
2017-05-09,00:00,531.34,1069.73,27.1,585.74,0
2017-05-10,00:00,352.35,681.08,-53.6,298.85,0
2017-05-11,00:00,1527.25,1957.98,1117.14,1482.89,0
2017-05-12,00:00,1506.61,1749.89,1117.06,1337.18,0
2017-05-15,00:00,1255.76,1773.09,870.59,1280.85,0
2017-05-16,00:00,900.54,1216.69,569.57,884.39,0
2017-05-17,00:00,-759.52,-350.12,-1376.57,-846.22,0
2017-05-18,00:00,-812.7,-407.42,-1113.84,-777.88,0
2017-05-19,00:00,-608.79,-147.92,-976.15,-589.57,0
2017-05-22,00:00,458.16,851.02,96.47,470.79,0
2017-05-23,00:00,2508.52,2902.38,2290.33,2556.94,0
2017-05-24,00:00,1374.46,1388.83,1056.0,1285.11,0
2017-05-25,00:00,362.83,697.94,42.28,415.29,0
2017-05-26,00:00,-654.76,-306.43,-1282.64,-730.56,0
2017-05-29,00:00,260.71,960.4,-199.13,344.1,0
2017-05-30,00:00,2007.03,2594.41,1599.38,2014.76,0
2017-05-31,00:00,698.35,1088.33,195.0,718.41,0
2017-06-01,00:00,-54.87,303.77,-437.12,-128.57,0
2017-06-02,00:00,2792.51,3383.49,2430.59,2856.93,0
2017-06-05,00:00,875.44,1198.7,677.26,904.62,0
2017-06-06,00:00,3469.17,3763.79,3075.4,3331.23,0
2017-06-07,00:00,-445.94,-190.02,-760.36,-458.27,0
2017-06-08,00:00,1494.18,1882.4,1352.09,1559.97,0
2017-06-09,00:00,539.15,838.08,313.04,580.09,0
2017-06-12,00:00,573.51,1130.49,200.0,689.92,0
2017-06-13,00:00,1505.24,1837.12,1320.06,1554.58,0
2017-06-14,00:00,-20.75,211.93,-318.83,-64.49,0
2017-06-15,00:00,114.16,482.37,-116.57,76.09,0
2017-06-16,00:00,1059.3,1421.71,645.32,1040.29,0
2017-06-19,00:00,704.09,1025.33,498.84,636.73,0
2017-06-20,00:00,554.67,1017.82,207.46,599.6,0
2017-06-21,00:00,861.24,1165.59,360.83,817.73,0
2017-06-22,00:00,-1278.11,-905.31,-1686.85,-1235.85,0
2017-06-23,00:00,1981.44,2350.28,1665.97,1994.23,0
2017-06-26,00:00,45.54,353.54,-482.53,3.3,0
2017-06-27,00:00,741.18,1112.32,175.84,778.42,0
2017-06-28,00:00,-1038.74,-693.24,-1260.76,-992.4,0
2017-06-29,00:00,126.83,313.52,-172.42,219.26,0
2017-06-30,00:00,1399.89,1759.96,907.08,1241.64,0
2017-07-03,00:00,2782.28,3140.75,2248.83,2744.21,0
2017-07-04,00:00,170.36,415.81,-218.78,118.0,0
2017-07-05,00:00,152.73,465.28,-148.24,177.47,0
2017-07-06,00:00,250.45,625.06,-130.31,170.78,0
2017-07-07,00:00,1682.6,2067.8,1374.22,1835.94,0
2017-07-10,00:00,1952.75,2340.33,1589.49,1993.84,0
2017-07-11,00:00,2583.2,3028.5,1981.2,2636.21,0
2017-07-12,00:00,518.06,844.85,-169.1,415.97,0
2017-07-13,00:00,1780.93,1974.16,1324.41,1747.79,0
2017-07-14,00:00,1967.88,2514.35,1577.64,2128.86,0
2017-07-17,00:00,37.53,377.11,-268.11,98.86,0
2017-07-18,00:00,-341.16,-97.01,-719.71,-385.57,0
2017-07-19,00:00,1915.51,2445.7,1546.7,1958.16,0
2017-07-20,00:00,1223.45,1701.47,813.71,1231.46,0
2017-07-21,00:00,236.62,648.45,-364.36,160.1,0
2017-07-24,00:00,604.22,914.03,208.47,574.12,0
2017-07-25,00:00,2131.82,2345.89,1762.41,2167.98,0
2017-07-26,00:00,1570.57,1861.09,1312.26,1561.18,0
2017-07-27,00:00,-763.45,-313.45,-1005.2,-690.97,0
2017-07-28,00:00,713.56,1115.53,386.38,702.91,0
2017-07-31,00:00,1941.42,2319.04,1531.32,1990.01,0
2017-08-01,00:00,531.07,708.82,197.93,416.21,0
2017-08-02,00:00,1064.16,1731.67,815.31,1178.99,0
2017-08-03,00:00,-98.98,-54.17,-753.96,-280.65,0
2017-08-04,00:00,1690.78,2144.07,1383.53,1758.6,0
2017-08-07,00:00,2301.98,2416.11,1867.15,2223.09,0
2017-08-08,00:00,1471.22,1702.26,1306.14,1444.83,0
2017-08-09,00:00,-1802.97,-1459.82,-2258.87,-1841.3,0
2017-08-10,00:00,691.62,1049.03,210.36,651.56,0
2017-08-11,00:00,-401.83,209.98,-1012.85,-416.59,0
2017-08-14,00:00,1902.86,2330.37,1544.57,1914.0,0
2017-08-15,00:00,-645.19,-494.97,-1211.19,-752.54,0
2017-08-16,00:00,439.28,923.72,224.64,526.94,0
2017-08-17,00:00,1368.14,1733.59,1003.0,1388.8,0
2017-08-18,00:00,1442.69,1729.5,997.81,1384.88,0
2017-08-21,00:00,-1249.15,-766.95,-1721.41,-1209.54,0
2017-08-22,00:00,-261.65,107.99,-597.62,-261.07,0
2017-08-23,00:00,-421.73,-17.12,-656.43,-383.91,0
2017-08-24,00:00,918.26,1211.6,635.43,937.83,0
2017-08-25,00:00,1074.29,1241.06,654.35,1002.82,0
2017-08-28,00:00,-235.15,-61.08,-615.12,-253.7,0
2017-08-29,00:00,1435.99,1997.46,837.12,1451.76,0
2017-08-30,00:00,-492.85,-107.77,-804.24,-501.61,0
2017-08-31,00:00,2562.33,3077.49,1972.29,2561.0,0
2017-09-01,00:00,1370.29,1800.95,878.55,1336.88,0
2017-09-04,00:00,279.28,774.53,-115.33,253.98,0
2017-09-05,00:00,217.84,621.99,94.06,356.68,0
2017-09-06,00:00,-485.63,32.93,-601.36,-402.3,0
2017-09-07,00:00,1431.28,1808.93,984.04,1356.36,0
2017-09-08,00:00,244.03,671.71,-250.36,238.86,0
2017-09-11,00:00,354.22,844.02,59.2,504.03,0
2017-09-12,00:00,137.8,372.26,-248.44,56.36,0
2017-09-13,00:00,3150.36,3695.8,2840.14,3299.06,0
2017-09-14,00:00,1414.05,1709.98,1024.56,1302.41,0
2017-09-15,00:00,-6.25,499.91,-537.56,3.73,0
2017-09-18,00:00,1339.6,1624.58,1022.97,1308.76,0
2017-09-19,00:00,-500.26,-87.46,-774.05,-440.69,0
2017-09-20,00:00,2811.84,3201.25,2285.11,2720.9,0
2017-09-21,00:00,-443.26,-295.09,-894.31,-601.52,0
2017-09-22,00:00,3224.79,3355.98,2913.25,3104.22,0
2017-09-25,00:00,120.55,492.4,-374.25,64.47,0
2017-09-26,00:00,508.84,928.61,340.32,558.62,0
2017-09-27,00:00,1138.68,1482.13,723.9,1085.11,0
2017-09-28,00:00,2705.64,3198.45,2417.14,2779.0,0
2017-09-29,00:00,-1290.0,-1041.67,-1748.64,-1361.19,0
2017-10-02,00:00,1168.98,1551.19,827.08,1217.06,0
2017-10-03,00:00,1251.89,1593.77,979.19,1381.2,0
2017-10-04,00:00,1538.35,1980.59,1118.18,1486.35,0
2017-10-05,00:00,2021.17,2546.56,1725.46,2127.44,0
2017-10-06,00:00,-1486.11,-1088.28,-1877.29,-1492.69,0
2017-10-09,00:00,186.2,602.7,-320.67,162.77,0
2017-10-10,00:00,2956.91,3519.8,2586.19,3092.17,0
2017-10-11,00:00,895.62,1337.83,492.3,917.49,0
2017-10-12,00:00,2244.94,2676.75,2007.33,2317.8,0
2017-10-13,00:00,1453.63,1665.93,1150.86,1426.76,0
2017-10-16,00:00,1452.62,1610.22,1189.74,1360.03,0
2017-10-17,00:00,-214.39,234.97,-629.93,-239.36,0
2017-10-18,00:00,-220.33,300.85,-483.88,-125.95,0
2017-10-19,00:00,1482.07,1956.95,1196.52,1515.73,0
2017-10-20,00:00,2423.81,2893.84,1866.31,2343.19,0
2017-10-23,00:00,991.04,1418.97,628.64,1020.7,0
2017-10-24,00:00,396.49,951.49,-39.06,381.58,0
2017-10-25,00:00,1323.8,1880.93,1172.65,1409.51,0
2017-10-26,00:00,-195.65,261.86,-624.61,-131.84,0
2017-10-27,00:00,247.05,279.37,-315.41,83.6,0
2017-10-30,00:00,1803.92,2309.65,1266.62,1721.6,0
2017-10-31,00:00,2268.2,2499.75,1794.0,2148.86,0
2017-11-01,00:00,463.2,1234.12,317.11,677.26,0
2017-11-02,00:00,617.72,978.21,-8.3,558.95,0
2017-11-03,00:00,-1998.07,-1522.88,-2179.76,-1881.73,0
2017-11-06,00:00,1132.16,1498.47,890.88,1208.01,0
2017-11-07,00:00,2590.85,2759.17,2131.18,2475.2,0
2017-11-08,00:00,2371.05,2442.41,1897.97,2262.09,0
2017-11-09,00:00,1050.45,1484.89,635.42,1089.6,0
2017-11-10,00:00,2107.63,2447.39,1971.85,2210.45,0
2017-11-13,00:00,-63.97,525.42,-499.19,-22.59,0
2017-11-14,00:00,352.36,617.14,-154.34,201.61,0
2017-11-15,00:00,1129.79,1478.6,772.18,1094.31,0
2017-11-16,00:00,1514.12,1887.56,1127.5,1478.7,0
2017-11-17,00:00,1204.54,1745.24,579.96,1201.46,0
2017-11-20,00:00,-3525.45,-3023.7,-4146.7,-3536.22,0
2017-11-21,00:00,1061.58,1416.33,786.29,1070.96,0
2017-11-22,00:00,3466.63,3849.24,3167.95,3499.91,0
2017-11-23,00:00,1888.03,2298.2,1611.7,1952.68,0
2017-11-24,00:00,2542.82,3034.52,2364.28,2589.98,0
2017-11-27,00:00,2452.47,2852.07,2243.17,2469.14,0
2017-11-28,00:00,373.56,743.29,-102.26,281.89,0
2017-11-29,00:00,-2531.66,-2394.85,-3046.99,-2652.99,0
2017-11-30,00:00,115.92,550.91,-281.97,133.83,0
2017-12-01,00:00,-660.03,-268.15,-926.4,-586.23,0
2017-12-04,00:00,2149.83,2520.71,1968.09,2183.54,0
2017-12-05,00:00,-767.49,-260.58,-1450.3,-763.78,0
2017-12-06,00:00,-911.06,-896.14,-1297.33,-959.56,0
2017-12-07,00:00,954.36,1236.41,504.22,921.38,0
2017-12-08,00:00,1299.15,1603.28,994.99,1274.26,0
2017-12-11,00:00,1398.03,1579.45,1124.45,1326.39,0
2017-12-12,00:00,729.24,1184.14,247.25,755.97,0
2017-12-13,00:00,2214.81,2428.87,1784.9,2171.87,0
2017-12-14,00:00,-1853.37,-1257.97,-2272.93,-1749.36,0
2017-12-15,00:00,1692.43,2192.61,1429.71,1812.56,0
2017-12-18,00:00,1930.75,2217.24,1888.76,1945.87,0
2017-12-19,00:00,-737.97,-261.06,-1079.79,-687.88,0
2017-12-20,00:00,499.31,978.25,112.42,606.48,0
2017-12-21,00:00,2080.43,2455.43,1687.59,2102.29,0
2017-12-22,00:00,1978.48,2578.11,1458.96,2021.91,0
2017-12-25,00:00,764.41,1148.91,249.33,774.33,0
2017-12-26,00:00,352.12,542.08,98.64,258.62,0
2017-12-27,00:00,-782.06,-591.33,-979.83,-709.29,0
2017-12-28,00:00,-1834.74,-1445.16,-2178.49,-1748.31,0
2017-12-29,00:00,728.15,978.03,217.12,665.64,0
2018-01-01,00:00,-650.6,-457.75,-1093.23,-740.26,0
2018-01-02,00:00,2303.36,2796.26,1800.83,2284.33,0
2018-01-03,00:00,-1530.59,-1241.64,-1935.77,-1601.08,0
2018-01-04,00:00,345.35,838.85,224.9,451.11,0
2018-01-05,00:00,2081.07,2483.44,1885.51,2211.08,0
2018-01-08,00:00,1736.32,1912.84,1454.86,1735.51,0
2018-01-09,00:00,-1169.06,-787.22,-1497.49,-1078.19,0
2018-01-10,00:00,1837.42,2251.11,1494.64,1877.23,0
2018-01-11,00:00,911.91,1301.89,572.9,935.28,0
2018-01-12,00:00,1606.95,1903.2,1308.01,1579.41,0
2018-01-15,00:00,-1169.14,-628.67,-1581.83,-1087.4,0
2018-01-16,00:00,712.83,999.33,428.23,763.67,0
2018-01-17,00:00,93.64,525.14,-284.94,115.84,0
2018-01-18,00:00,551.05,1019.64,175.06,570.37,0
2018-01-19,00:00,865.48,1183.13,395.55,756.39,0
2018-01-22,00:00,91.07,450.38,-216.18,165.25,0
2018-01-23,00:00,1511.84,1938.51,1218.24,1588.16,0
2018-01-24,00:00,-1262.2,-1047.0,-1915.7,-1446.21,0
2018-01-25,00:00,176.08,360.34,-153.05,64.0,0
2018-01-26,00:00,1056.47,1546.83,706.54,1122.88,0
2018-01-29,00:00,696.29,1173.39,398.21,808.19,0
2018-01-30,00:00,2170.45,2676.07,1802.92,2204.08,0
2018-01-31,00:00,-684.5,-449.88,-988.79,-776.63,0
2018-02-01,00:00,214.78,600.68,-177.19,212.37,0
2018-02-02,00:00,-378.98,-104.6,-641.1,-398.63,0
2018-02-05,00:00,-103.09,157.09,-500.01,-155.76,0
2018-02-06,00:00,39.3,624.55,-532.66,124.13,0
2018-02-07,00:00,-296.54,251.29,-883.47,-317.94,0
2018-02-08,00:00,2703.86,2890.0,2497.99,2728.09,0
2018-02-09,00:00,657.52,1082.38,204.41,604.0,0
2018-02-12,00:00,-789.41,-403.12,-1135.05,-743.71,0
2018-02-13,00:00,1030.35,1464.68,707.05,1131.8,0
2018-02-14,00:00,502.74,888.65,22.15,476.6,0
2018-02-15,00:00,1494.26,1972.25,1207.24,1591.93,0
2018-02-16,00:00,1980.91,2502.69,1805.49,2112.36,0
2018-02-19,00:00,3231.37,3601.61,2927.55,3301.56,0
2018-02-20,00:00,-868.41,-494.06,-1147.08,-874.61,0
2018-02-21,00:00,587.12,955.19,340.88,702.12,0
2018-02-22,00:00,1943.48,2188.12,1724.69,1965.09,0
2018-02-23,00:00,-53.26,453.64,-461.04,-7.53,0
2018-02-26,00:00,-726.18,-297.58,-1114.98,-777.14,0
2018-02-27,00:00,-932.72,-509.74,-1475.44,-908.65,0
2018-02-28,00:00,339.85,864.94,41.42,477.44,0
2018-03-01,00:00,-360.59,-44.76,-614.73,-321.84,0
2018-03-02,00:00,-163.66,238.25,-601.7,-209.25,0
2018-03-05,00:00,1375.36,1731.78,1060.94,1295.0,0
2018-03-06,00:00,1988.79,2323.11,1709.12,1946.92,0
2018-03-07,00:00,106.97,433.03,-344.34,82.3,0
2018-03-08,00:00,2024.93,2425.75,1781.66,2060.21,0
2018-03-09,00:00,-419.75,26.1,-849.95,-412.59,0
2018-03-12,00:00,-202.24,317.67,-875.96,-247.47,0
2018-03-13,00:00,-2148.43,-1776.44,-2704.34,-2226.3,0
2018-03-14,00:00,230.8,635.05,-182.23,319.07,0
2018-03-15,00:00,-185.29,431.3,-567.99,-1.94,0
2018-03-16,00:00,2129.36,2198.61,1862.39,2138.6,0
2018-03-19,00:00,-1189.25,-959.86,-1248.22,-1157.82,0
2018-03-20,00:00,640.03,1053.92,377.48,652.43,0
2018-03-21,00:00,2284.86,2589.88,1998.45,2357.23,0
2018-03-22,00:00,-157.64,122.48,-610.62,-203.06,0
2018-03-23,00:00,-330.04,-44.47,-865.67,-432.06,0
2018-03-26,00:00,-1228.04,-833.66,-1660.9,-1244.69,0
2018-03-27,00:00,2659.44,2935.04,2239.37,2585.98,0
2018-03-28,00:00,-1001.71,-707.88,-1394.44,-1017.01,0
2018-03-29,00:00,460.95,767.38,114.96,430.63,0
2018-03-30,00:00,1411.4,1630.64,1244.24,1434.59,0
2018-04-02,00:00,2009.66,2468.33,1621.36,1998.14,0
2018-04-03,00:00,-1036.69,-723.42,-1473.22,-1137.82,0
2018-04-04,00:00,1984.96,2380.54,1531.25,1961.4,0
2018-04-05,00:00,2508.76,2951.22,2323.06,2526.41,0
2018-04-06,00:00,-371.85,-47.79,-826.89,-368.9,0
2018-04-09,00:00,264.43,541.45,41.01,266.2,0
2018-04-10,00:00,-512.48,-12.23,-915.44,-461.16,0
2018-04-11,00:00,530.04,1116.23,160.69,512.17,0
2018-04-12,00:00,584.08,1031.06,176.84,584.36,0
2018-04-13,00:00,795.26,1069.19,422.34,678.85,0
2018-04-16,00:00,1717.33,2043.06,1196.88,1664.4,0
2018-04-17,00:00,933.71,1381.31,643.48,972.43,0
2018-04-18,00:00,1716.56,2209.3,1643.37,1947.27,0
2018-04-19,00:00,-218.45,30.09,-538.14,-242.62,0
2018-04-20,00:00,891.37,1278.67,400.4,794.79,0
2018-04-23,00:00,909.17,1197.2,619.7,841.09,0
2018-04-24,00:00,622.43,927.72,88.52,564.59,0
2018-04-25,00:00,1054.4,1429.66,523.28,1049.95,0
2018-04-26,00:00,2376.74,2904.27,2061.99,2479.03,0
2018-04-27,00:00,-621.77,-246.05,-929.17,-590.52,0
2018-04-30,00:00,-1814.24,-1260.75,-2260.56,-1810.51,0
2018-05-01,00:00,1483.12,2185.9,1275.05,1663.45,0
2018-05-02,00:00,-416.18,39.11,-833.08,-393.11,0
2018-05-03,00:00,-9.41,345.24,-303.06,-52.97,0
2018-05-04,00:00,570.79,894.38,232.0,493.61,0
2018-05-07,00:00,48.18,343.91,-198.9,175.94,0
2018-05-08,00:00,1921.65,2288.75,1345.74,1842.9,0
2018-05-09,00:00,-2348.59,-1886.25,-2799.82,-2437.95,0
2018-05-10,00:00,1262.49,1408.54,902.65,1265.05,0
2018-05-11,00:00,862.88,1306.83,544.47,861.23,0
2018-05-14,00:00,409.98,963.64,107.83,454.58,0
2018-05-15,00:00,927.22,1172.01,458.63,817.89,0
2018-05-16,00:00,-214.9,-23.53,-940.92,-389.37,0
2018-05-17,00:00,234.04,672.75,-202.95,189.45,0
2018-05-18,00:00,1065.61,1374.61,701.93,1042.2,0
2018-05-21,00:00,-381.85,-84.78,-805.86,-422.12,0
2018-05-22,00:00,-1012.88,-628.07,-1208.07,-966.83,0
2018-05-23,00:00,674.25,941.03,177.64,613.71,0
2018-05-24,00:00,328.71,748.91,-1.03,363.46,0
2018-05-25,00:00,4204.69,4710.85,3917.54,4263.97,0
2018-05-28,00:00,-1264.25,-869.72,-1436.56,-1125.5,0
2018-05-29,00:00,1190.67,1592.03,904.16,1217.81,0
2018-05-30,00:00,1455.01,1826.88,1029.57,1478.28,0
2018-05-31,00:00,1614.73,1988.16,1009.16,1559.44,0
2018-06-01,00:00,3686.01,4241.39,3411.24,3719.97,0
2018-06-04,00:00,2134.91,2473.47,1999.15,2212.28,0
2018-06-05,00:00,-704.26,-59.76,-1048.92,-639.36,0
2018-06-06,00:00,2991.99,3424.19,2686.17,2934.4,0
2018-06-07,00:00,228.14,768.45,-221.01,296.86,0
2018-06-08,00:00,426.32,763.34,74.26,381.1,0
2018-06-11,00:00,933.15,1422.03,636.24,977.98,0
2018-06-12,00:00,1110.1,1613.76,734.45,1154.24,0
2018-06-13,00:00,1342.05,1417.25,1013.62,1234.04,0
2018-06-14,00:00,548.81,829.46,-49.85,450.74,0
2018-06-15,00:00,199.42,507.47,-150.36,154.29,0
2018-06-18,00:00,-445.36,75.0,-571.68,-275.23,0
2018-06-19,00:00,2229.26,2506.84,1737.31,2164.0,0
2018-06-20,00:00,427.61,849.11,-113.21,345.42,0
2018-06-21,00:00,-125.37,265.82,-545.93,-184.14,0
2018-06-22,00:00,-130.8,257.11,-330.15,-59.34,0
2018-06-25,00:00,2308.26,2438.42,1926.39,2105.33,0
2018-06-26,00:00,2220.55,2621.0,1847.17,2189.17,0
2018-06-27,00:00,2087.42,2565.97,1681.07,2102.71,0
2018-06-28,00:00,564.84,818.93,97.86,567.56,0
2018-06-29,00:00,1680.34,1897.55,1460.16,1683.0,0
2018-07-02,00:00,1425.33,1732.42,1050.94,1420.47,0
2018-07-03,00:00,1067.77,1393.77,894.43,1059.13,0
2018-07-04,00:00,1764.14,2170.86,1449.39,1705.77,0
2018-07-05,00:00,-551.37,-284.96,-904.74,-614.45,0
2018-07-06,00:00,2402.4,2770.7,1936.48,2287.73,0
2018-07-09,00:00,1074.42,1418.45,886.89,1030.94,0
2018-07-10,00:00,1544.47,2078.36,1317.18,1629.91,0
2018-07-11,00:00,756.9,1195.77,307.62,800.72,0
2018-07-12,00:00,17.73,360.71,-339.44,13.39,0
2018-07-13,00:00,-570.84,-269.81,-1096.44,-765.12,0
2018-07-16,00:00,1904.6,2302.44,1482.79,1876.83,0
2018-07-17,00:00,402.08,790.53,42.19,409.38,0
2018-07-18,00:00,-1396.45,-1206.34,-1718.29,-1426.65,0
2018-07-19,00:00,-113.22,143.47,-578.62,-207.04,0
2018-07-20,00:00,-68.95,448.73,-408.96,118.11,0
2018-07-23,00:00,134.22,395.63,-145.25,171.63,0
2018-07-24,00:00,3218.69,3541.28,2841.83,3240.23,0
2018-07-25,00:00,1606.35,2073.29,1201.55,1629.23,0
2018-07-26,00:00,402.4,595.49,77.43,384.49,0
2018-07-27,00:00,724.39,1178.46,437.23,846.04,0
2018-07-30,00:00,5.67,520.19,-245.56,99.49,0
2018-07-31,00:00,107.58,587.49,-396.39,121.98,0
2018-08-01,00:00,1742.44,1969.2,1331.84,1680.57,0
2018-08-02,00:00,1001.74,1463.9,745.2,1071.16,0
2018-08-03,00:00,-307.63,63.51,-686.76,-341.57,0
2018-08-06,00:00,-491.7,-159.39,-941.17,-502.52,0
2018-08-07,00:00,1927.75,2570.9,1507.74,1938.03,0
2018-08-08,00:00,1342.7,1567.06,1058.13,1422.83,0
2018-08-09,00:00,220.37,656.66,-279.9,235.34,0
2018-08-10,00:00,3337.07,3900.7,3093.98,3381.74,0
2018-08-13,00:00,-398.61,-126.21,-1017.07,-522.12,0
2018-08-14,00:00,595.18,964.46,135.67,657.19,0
2018-08-15,00:00,1217.41,1630.36,776.99,1216.07,0
2018-08-16,00:00,1357.48,1781.42,1051.42,1484.45,0
2018-08-17,00:00,717.56,1172.47,355.94,776.54,0
2018-08-20,00:00,-545.57,-283.01,-798.54,-416.21,0
2018-08-21,00:00,3641.41,4053.06,3183.06,3601.18,0
2018-08-22,00:00,1171.7,1361.6,608.13,1027.99,0
2018-08-23,00:00,1832.73,2343.78,1491.17,1835.03,0
2018-08-24,00:00,3271.92,3813.09,3145.81,3306.75,0
2018-08-27,00:00,1054.5,1327.9,724.87,997.89,0
2018-08-28,00:00,580.76,939.94,201.96,597.29,0
2018-08-29,00:00,2388.1,2661.44,2055.39,2293.84,0
2018-08-30,00:00,-552.95,-343.49,-947.5,-567.42,0
2018-08-31,00:00,-764.7,-334.25,-1121.92,-700.6,0
2018-09-03,00:00,-2164.93,-1757.32,-2713.23,-2222.25,0
2018-09-04,00:00,3115.95,3592.76,2686.25,3121.87,0
2018-09-05,00:00,2450.08,2777.71,2001.33,2355.41,0
2018-09-06,00:00,-88.66,431.93,-409.37,-15.15,0
2018-09-07,00:00,201.76,544.75,-312.39,178.17,0
2018-09-10,00:00,433.25,1004.55,-50.34,456.06,0
2018-09-11,00:00,70.59,316.49,-382.19,-16.83,0
2018-09-12,00:00,1307.89,1826.94,942.59,1398.57,0
2018-09-13,00:00,1720.3,2080.81,1387.24,1782.25,0
2018-09-14,00:00,1198.92,1613.41,904.16,1232.89,0
2018-09-17,00:00,2959.96,3331.08,2709.65,2986.81,0
2018-09-18,00:00,260.19,674.06,-35.89,233.48,0
2018-09-19,00:00,-97.64,102.09,-351.55,-145.56,0
2018-09-20,00:00,796.37,1371.68,286.62,797.69,0
2018-09-21,00:00,3048.26,3314.78,2687.13,3009.84,0
2018-09-24,00:00,-3234.03,-2813.94,-3603.98,-3219.35,0
2018-09-25,00:00,1161.92,1372.31,713.79,1109.2,0
2018-09-26,00:00,57.37,488.81,-499.64,96.34,0
2018-09-27,00:00,633.07,1009.69,508.66,748.96,0
2018-09-28,00:00,197.72,525.47,-198.74,268.42,0
2018-10-01,00:00,-565.16,-280.1,-955.57,-622.49,0
2018-10-02,00:00,-1201.76,-681.22,-1656.61,-1161.7,0
2018-10-03,00:00,-662.24,-179.29,-1184.58,-577.56,0
2018-10-04,00:00,242.05,497.9,-333.82,213.87,0
2018-10-05,00:00,862.51,1377.09,587.67,978.49,0
2018-10-08,00:00,862.21,1234.47,547.79,957.67,0
2018-10-09,00:00,2897.57,3102.29,2612.4,2885.32,0
2018-10-10,00:00,734.79,892.62,217.57,630.57,0
2018-10-11,00:00,2189.43,2510.69,1747.51,2142.62,0
2018-10-12,00:00,717.68,1179.81,205.38,661.12,0
2018-10-15,00:00,-1353.03,-947.01,-1765.09,-1441.5,0
2018-10-16,00:00,-875.66,-458.33,-1366.99,-894.72,0
2018-10-17,00:00,1818.47,2266.31,1683.1,1921.48,0
2018-10-18,00:00,501.77,999.93,283.21,586.99,0
2018-10-19,00:00,1276.28,1556.66,764.79,1176.42,0
2018-10-22,00:00,247.22,724.07,151.05,424.99,0
2018-10-23,00:00,-521.99,-60.1,-988.94,-480.68,0
2018-10-24,00:00,2097.32,2210.77,1655.25,1932.96,0
2018-10-25,00:00,1039.95,1518.68,778.16,1179.86,0
2018-10-26,00:00,1041.21,1440.33,623.19,1041.67,0
2018-10-29,00:00,867.76,1172.02,494.0,812.06,0
2018-10-30,00:00,-843.31,-440.45,-1195.14,-780.27,0
2018-10-31,00:00,-2227.02,-1894.95,-2752.41,-2227.23,0
2018-11-01,00:00,1530.15,1709.25,1286.94,1524.24,0
2018-11-02,00:00,1189.93,1535.24,729.81,1232.38,0
2018-11-05,00:00,842.7,1289.66,531.66,913.79,0
2018-11-06,00:00,2671.62,2998.8,2255.3,2696.69,0
2018-11-07,00:00,1134.92,1778.22,718.03,1186.59,0
2018-11-08,00:00,1739.57,2123.02,1448.02,1733.27,0
2018-11-09,00:00,64.25,513.9,-467.16,62.93,0
2018-11-12,00:00,1452.44,1635.1,1017.67,1388.16,0
2018-11-13,00:00,1161.92,1261.07,915.37,1135.82,0
2018-11-14,00:00,2714.28,3098.49,2511.2,2831.41,0
2018-11-15,00:00,692.45,1340.07,164.63,690.63,0
2018-11-16,00:00,831.16,1288.99,428.06,869.88,0
2018-11-19,00:00,246.31,901.73,-333.39,328.07,0
2018-11-20,00:00,338.07,949.03,19.51,397.83,0
2018-11-21,00:00,-157.01,409.02,-460.83,-54.18,0
2018-11-22,00:00,1975.46,2583.82,1590.19,2100.81,0
2018-11-23,00:00,-1592.17,-1293.45,-1843.83,-1549.28,0
2018-11-26,00:00,566.03,1084.59,149.58,687.16,0
2018-11-27,00:00,1135.13,1561.33,759.06,1119.69,0
2018-11-28,00:00,-210.77,320.65,-601.99,-132.98,0
2018-11-29,00:00,931.85,1151.41,459.63,867.92,0
2018-11-30,00:00,544.15,1117.48,72.1,538.03,0
2018-12-03,00:00,642.33,805.28,296.41,535.47,0
2018-12-04,00:00,1120.6,1645.36,670.02,1192.88,0
2018-12-05,00:00,-650.2,-364.45,-1000.6,-695.37,0
2018-12-06,00:00,2072.07,2407.43,1695.28,2007.77,0
2018-12-07,00:00,1491.91,1831.47,1086.75,1437.45,0
2018-12-10,00:00,-528.88,-281.29,-858.36,-497.44,0
2018-12-11,00:00,-241.11,21.28,-735.13,-317.32,0
2018-12-12,00:00,-3204.34,-2948.75,-3591.54,-3192.09,0
2018-12-13,00:00,-1464.69,-1044.24,-1651.06,-1358.25,0
2018-12-14,00:00,2546.04,2885.21,2187.91,2546.29,0
2018-12-17,00:00,2306.77,2702.69,1979.25,2315.59,0
2018-12-18,00:00,-326.78,-27.93,-716.75,-408.34,0
2018-12-19,00:00,114.7,523.18,-318.85,213.39,0
2018-12-20,00:00,-279.74,217.11,-641.82,-271.25,0
2018-12-21,00:00,1396.85,1642.48,1010.88,1302.35,0
2018-12-24,00:00,1249.37,1533.85,853.63,1274.61,0
2018-12-25,00:00,1869.69,2210.05,1609.73,1962.2,0
2018-12-26,00:00,-8.73,494.42,-435.44,19.24,0
2018-12-27,00:00,-679.77,-178.99,-1030.72,-584.78,0
2018-12-28,00:00,2158.46,2500.45,1821.66,2148.98,0
2018-12-31,00:00,1671.34,1797.85,1355.71,1567.01,0
2019-01-01,00:00,795.88,1272.93,301.72,786.01,0
2019-01-02,00:00,-497.76,-275.34,-1199.45,-647.32,0
2019-01-03,00:00,-1749.34,-1086.02,-2035.86,-1619.76,0
2019-01-04,00:00,75.58,326.34,-243.65,117.47,0
2019-01-07,00:00,112.39,516.16,-9.96,305.21,0
2019-01-08,00:00,-1481.16,-1142.14,-1996.48,-1477.7,0
2019-01-09,00:00,-495.26,-87.95,-797.31,-469.99,0
2019-01-10,00:00,1698.23,2009.68,1392.97,1781.82,0
2019-01-11,00:00,514.85,898.44,60.7,551.86,0
2019-01-14,00:00,1646.18,2116.24,1486.03,1713.53,0
2019-01-15,00:00,1034.29,1319.95,621.31,971.91,0
2019-01-16,00:00,-149.1,-13.55,-519.14,-176.63,0
2019-01-17,00:00,649.08,1168.47,186.75,654.99,0
2019-01-18,00:00,1595.56,1732.57,1126.56,1547.38,0
2019-01-21,00:00,1453.59,1780.96,1090.49,1463.78,0
2019-01-22,00:00,-895.86,-591.97,-1094.87,-867.5,0
2019-01-23,00:00,-624.02,-276.1,-757.06,-584.08,0
2019-01-24,00:00,181.24,593.47,-349.22,64.03,0
2019-01-25,00:00,2253.56,2535.53,1824.88,2289.98,0
2019-01-28,00:00,-93.76,391.25,-769.2,-167.5,0
2019-01-29,00:00,1957.1,2288.37,1733.6,2055.34,0
2019-01-30,00:00,363.9,612.46,-158.44,286.62,0
2019-01-31,00:00,404.58,728.77,161.18,449.79,0
2019-02-01,00:00,1788.36,2065.72,1243.66,1668.16,0
2019-02-04,00:00,-96.98,-39.54,-542.21,-161.52,0
2019-02-05,00:00,1664.08,2113.83,1036.94,1626.29,0
2019-02-06,00:00,3447.15,3875.15,3224.8,3551.33,0
2019-02-07,00:00,-268.41,266.11,-763.44,-234.75,0
2019-02-08,00:00,2060.24,2408.12,1865.82,2163.73,0
2019-02-11,00:00,641.22,816.2,126.24,470.55,0
2019-02-12,00:00,1362.07,1706.18,866.49,1284.93,0
2019-02-13,00:00,-89.83,147.84,-307.04,-31.35,0
2019-02-14,00:00,621.65,957.97,225.63,700.13,0
2019-02-15,00:00,1765.86,2033.08,1386.68,1725.54,0
2019-02-18,00:00,1927.68,2238.94,1535.73,1953.88,0
2019-02-19,00:00,1515.8,1992.07,1077.03,1533.39,0
2019-02-20,00:00,-1590.7,-1218.87,-2008.22,-1605.22,0
2019-02-21,00:00,2288.5,2438.3,1659.88,2100.32,0
2019-02-22,00:00,330.17,813.6,-56.67,338.02,0
2019-02-25,00:00,-80.51,328.96,-634.05,-132.58,0
2019-02-26,00:00,1669.29,2180.31,1206.95,1672.4,0
2019-02-27,00:00,-1139.48,-852.59,-1466.76,-1165.75,0
2019-02-28,00:00,137.19,504.23,-124.76,105.83,0
2019-03-01,00:00,-84.82,287.65,-610.25,-86.56,0
2019-03-04,00:00,-276.62,82.85,-657.16,-294.57,0
2019-03-05,00:00,3384.49,3660.0,2964.62,3349.9,0
2019-03-06,00:00,142.52,473.51,-126.89,157.9,0
2019-03-07,00:00,2571.7,2796.97,2153.29,2599.83,0
2019-03-08,00:00,-643.27,-199.81,-933.25,-514.4,0
2019-03-11,00:00,-370.35,-22.67,-774.39,-492.17,0
2019-03-12,00:00,630.21,1130.73,18.49,605.85,0
2019-03-13,00:00,-836.34,-430.25,-1290.3,-935.4,0
2019-03-14,00:00,-285.49,-11.72,-421.36,-191.87,0
2019-03-15,00:00,-820.57,-451.87,-1330.16,-796.34,0
2019-03-18,00:00,-161.92,110.11,-444.95,-98.9,0
2019-03-19,00:00,51.76,555.99,-336.15,111.02,0
2019-03-20,00:00,365.2,755.04,63.29,377.43,0
2019-03-21,00:00,1391.01,1631.43,1091.12,1246.04,0
2019-03-22,00:00,427.81,818.85,-3.51,455.58,0
2019-03-25,00:00,2425.02,2760.44,2111.87,2394.88,0
2019-03-26,00:00,2955.52,3178.85,2413.22,2786.67,0
2019-03-27,00:00,1396.13,1810.96,1024.17,1435.54,0
2019-03-28,00:00,151.97,451.45,-117.64,247.16,0
2019-03-29,00:00,2124.98,2409.09,1773.92,2033.58,0
2019-04-01,00:00,1475.68,1999.73,1219.38,1550.78,0
2019-04-02,00:00,-480.22,-218.31,-904.8,-489.61,0
2019-04-03,00:00,868.31,972.89,448.89,786.49,0
2019-04-04,00:00,201.88,481.13,-16.58,216.95,0
2019-04-05,00:00,185.41,658.72,-385.06,172.32,0
2019-04-08,00:00,-1053.35,-515.96,-1414.78,-1053.23,0
2019-04-09,00:00,625.63,856.47,242.57,572.13,0
2019-04-10,00:00,1008.15,1493.88,781.55,1069.7,0
2019-04-11,00:00,-58.3,220.86,-564.79,-39.57,0
2019-04-12,00:00,-713.88,-108.83,-1009.32,-534.84,0
2019-04-15,00:00,1674.34,2034.49,1301.29,1650.14,0
2019-04-16,00:00,1349.2,1969.87,978.38,1399.15,0
2019-04-17,00:00,-822.53,-601.74,-1009.92,-858.89,0
2019-04-18,00:00,1148.44,1727.68,673.77,1183.52,0
2019-04-19,00:00,-73.57,473.44,-626.86,-112.72,0
2019-04-22,00:00,2642.62,3053.21,2222.98,2628.66,0
2019-04-23,00:00,1631.94,1918.73,1084.94,1528.81,0
2019-04-24,00:00,-578.86,-287.79,-923.26,-642.56,0
2019-04-25,00:00,1022.73,1493.27,608.38,1081.49,0
2019-04-26,00:00,2437.24,2915.08,2291.61,2552.89,0
2019-04-29,00:00,2115.67,2534.77,1733.09,2033.39,0
2019-04-30,00:00,-214.59,84.08,-491.97,-280.09,0
2019-05-01,00:00,-321.97,148.76,-746.34,-436.16,0
2019-05-02,00:00,-571.07,-31.88,-907.12,-511.41,0
2019-05-03,00:00,-409.23,-144.85,-731.36,-481.84,0
2019-05-06,00:00,-572.29,-167.18,-959.57,-516.92,0
2019-05-07,00:00,-761.37,-344.7,-1001.16,-611.06,0
2019-05-08,00:00,-512.37,-280.66,-827.38,-516.34,0
2019-05-09,00:00,2002.44,2311.67,1751.0,2033.26,0
2019-05-10,00:00,2147.56,2571.06,1869.8,2221.36,0
2019-05-13,00:00,1643.55,1992.54,1134.62,1637.07,0
2019-05-14,00:00,1787.06,2352.41,1414.32,1862.02,0
2019-05-15,00:00,-149.63,55.04,-409.91,-148.44,0
2019-05-16,00:00,-46.09,227.65,-481.38,-182.19,0
2019-05-17,00:00,-419.25,109.33,-969.23,-509.91,0
2019-05-20,00:00,-198.35,7.67,-325.05,-157.75,0
2019-05-21,00:00,2616.93,3137.38,2234.48,2675.06,0
2019-05-22,00:00,-235.76,249.94,-785.03,-273.39,0
2019-05-23,00:00,3392.48,3664.34,3111.9,3390.72,0
2019-05-24,00:00,-373.4,-59.48,-532.57,-391.52,0
2019-05-27,00:00,-329.54,25.31,-983.54,-368.18,0
2019-05-28,00:00,-64.17,356.31,-276.84,-75.38,0
2019-05-29,00:00,1020.73,1318.45,300.61,795.49,0
2019-05-30,00:00,1871.14,2285.05,1529.2,1815.51,0
2019-05-31,00:00,633.89,964.79,205.76,493.5,0
2019-06-03,00:00,-239.27,162.82,-710.48,-230.34,0
2019-06-04,00:00,652.52,1192.33,290.9,719.94,0
2019-06-05,00:00,149.71,697.24,-530.56,101.79,0
2019-06-06,00:00,2494.13,2907.01,2056.62,2464.63,0
2019-06-07,00:00,1670.15,2173.13,1249.5,1725.33,0
2019-06-10,00:00,1197.94,1632.85,605.4,1222.05,0
2019-06-11,00:00,829.74,1060.55,488.39,737.91,0
2019-06-12,00:00,444.18,835.44,-35.06,413.7,0
2019-06-13,00:00,861.98,1035.08,596.91,767.37,0
2019-06-14,00:00,389.97,649.6,34.18,347.98,0
2019-06-17,00:00,1428.05,1850.5,949.6,1346.71,0
2019-06-18,00:00,-98.03,493.75,-371.52,27.68,0
2019-06-19,00:00,1552.48,2052.82,1547.64,1706.18,0
2019-06-20,00:00,2132.9,2299.08,1745.06,2087.23,0
2019-06-21,00:00,1727.06,2208.02,1344.34,1818.6,0
2019-06-24,00:00,2100.22,2338.99,1837.06,1987.91,0
2019-06-25,00:00,1437.85,1814.84,1137.4,1425.19,0
2019-06-26,00:00,911.11,1112.99,571.42,857.91,0
2019-06-27,00:00,1667.28,2051.6,1431.72,1739.85,0
2019-06-28,00:00,3336.51,3661.3,3050.01,3382.32,0
2019-07-01,00:00,1731.69,2003.64,1358.57,1600.86,0
2019-07-02,00:00,130.44,523.68,-14.74,245.38,0
2019-07-03,00:00,1046.31,1150.35,744.23,969.46,0
2019-07-04,00:00,2514.29,2711.62,2032.06,2437.48,0
2019-07-05,00:00,-187.91,149.02,-693.72,-234.23,0
2019-07-08,00:00,-736.36,-444.63,-1007.15,-669.21,0
2019-07-09,00:00,2325.13,2633.82,2010.04,2267.46,0
2019-07-10,00:00,-552.11,-211.57,-767.9,-502.51,0
2019-07-11,00:00,1165.94,1658.0,596.17,1221.68,0
2019-07-12,00:00,-230.07,193.32,-701.13,-267.4,0
2019-07-15,00:00,-16.47,408.63,-386.57,46.57,0
2019-07-16,00:00,202.26,517.75,-313.09,64.34,0
2019-07-17,00:00,685.08,1038.39,229.36,664.67,0
2019-07-18,00:00,2250.33,2546.58,1946.23,2246.4,0
2019-07-19,00:00,758.16,995.38,412.3,728.97,0
2019-07-22,00:00,2108.58,2434.54,1605.92,2095.86,0
2019-07-23,00:00,1836.19,2153.4,1589.69,1798.99,0
2019-07-24,00:00,981.05,1551.69,726.72,1067.21,0
2019-07-25,00:00,207.55,403.04,-123.77,174.59,0
2019-07-26,00:00,668.77,1228.43,339.89,775.22,0
2019-07-29,00:00,1249.45,1718.47,1122.09,1466.01,0
2019-07-30,00:00,-37.68,418.24,-680.34,-108.19,0
2019-07-31,00:00,1654.7,2166.58,1389.29,1696.61,0
2019-08-01,00:00,1121.48,1494.63,578.86,969.38,0
2019-08-02,00:00,899.75,1243.62,471.39,816.26,0
2019-08-05,00:00,2250.96,2516.08,1731.92,2086.8,0
2019-08-06,00:00,1034.51,1500.35,490.81,986.4,0
2019-08-07,00:00,2407.44,2845.55,1975.79,2414.7,0
2019-08-08,00:00,-2049.32,-1808.65,-2373.2,-2121.14,0
2019-08-09,00:00,-1210.74,-732.73,-1710.98,-1185.7,0
2019-08-12,00:00,-269.7,353.56,-721.86,-131.25,0
2019-08-13,00:00,1121.38,1303.62,346.23,889.52,0
2019-08-14,00:00,208.32,492.22,-364.03,82.69,0
2019-08-15,00:00,3235.16,3770.35,2886.17,3312.51,0
2019-08-16,00:00,1363.71,1952.26,882.07,1377.54,0
2019-08-19,00:00,-294.13,2.5,-796.83,-303.09,0
2019-08-20,00:00,-4.15,456.47,-378.13,30.65,0
2019-08-21,00:00,431.32,630.89,96.21,434.97,0
2019-08-22,00:00,-21.15,469.88,-400.88,142.57,0
2019-08-23,00:00,-149.51,316.33,-472.86,-88.14,0
2019-08-26,00:00,361.91,728.44,-38.62,344.04,0
2019-08-27,00:00,410.0,1170.3,117.43,610.0,0
2019-08-28,00:00,1433.16,1609.61,1068.34,1371.29,0
2019-08-29,00:00,159.44,528.22,-211.04,144.84,0
2019-08-30,00:00,-503.81,-439.01,-616.77,-448.72,0
2019-09-02,00:00,1273.63,1605.95,944.16,1335.06,0
2019-09-03,00:00,-550.6,-278.16,-871.98,-617.54,0
2019-09-04,00:00,641.49,1015.81,275.27,605.3,0
2019-09-05,00:00,780.69,1237.59,517.77,770.67,0
2019-09-06,00:00,1085.29,1282.47,619.33,1016.62,0
2019-09-09,00:00,-1651.44,-1310.4,-1990.21,-1640.35,0
2019-09-10,00:00,891.25,1309.49,549.17,893.96,0
2019-09-11,00:00,-457.91,-111.55,-1021.08,-489.3,0
2019-09-12,00:00,2919.59,3478.58,2493.19,2938.41,0
2019-09-13,00:00,2332.85,2711.14,2134.4,2417.12,0
2019-09-16,00:00,1644.34,2247.68,1267.78,1754.07,0
2019-09-17,00:00,1502.31,1779.79,1253.74,1402.24,0
2019-09-18,00:00,-608.6,-423.44,-907.22,-683.02,0
2019-09-19,00:00,618.7,682.8,225.41,529.87,0
2019-09-20,00:00,3375.42,3780.09,3126.51,3355.53,0
2019-09-23,00:00,2249.78,2635.4,1871.51,2278.65,0
2019-09-24,00:00,-1830.75,-1306.39,-2210.83,-1780.19,0
2019-09-25,00:00,1553.45,1612.54,990.73,1316.25,0
2019-09-26,00:00,-545.26,-242.57,-1008.53,-618.26,0
2019-09-27,00:00,178.44,576.3,-208.51,178.93,0
2019-09-30,00:00,2032.2,2629.38,1663.61,2117.72,0
2019-10-01,00:00,-955.9,-898.4,-1252.89,-1177.12,0
2019-10-02,00:00,-255.42,58.36,-532.81,-275.34,0
2019-10-03,00:00,1298.77,1593.75,825.23,1251.6,0
2019-10-04,00:00,514.78,828.84,56.09,409.11,0
2019-10-07,00:00,654.2,846.84,336.55,618.49,0
2019-10-08,00:00,1949.32,2484.48,1413.34,1973.81,0
2019-10-09,00:00,1314.52,1569.66,795.7,1266.81,0
2019-10-10,00:00,19.46,460.46,-453.01,31.35,0
2019-10-11,00:00,1598.04,1996.57,1220.99,1574.74,0
2019-10-14,00:00,949.4,1311.97,527.74,895.83,0
2019-10-15,00:00,723.22,862.91,307.31,626.45,0
2019-10-16,00:00,170.33,451.92,-301.27,155.49,0
2019-10-17,00:00,-1227.23,-807.39,-1678.97,-1118.23,0
2019-10-18,00:00,897.98,1312.59,567.27,947.46,0
2019-10-21,00:00,-472.95,43.5,-852.38,-460.05,0
2019-10-22,00:00,-1121.54,-530.14,-1331.16,-996.97,0
2019-10-23,00:00,200.32,724.14,-185.36,257.16,0
2019-10-24,00:00,1479.43,1961.67,1004.97,1461.41,0
2019-10-25,00:00,-866.99,-507.66,-1013.73,-795.07,0
2019-10-28,00:00,-241.97,91.22,-604.53,-211.69,0
2019-10-29,00:00,511.61,708.43,20.7,404.82,0
2019-10-30,00:00,1153.26,1707.92,897.51,1317.61,0
2019-10-31,00:00,373.56,803.09,64.44,413.74,0
2019-11-01,00:00,1096.37,1530.41,631.86,1118.99,0
2019-11-04,00:00,418.26,859.27,69.05,343.87,0
2019-11-05,00:00,-908.11,-480.05,-1398.83,-913.4,0
2019-11-06,00:00,1072.14,1492.03,741.91,1079.01,0
2019-11-07,00:00,879.56,1258.81,629.35,905.79,0
2019-11-08,00:00,2315.47,2749.55,1994.69,2307.23,0
2019-11-11,00:00,2093.29,2533.65,1872.12,2137.34,0
2019-11-12,00:00,1712.41,1981.73,1428.52,1644.12,0
2019-11-13,00:00,-784.17,-352.8,-1205.85,-814.15,0
2019-11-14,00:00,-876.05,-710.43,-1242.07,-986.86,0
2019-11-15,00:00,1566.66,1833.35,1161.4,1558.27,0
2019-11-18,00:00,2108.39,2504.07,1595.03,2061.37,0
2019-11-19,00:00,601.53,963.88,294.24,609.15,0
2019-11-20,00:00,914.05,1350.16,288.33,887.34,0
2019-11-21,00:00,-1510.79,-1309.15,-1927.49,-1572.81,0
2019-11-22,00:00,-2870.27,-2621.43,-3308.35,-2933.8,0
2019-11-25,00:00,-404.82,135.94,-627.72,-195.29,0
2019-11-26,00:00,1602.47,2258.07,1169.49,1672.78,0
2019-11-27,00:00,-946.52,-503.01,-1294.9,-872.68,0
2019-11-28,00:00,281.57,488.88,206.07,330.7,0
2019-11-29,00:00,1372.13,1872.14,851.42,1399.78,0
2019-12-02,00:00,1150.28,1659.92,661.37,1164.89,0
2019-12-03,00:00,1516.14,1723.22,1133.61,1523.47,0
2019-12-04,00:00,8.34,426.03,-387.93,61.52,0
2019-12-05,00:00,1126.84,1406.79,940.82,1224.32,0
2019-12-06,00:00,-988.53,-722.04,-1430.02,-1002.36,0
2019-12-09,00:00,1689.08,2180.04,1233.81,1648.3,0
2019-12-10,00:00,2049.65,2256.03,1768.84,2057.44,0
2019-12-11,00:00,1031.87,1287.85,614.41,1025.83,0
2019-12-12,00:00,-511.62,-204.95,-738.58,-516.2,0
2019-12-13,00:00,1792.75,1961.49,1285.0,1715.83,0
2019-12-16,00:00,-807.57,-348.35,-1258.93,-825.59,0
2019-12-17,00:00,-1502.14,-868.88,-1899.55,-1400.74,0
2019-12-18,00:00,846.52,1365.37,238.34,757.14,0
2019-12-19,00:00,1039.87,1495.76,728.68,1051.67,0
2019-12-20,00:00,1324.5,1662.37,859.21,1310.57,0
2019-12-23,00:00,1190.66,1469.18,902.92,1243.93,0
2019-12-24,00:00,1652.61,2111.33,1330.72,1760.51,0
2019-12-25,00:00,497.87,949.86,30.33,490.89,0
2019-12-26,00:00,1509.69,1853.07,1205.32,1562.43,0
2019-12-27,00:00,-249.43,80.96,-642.51,-236.42,0
2019-12-30,00:00,756.66,1067.23,284.83,654.48,0
2019-12-31,00:00,-937.45,-439.21,-1116.25,-755.15,0
2020-01-01,00:00,-262.51,31.76,-584.87,-325.95,0
2020-01-02,00:00,1513.51,1847.67,1347.54,1552.69,0
2020-01-03,00:00,1776.75,2208.81,1237.89,1731.9,0
2020-01-06,00:00,1714.02,2117.68,1381.77,1766.2,0
2020-01-07,00:00,742.81,1157.21,319.46,745.45,0
2020-01-08,00:00,-755.25,-417.03,-1235.35,-835.32,0
2020-01-09,00:00,1140.62,1159.28,723.26,971.06,0
2020-01-10,00:00,1013.26,1333.16,679.83,966.3,0
2020-01-13,00:00,-477.68,186.71,-847.09,-339.5,0
2020-01-14,00:00,1601.68,1845.95,1160.36,1567.6,0
2020-01-15,00:00,-729.24,-72.65,-1044.52,-634.07,0
2020-01-16,00:00,902.54,1233.77,598.64,943.79,0
2020-01-17,00:00,1742.09,1988.68,1379.05,1649.27,0
2020-01-20,00:00,-773.3,-455.81,-1049.55,-782.01,0
2020-01-21,00:00,-777.41,-497.22,-1116.64,-806.02,0
2020-01-22,00:00,-311.54,138.9,-591.62,-202.11,0
2020-01-23,00:00,1099.21,1540.19,710.4,1040.87,0
2020-01-24,00:00,-2777.36,-2697.02,-3242.96,-2925.83,0
2020-01-27,00:00,314.84,851.15,53.12,456.9,0
2020-01-28,00:00,2575.78,3076.03,2071.48,2547.4,0
2020-01-29,00:00,-543.1,-57.07,-978.43,-529.61,0
2020-01-30,00:00,2202.82,2442.66,1962.76,2222.63,0
2020-01-31,00:00,935.9,1440.15,446.15,814.31,0
2020-02-03,00:00,-2067.97,-1752.89,-2465.19,-2219.56,0
2020-02-04,00:00,793.19,1199.85,525.01,883.28,0
2020-02-05,00:00,235.55,462.39,-6.35,241.59,0
2020-02-06,00:00,714.17,902.73,421.57,652.83,0
2020-02-07,00:00,-60.46,436.16,-563.28,-98.4,0
2020-02-10,00:00,-1415.34,-1229.27,-1702.87,-1422.7,0
2020-02-11,00:00,1436.35,1728.28,1176.58,1514.38,0
2020-02-12,00:00,86.01,421.95,-160.39,118.54,0
2020-02-13,00:00,2622.0,3017.96,2137.0,2517.63,0
2020-02-14,00:00,-1587.15,-1218.74,-1974.28,-1674.08,0
2020-02-17,00:00,1582.64,1844.68,1176.57,1430.92,0
2020-02-18,00:00,507.2,918.71,126.41,557.91,0
2020-02-19,00:00,2088.32,2446.81,1792.28,2106.53,0
2020-02-20,00:00,980.49,1464.5,601.37,1008.36,0
2020-02-21,00:00,-160.76,110.2,-621.13,-250.49,0
2020-02-24,00:00,2228.84,2735.71,1742.88,2222.43,0
2020-02-25,00:00,491.94,877.63,205.13,485.14,0
2020-02-26,00:00,1535.9,1811.72,1160.9,1476.17,0
2020-02-27,00:00,29.69,478.63,-425.52,3.8,0
2020-02-28,00:00,1697.45,2037.79,1469.42,1730.8,0
2020-03-02,00:00,479.38,962.93,345.73,532.3,0
2020-03-03,00:00,-1037.57,-539.97,-1395.79,-957.61,0
2020-03-04,00:00,2490.08,2662.62,1958.26,2337.89,0
2020-03-05,00:00,2006.12,2375.28,1355.37,1917.67,0
2020-03-06,00:00,73.41,284.38,-279.87,148.13,0
2020-03-09,00:00,-397.96,0.51,-453.23,-346.29,0
2020-03-10,00:00,1654.53,1771.95,1298.49,1553.05,0
2020-03-11,00:00,1109.98,1344.91,523.27,959.13,0
2020-03-12,00:00,389.88,725.87,-107.35,338.87,0
2020-03-13,00:00,-171.3,282.08,-318.8,-35.26,0
2020-03-16,00:00,174.67,542.61,-248.56,69.75,0
2020-03-17,00:00,87.79,692.53,-346.26,182.71,0
2020-03-18,00:00,1260.85,1522.31,1070.04,1199.79,0
2020-03-19,00:00,1188.09,1649.62,1018.33,1293.16,0
2020-03-20,00:00,1721.84,2165.84,1408.15,1760.39,0
2020-03-23,00:00,1086.03,1622.52,648.47,1095.78,0
2020-03-24,00:00,-179.75,439.35,-636.33,-121.69,0
2020-03-25,00:00,833.65,1252.27,371.62,767.24,0
2020-03-26,00:00,419.84,806.71,5.08,429.16,0
2020-03-27,00:00,22.23,117.72,-437.62,-34.07,0
2020-03-30,00:00,906.03,1258.12,562.19,856.55,0
2020-03-31,00:00,892.82,1074.8,692.49,815.0,0
2020-04-01,00:00,864.05,1173.43,519.76,877.93,0
2020-04-02,00:00,304.58,831.43,56.21,444.14,0
2020-04-03,00:00,257.89,778.71,-360.23,175.56,0
2020-04-06,00:00,566.4,871.71,305.0,600.45,0
2020-04-07,00:00,-1134.76,-824.83,-1722.12,-1234.23,0
2020-04-08,00:00,1965.88,2472.5,1457.39,1965.26,0
2020-04-09,00:00,882.74,1205.7,531.27,838.85,0
2020-04-10,00:00,1804.23,1960.86,1502.99,1749.77,0
2020-04-13,00:00,620.67,1111.36,168.07,626.29,0
2020-04-14,00:00,664.18,1036.83,369.95,714.83,0
2020-04-15,00:00,1774.5,2408.16,1483.1,1990.64,0
2020-04-16,00:00,2137.76,2571.98,1754.22,2125.25,0
2020-04-17,00:00,2334.25,2609.6,1827.62,2349.95,0
2020-04-20,00:00,1472.3,1975.8,992.33,1515.54,0
2020-04-21,00:00,348.76,958.22,-178.55,392.14,0
2020-04-22,00:00,436.14,971.66,-80.87,517.48,0
2020-04-23,00:00,321.97,573.74,-50.12,325.55,0
2020-04-24,00:00,1252.06,1599.74,828.97,1211.35,0
2020-04-27,00:00,-662.88,-434.34,-974.49,-716.28,0
2020-04-28,00:00,1176.95,1576.13,854.25,1159.81,0
2020-04-29,00:00,696.24,1090.09,279.85,812.03,0
2020-04-30,00:00,-153.43,135.55,-436.03,-74.04,0
2020-05-01,00:00,253.88,757.9,-223.71,242.92,0
2020-05-04,00:00,502.28,805.84,215.06,524.42,0
2020-05-05,00:00,1467.0,1897.22,1145.65,1529.65,0
2020-05-06,00:00,1754.02,1971.82,1294.63,1614.5,0
2020-05-07,00:00,81.48,738.65,-302.4,189.42,0
2020-05-08,00:00,-1239.17,-717.86,-1611.0,-1198.7,0
2020-05-11,00:00,433.82,724.66,155.02,493.73,0
2020-05-12,00:00,561.48,1003.02,92.19,631.84,0
2020-05-13,00:00,1847.64,2316.41,1545.53,1861.0,0
2020-05-14,00:00,441.03,827.71,137.34,536.28,0
2020-05-15,00:00,291.12,663.35,60.99,266.24,0
2020-05-18,00:00,938.75,1272.31,599.31,944.37,0
2020-05-19,00:00,2214.89,2509.09,1985.29,2228.0,0
2020-05-20,00:00,-793.59,-324.57,-1056.86,-715.18,0
2020-05-21,00:00,734.13,995.95,393.79,748.8,0
2020-05-22,00:00,-549.61,-100.71,-1066.96,-601.25,0
2020-05-25,00:00,1336.74,1640.62,926.93,1253.72,0
2020-05-26,00:00,-212.77,71.09,-399.91,-265.32,0
2020-05-27,00:00,486.8,830.25,206.54,574.93,0
2020-05-28,00:00,668.52,1054.01,423.3,733.07,0
2020-05-29,00:00,-180.76,65.77,-430.98,-116.6,0
2020-06-01,00:00,2361.53,2956.86,1852.1,2500.6,0
2020-06-02,00:00,983.39,1327.35,645.67,1031.17,0
2020-06-03,00:00,980.85,1307.18,568.39,945.85,0
2020-06-04,00:00,1990.84,2292.38,1412.34,1914.03,0
2020-06-05,00:00,-433.04,-137.29,-875.36,-625.55,0
2020-06-08,00:00,451.15,779.57,102.26,505.76,0
2020-06-09,00:00,-1471.76,-993.69,-1900.09,-1418.53,0
2020-06-10,00:00,1930.26,2260.88,1387.88,1917.86,0
2020-06-11,00:00,438.77,693.32,-4.71,392.58,0
2020-06-12,00:00,1546.57,1787.98,1075.74,1479.52,0
2020-06-15,00:00,2703.54,3211.2,2109.27,2665.03,0
2020-06-16,00:00,1823.65,2150.41,1519.03,1925.33,0
2020-06-17,00:00,-180.66,340.45,-680.92,-167.37,0
2020-06-18,00:00,2900.69,3435.48,2613.11,2885.8,0
2020-06-19,00:00,63.79,283.41,-261.38,45.89,0
2020-06-22,00:00,-534.6,-150.23,-894.33,-598.44,0
2020-06-23,00:00,2378.39,2665.06,1999.68,2378.38,0
2020-06-24,00:00,1508.61,1855.95,1073.06,1520.09,0
2020-06-25,00:00,611.2,960.68,179.0,533.4,0
2020-06-26,00:00,269.4,661.92,-158.53,236.17,0
2020-06-29,00:00,92.91,652.98,-418.44,158.31,0
2020-06-30,00:00,-1755.55,-1528.69,-2328.69,-1946.59,0
2020-07-01,00:00,-712.03,-232.12,-1056.92,-697.4,0
2020-07-02,00:00,-1019.34,-588.29,-1637.08,-1123.17,0
2020-07-03,00:00,-535.94,-293.47,-756.82,-486.0,0
2020-07-06,00:00,8.88,401.07,-482.71,-7.65,0
2020-07-07,00:00,1911.13,2254.22,1317.34,1765.87,0
2020-07-08,00:00,371.73,1044.16,35.71,492.99,0
2020-07-09,00:00,1840.05,2155.5,1375.5,1798.68,0
2020-07-10,00:00,-849.42,-515.98,-1274.7,-812.7,0
2020-07-13,00:00,285.29,648.02,-145.27,279.75,0
2020-07-14,00:00,1618.73,2071.62,1267.24,1664.5,0
2020-07-15,00:00,1674.66,2171.26,1354.2,1720.02,0
2020-07-16,00:00,484.15,644.96,45.49,392.59,0
2020-07-17,00:00,98.64,445.95,-356.19,50.65,0
2020-07-20,00:00,-100.93,500.33,-569.13,12.9,0
2020-07-21,00:00,-1596.37,-1234.37,-2208.74,-1682.21,0
2020-07-22,00:00,595.94,1022.53,162.05,528.41,0
2020-07-23,00:00,2071.82,2518.48,1531.73,2074.33,0
2020-07-24,00:00,-458.88,-90.76,-970.93,-488.48,0
2020-07-27,00:00,-261.28,179.37,-511.26,-327.13,0
2020-07-28,00:00,-1042.11,-675.6,-1454.18,-966.04,0
2020-07-29,00:00,-1046.97,-631.06,-1565.88,-1066.52,0
2020-07-30,00:00,-623.33,-193.7,-1144.48,-671.81,0
2020-07-31,00:00,2741.87,3199.36,2380.71,2901.82,0
2020-08-03,00:00,98.84,377.0,-350.65,137.96,0
2020-08-04,00:00,-737.22,-337.82,-1057.38,-770.35,0
2020-08-05,00:00,369.0,585.09,-9.14,378.23,0
2020-08-06,00:00,694.42,927.69,421.7,723.81,0
2020-08-07,00:00,-21.21,556.07,-431.22,61.41,0
2020-08-10,00:00,1004.85,1393.3,616.37,975.51,0
2020-08-11,00:00,2443.15,2805.95,1959.62,2482.59,0
2020-08-12,00:00,142.24,575.37,-328.56,83.7,0
2020-08-13,00:00,727.73,957.74,411.51,743.6,0
2020-08-14,00:00,1914.25,2488.06,1581.77,2027.37,0
2020-08-17,00:00,1709.28,1800.96,1324.19,1604.49,0
2020-08-18,00:00,633.72,872.06,280.62,693.59,0
2020-08-19,00:00,-144.45,301.95,-335.59,-142.31,0
2020-08-20,00:00,1206.69,1614.7,758.23,1237.39,0
2020-08-21,00:00,-222.87,108.74,-768.99,-296.12,0
2020-08-24,00:00,1113.82,1503.87,822.55,1104.01,0
2020-08-25,00:00,361.8,621.47,0.43,318.52,0
2020-08-26,00:00,231.9,530.02,-569.17,8.84,0
2020-08-27,00:00,-948.69,-439.69,-1302.37,-844.97,0
2020-08-28,00:00,466.25,808.38,93.14,500.02,0
2020-08-31,00:00,1619.11,2109.61,1291.15,1694.42,0
2020-09-01,00:00,171.31,610.52,-191.62,305.86,0
2020-09-02,00:00,585.88,1020.61,205.86,586.1,0
2020-09-03,00:00,1013.91,1473.03,782.61,1024.84,0
2020-09-04,00:00,2325.66,2521.91,2080.21,2317.83,0
2020-09-07,00:00,1369.8,1840.84,1177.33,1485.64,0
2020-09-08,00:00,551.0,875.26,100.54,441.83,0
2020-09-09,00:00,1953.42,2488.24,1487.4,1970.08,0
2020-09-10,00:00,-1712.96,-1350.77,-1924.28,-1638.87,0
2020-09-11,00:00,1259.65,1782.47,981.77,1369.93,0
2020-09-14,00:00,-452.1,-62.13,-857.25,-451.21,0
2020-09-15,00:00,-1189.19,-660.95,-1617.24,-1057.17,0
2020-09-16,00:00,-367.91,-136.82,-869.55,-564.07,0
2020-09-17,00:00,-3496.14,-2870.49,-3693.65,-3337.45,0
2020-09-18,00:00,1674.61,2036.0,1347.7,1811.2,0
2020-09-21,00:00,635.0,893.46,28.27,496.14,0
2020-09-22,00:00,809.65,1258.62,410.09,878.04,0
2020-09-23,00:00,-95.16,475.88,-440.57,13.47,0
2020-09-24,00:00,467.98,795.65,20.03,400.09,0
2020-09-25,00:00,3001.91,3309.9,2535.89,3011.3,0
2020-09-28,00:00,-1416.65,-917.29,-1669.46,-1404.66,0
2020-09-29,00:00,929.85,1504.26,562.87,951.44,0
2020-09-30,00:00,1971.12,2360.71,1674.52,1986.37,0
2020-10-01,00:00,-1377.68,-976.5,-1998.6,-1512.17,0
2020-10-02,00:00,-478.46,-248.61,-843.02,-558.64,0
2020-10-05,00:00,241.19,626.32,-78.79,301.06,0
2020-10-06,00:00,392.08,702.22,30.91,346.78,0
2020-10-07,00:00,0.63,291.95,-331.59,56.23,0
2020-10-08,00:00,1490.3,1887.26,1369.91,1478.49,0
2020-10-09,00:00,1475.12,1911.6,1012.02,1411.99,0
2020-10-12,00:00,-455.53,11.15,-701.26,-340.95,0
2020-10-13,00:00,1981.33,2270.32,1387.05,1980.35,0
2020-10-14,00:00,1126.33,1429.32,710.8,1043.57,0
2020-10-15,00:00,-1793.97,-1447.53,-2156.7,-1755.82,0
2020-10-16,00:00,1153.28,1512.3,799.72,1175.29,0
2020-10-19,00:00,-770.18,-329.62,-1106.07,-724.34,0
2020-10-20,00:00,-2209.72,-1867.94,-2468.79,-2277.89,0
2020-10-21,00:00,-746.23,-343.28,-987.42,-647.66,0
2020-10-22,00:00,-127.02,133.65,-528.42,-173.26,0
2020-10-23,00:00,1412.25,1655.84,960.99,1457.26,0
2020-10-26,00:00,1597.59,1905.0,1122.87,1561.6,0
2020-10-27,00:00,1647.34,2114.03,1433.56,1757.96,0
2020-10-28,00:00,1276.41,1352.12,939.09,1230.98,0
2020-10-29,00:00,-1125.69,-850.02,-1551.27,-1155.03,0
2020-10-30,00:00,2397.39,2536.88,2359.99,2367.3,0
2020-11-02,00:00,-352.81,30.99,-558.13,-360.32,0
2020-11-03,00:00,2523.7,3004.5,2175.18,2607.0,0
2020-11-04,00:00,-253.6,-113.96,-680.15,-383.35,0
2020-11-05,00:00,2329.57,2631.94,1656.7,2240.46,0
2020-11-06,00:00,-125.9,372.15,-374.24,-38.47,0
2020-11-09,00:00,1275.53,1582.88,1027.66,1211.64,0
2020-11-10,00:00,231.01,819.29,-163.18,353.28,0
2020-11-11,00:00,2387.84,2811.56,2129.71,2446.53,0
2020-11-12,00:00,1708.18,2032.15,1363.13,1710.6,0
2020-11-13,00:00,3310.89,3655.92,2760.71,3202.86,0
2020-11-16,00:00,-1218.72,-671.61,-1437.91,-1097.65,0
2020-11-17,00:00,213.35,685.5,-89.73,303.42,0
2020-11-18,00:00,718.35,975.79,172.41,634.33,0
2020-11-19,00:00,782.61,1429.13,499.38,902.09,0
2020-11-20,00:00,-798.26,-506.3,-1162.43,-918.7,0
2020-11-23,00:00,-67.1,326.99,-463.79,-109.78,0
2020-11-24,00:00,629.19,1301.39,504.64,865.67,0
2020-11-25,00:00,-241.47,86.44,-677.63,-205.22,0
2020-11-26,00:00,1671.55,2132.23,1351.57,1719.85,0
2020-11-27,00:00,-365.94,-115.95,-556.43,-277.26,0
2020-11-30,00:00,489.91,1158.2,11.61,474.9,0
2020-12-01,00:00,1304.64,1826.21,1159.71,1375.19,0
2020-12-02,00:00,-998.54,-519.85,-1479.15,-941.5,0
2020-12-03,00:00,905.43,1157.89,372.99,788.98,0
2020-12-04,00:00,339.59,781.45,102.57,397.22,0
2020-12-07,00:00,214.85,441.03,-178.89,266.13,0
2020-12-08,00:00,1817.05,2190.73,1175.06,1681.11,0
2020-12-09,00:00,44.59,292.36,-275.65,33.47,0
2020-12-10,00:00,796.59,968.75,504.46,731.59,0
2020-12-11,00:00,-367.17,10.57,-769.05,-451.7,0
2020-12-14,00:00,1890.38,2314.22,1583.22,1990.26,0
2020-12-15,00:00,-981.51,-665.56,-1271.75,-779.07,0
2020-12-16,00:00,-150.04,285.3,-569.29,-199.89,0
2020-12-17,00:00,1810.8,2169.56,1405.39,1789.17,0
2020-12-18,00:00,-1518.97,-1097.94,-1754.44,-1461.28,0
2020-12-21,00:00,968.48,1445.04,633.68,980.62,0
2020-12-22,00:00,467.49,620.99,-12.77,323.49,0
2020-12-23,00:00,921.94,1175.29,657.92,869.46,0
2020-12-24,00:00,807.92,1087.68,328.62,730.4,0
2020-12-25,00:00,1893.67,2127.3,1488.6,1886.58,0
2020-12-28,00:00,1453.76,1859.67,897.73,1429.14,0
2020-12-29,00:00,580.72,1007.83,22.26,489.02,0
2020-12-30,00:00,1517.47,1773.23,1173.67,1462.07,0
2020-12-31,00:00,410.98,762.56,-38.51,338.14,0
2021-01-01,00:00,-202.8,254.75,-441.95,-144.85,0
2021-01-04,00:00,1953.93,2293.37,1698.56,1898.24,0
2021-01-05,00:00,-759.83,-467.48,-984.52,-771.14,0
2021-01-06,00:00,305.0,828.54,-65.41,391.51,0
2021-01-07,00:00,-102.12,311.93,-474.29,-67.56,0
2021-01-08,00:00,-1048.08,-483.54,-1214.39,-883.46,0
2021-01-11,00:00,-1426.62,-939.32,-1882.78,-1496.18,0
2021-01-12,00:00,1328.75,1674.4,1038.99,1353.16,0
2021-01-13,00:00,1049.01,1544.35,646.28,1047.12,0
2021-01-14,00:00,23.49,314.12,-367.55,-36.51,0
2021-01-15,00:00,595.45,1054.79,-4.12,548.92,0
2021-01-18,00:00,-132.89,309.99,-573.68,-147.64,0
2021-01-19,00:00,-24.91,506.89,-295.85,33.07,0
2021-01-20,00:00,1377.03,1717.04,1175.72,1480.36,0
2021-01-21,00:00,651.99,992.7,357.62,694.04,0
2021-01-22,00:00,1610.19,1938.83,1546.91,1713.96,0
2021-01-25,00:00,60.56,415.22,-328.87,101.82,0
2021-01-26,00:00,-1188.98,-1014.76,-1523.96,-1334.84,0
2021-01-27,00:00,1835.31,2180.0,1244.51,1779.31,0
2021-01-28,00:00,439.29,783.37,-138.2,363.58,0
2021-01-29,00:00,422.85,821.92,5.23,471.12,0
2021-02-01,00:00,1437.98,1647.11,975.09,1343.43,0
2021-02-02,00:00,1084.94,1460.43,815.71,1207.66,0
2021-02-03,00:00,67.12,526.95,-202.72,39.54,0
2021-02-04,00:00,781.43,1242.68,418.83,878.12,0
2021-02-05,00:00,-2466.63,-2091.27,-2834.68,-2477.9,0
2021-02-08,00:00,-428.98,-60.39,-942.31,-519.82,0
2021-02-09,00:00,-1174.9,-760.46,-1535.46,-1202.78,0
2021-02-10,00:00,461.47,909.49,119.71,539.59,0
2021-02-11,00:00,447.58,732.26,118.49,463.83,0
2021-02-12,00:00,-239.35,202.42,-656.97,-240.37,0
2021-02-15,00:00,590.58,953.04,317.35,533.5,0
2021-02-16,00:00,-5.49,338.18,-721.79,-112.15,0
2021-02-17,00:00,228.99,623.74,-92.75,235.73,0
2021-02-18,00:00,-1245.61,-798.9,-1529.0,-1181.36,0
2021-02-19,00:00,-748.66,-470.28,-1085.07,-767.86,0
2021-02-22,00:00,1979.63,2359.27,1557.16,1910.84,0
2021-02-23,00:00,740.85,1000.66,369.74,672.92,0
2021-02-24,00:00,134.38,477.83,-437.98,-34.34,0
2021-02-25,00:00,994.29,1352.72,539.46,961.7,0
2021-02-26,00:00,2958.01,3142.73,2577.9,2918.67,0
2021-03-01,00:00,987.54,1327.33,637.27,909.25,0
2021-03-02,00:00,-344.6,-12.24,-741.23,-315.33,0
2021-03-03,00:00,-880.77,-366.67,-1195.81,-692.26,0
2021-03-04,00:00,91.5,309.47,-181.34,130.21,0
2021-03-05,00:00,3260.57,3397.73,2880.42,3166.41,0
2021-03-08,00:00,1695.32,1867.65,1204.49,1572.12,0
2021-03-09,00:00,748.72,1249.36,434.73,834.8,0
2021-03-10,00:00,682.67,1112.45,333.99,702.3,0
2021-03-11,00:00,1126.39,1660.64,884.73,1133.46,0
2021-03-12,00:00,3497.16,4126.39,3356.61,3553.08,0
2021-03-15,00:00,670.58,1014.51,476.98,680.57,0
2021-03-16,00:00,1309.47,1720.2,757.54,1222.47,0
2021-03-17,00:00,199.4,605.29,-256.69,129.27,0
2021-03-18,00:00,3441.0,3656.1,3043.35,3457.14,0
2021-03-19,00:00,-1867.94,-1379.53,-2142.35,-1850.6,0
2021-03-22,00:00,-285.78,30.23,-542.89,-275.28,0
2021-03-23,00:00,-333.93,238.42,-852.08,-324.44,0
2021-03-24,00:00,880.95,1309.35,540.18,869.1,0
2021-03-25,00:00,-228.49,134.34,-527.32,-232.76,0
2021-03-26,00:00,-1604.32,-1293.87,-1938.52,-1618.06,0
2021-03-29,00:00,156.0,360.18,-95.47,91.22,0
2021-03-30,00:00,440.24,841.36,13.93,366.41,0
2021-03-31,00:00,-1263.97,-950.37,-1522.01,-1168.91,0
2021-04-01,00:00,-1478.48,-1244.74,-2177.86,-1531.19,0
2021-04-02,00:00,-990.18,-677.29,-1291.41,-929.63,0
2021-04-05,00:00,992.0,1268.36,664.22,877.64,0
2021-04-06,00:00,-2167.4,-1671.83,-2436.29,-2109.17,0
2021-04-07,00:00,1201.51,1519.83,1006.69,1276.63,0
2021-04-08,00:00,1278.44,1492.98,803.58,1237.44,0
2021-04-09,00:00,1472.09,1802.47,1270.74,1558.62,0
2021-04-12,00:00,-2177.69,-1914.33,-2692.48,-2277.51,0
2021-04-13,00:00,358.78,525.56,-329.25,191.84,0
2021-04-14,00:00,859.09,997.89,342.24,756.3,0
2021-04-15,00:00,599.05,910.64,86.35,510.9,0
2021-04-16,00:00,187.55,650.3,-164.12,219.34,0
2021-04-19,00:00,352.21,655.26,-10.85,299.02,0
2021-04-20,00:00,1554.64,1839.1,1183.82,1578.89,0
2021-04-21,00:00,-1898.81,-1537.86,-2184.78,-1871.88,0
2021-04-22,00:00,899.39,1235.62,439.69,805.06,0
2021-04-23,00:00,800.79,1085.86,530.4,800.21,0
2021-04-26,00:00,1973.46,2336.94,1472.45,1922.09,0
2021-04-27,00:00,-2667.52,-2200.62,-3113.59,-2640.02,0
2021-04-28,00:00,401.16,916.02,9.55,470.9,0
2021-04-29,00:00,-925.2,-628.69,-1061.18,-880.36,0
2021-04-30,00:00,742.42,1134.34,437.46,755.95,0
2021-05-03,00:00,-1209.44,-833.62,-1438.16,-1179.95,0
2021-05-04,00:00,-19.84,332.82,-333.83,-124.12,0
2021-05-05,00:00,2543.13,2783.83,2098.85,2481.65,0
2021-05-06,00:00,324.05,671.48,-251.96,287.29,0
2021-05-07,00:00,3009.36,3384.69,2768.37,2999.63,0
2021-05-10,00:00,2672.53,2977.43,2497.06,2790.22,0
2021-05-11,00:00,-1663.74,-1112.35,-2091.07,-1566.64,0
2021-05-12,00:00,698.92,999.44,417.03,645.63,0
2021-05-13,00:00,229.01,599.4,-379.79,136.47,0
2021-05-14,00:00,72.02,453.48,-244.08,109.39,0
2021-05-17,00:00,-1521.99,-1200.71,-2032.01,-1557.33,0
2021-05-18,00:00,-2096.79,-1833.27,-2487.93,-2194.6,0
2021-05-19,00:00,-2020.23,-1539.48,-2199.37,-1841.95,0
2021-05-20,00:00,3639.66,4229.25,3296.69,3730.43,0
2021-05-21,00:00,-2867.93,-2577.01,-3381.65,-2978.99,0
2021-05-24,00:00,2577.15,3166.82,2351.0,2713.51,0
2021-05-25,00:00,-70.31,351.49,-232.02,55.83,0
2021-05-26,00:00,2786.21,3008.02,2449.12,2712.58,0
2021-05-27,00:00,4164.62,4552.87,3663.59,4108.93,0
2021-05-28,00:00,2853.63,3254.91,2350.0,2824.93,0
2021-05-31,00:00,1110.59,1459.0,574.09,1082.24,0
2021-06-01,00:00,1143.58,1515.67,838.89,1167.37,0
2021-06-02,00:00,-722.53,-278.7,-968.75,-640.72,0
2021-06-03,00:00,-361.32,30.26,-772.76,-363.19,0
2021-06-04,00:00,-85.29,570.8,-305.22,14.25,0
2021-06-07,00:00,3033.17,3410.44,2805.34,3027.27,0
2021-06-08,00:00,1290.78,1686.24,867.7,1306.9,0
2021-06-09,00:00,2093.54,2351.21,1805.16,2028.38,0
2021-06-10,00:00,1616.79,1913.18,1300.01,1742.58,0
2021-06-11,00:00,1832.13,2297.23,1449.85,1924.07,0
2021-06-14,00:00,-310.27,256.04,-811.76,-218.85,0
2021-06-15,00:00,45.74,208.63,-87.03,92.1,0
2021-06-16,00:00,1784.29,2110.5,1289.46,1786.44,0
2021-06-17,00:00,-311.75,152.54,-706.3,-293.83,0
2021-06-18,00:00,3756.11,4152.33,3429.55,3850.32,0
2021-06-21,00:00,1930.67,2390.07,1570.63,1959.18,0
2021-06-22,00:00,1577.14,2001.84,1016.85,1476.97,0
2021-06-23,00:00,1504.95,1911.08,1120.9,1545.15,0
2021-06-24,00:00,687.52,1164.76,52.44,680.92,0
2021-06-25,00:00,-447.61,-21.2,-1056.29,-525.23,0
2021-06-28,00:00,-90.82,250.96,-289.15,-25.27,0
2021-06-29,00:00,-544.84,-260.34,-656.74,-491.12,0
2021-06-30,00:00,2402.53,2853.87,2046.68,2371.28,0
2021-07-01,00:00,-781.25,-227.75,-1232.9,-797.95,0
2021-07-02,00:00,-1410.72,-957.89,-1823.14,-1407.74,0
2021-07-05,00:00,2137.39,2545.61,1911.81,2196.93,0
2021-07-06,00:00,-1903.96,-1582.37,-2106.35,-1950.37,0
2021-07-07,00:00,615.86,970.31,333.88,741.07,0
2021-07-08,00:00,820.65,1139.38,501.03,776.84,0
2021-07-09,00:00,819.87,1077.4,409.08,764.4,0
2021-07-12,00:00,759.84,982.46,405.92,790.02,0
2021-07-13,00:00,2013.85,2372.04,1592.92,1986.15,0
2021-07-14,00:00,694.82,981.25,276.19,627.63,0
2021-07-15,00:00,1387.13,1676.22,956.64,1306.2,0
2021-07-16,00:00,124.09,485.27,-97.05,203.2,0
2021-07-19,00:00,3549.33,3900.99,3407.09,3566.93,0
2021-07-20,00:00,1354.16,1510.24,948.99,1276.24,0
2021-07-21,00:00,722.56,1084.19,85.5,717.69,0
2021-07-22,00:00,953.12,1399.5,608.34,948.71,0
2021-07-23,00:00,-1332.36,-1123.96,-1765.02,-1429.51,0
2021-07-26,00:00,452.57,797.14,256.37,551.35,0
2021-07-27,00:00,2095.62,2444.11,1678.01,2036.46,0
2021-07-28,00:00,-205.23,161.51,-622.85,-284.62,0
2021-07-29,00:00,3545.1,4035.56,3295.44,3627.28,0
2021-07-30,00:00,-562.78,-81.37,-987.18,-634.66,0
2021-08-02,00:00,3379.76,3932.8,3122.86,3478.47,0
2021-08-03,00:00,2409.53,2901.4,2161.27,2467.69,0
2021-08-04,00:00,-216.77,113.02,-605.22,-196.86,0
2021-08-05,00:00,-901.05,-529.57,-1284.74,-813.13,0
2021-08-06,00:00,-973.84,-614.95,-1231.85,-908.32,0
2021-08-09,00:00,-789.55,-372.87,-1020.75,-635.35,0
2021-08-10,00:00,200.16,707.92,-17.39,227.16,0
2021-08-11,00:00,1824.39,2167.62,1323.75,1711.21,0
2021-08-12,00:00,-360.99,94.97,-460.02,-202.07,0
2021-08-13,00:00,880.9,1266.07,727.8,957.61,0
2021-08-16,00:00,2992.57,3302.56,2681.37,3014.83,0
2021-08-17,00:00,-670.99,-346.97,-1071.11,-643.11,0
2021-08-18,00:00,903.54,965.68,426.21,819.69,0
2021-08-19,00:00,430.45,884.87,116.84,491.39,0
2021-08-20,00:00,-94.8,362.84,-708.89,-157.93,0
2021-08-23,00:00,354.52,590.32,-203.65,316.3,0
2021-08-24,00:00,1600.41,1996.6,1378.49,1615.43,0
2021-08-25,00:00,476.26,875.72,-107.65,351.67,0
2021-08-26,00:00,2112.87,2522.8,1661.47,2112.96,0
2021-08-27,00:00,1727.85,1970.7,1268.76,1613.34,0
2021-08-30,00:00,-2151.29,-1824.87,-2327.06,-2112.14,0
2021-08-31,00:00,-1052.24,-430.66,-1479.11,-957.13,0
2021-09-01,00:00,1624.07,2162.14,1216.47,1668.19,0
2021-09-02,00:00,-70.46,356.08,-532.41,-132.82,0
2021-09-03,00:00,235.73,547.16,-92.59,295.55,0
2021-09-06,00:00,3124.24,3461.31,2605.49,3077.42,0
2021-09-07,00:00,565.33,927.18,-43.08,545.91,0
2021-09-08,00:00,1396.81,1978.21,1037.61,1449.57,0
2021-09-09,00:00,-893.11,-499.97,-1296.09,-857.46,0
2021-09-10,00:00,590.61,791.62,164.78,540.1,0
2021-09-13,00:00,-272.67,151.41,-696.9,-281.49,0
2021-09-14,00:00,-595.69,-330.1,-1016.16,-630.45,0
2021-09-15,00:00,-15.94,147.89,-432.55,-142.26,0
2021-09-16,00:00,-3972.02,-3466.58,-4116.87,-3799.85,0
2021-09-17,00:00,-353.83,44.57,-899.81,-486.39,0
2021-09-20,00:00,968.75,1326.26,526.45,949.89,0
2021-09-21,00:00,-2108.2,-1487.09,-2534.83,-2031.35,0
2021-09-22,00:00,1161.0,1690.71,664.44,1220.32,0
2021-09-23,00:00,2493.93,2836.47,2156.84,2406.44,0
2021-09-24,00:00,824.87,1250.64,299.01,786.68,0
2021-09-27,00:00,-1504.18,-1034.27,-1983.9,-1498.59,0
2021-09-28,00:00,-656.49,-512.53,-837.02,-684.36,0
2021-09-29,00:00,385.06,669.33,81.63,373.53,0
2021-09-30,00:00,671.99,1169.04,60.01,660.79,0
2021-10-01,00:00,589.85,864.07,263.88,539.72,0
2021-10-04,00:00,-26.41,489.75,-489.27,-54.23,0
2021-10-05,00:00,1944.76,2341.71,1413.51,1865.06,0
2021-10-06,00:00,-1212.32,-941.8,-1477.93,-1254.22,0
2021-10-07,00:00,1928.87,2426.62,1510.23,1932.8,0
2021-10-08,00:00,3456.36,3535.36,3156.02,3442.09,0
2021-10-11,00:00,3157.06,3428.84,2740.92,3110.69,0
2021-10-12,00:00,1955.41,2377.93,1676.58,1987.91,0
2021-10-13,00:00,-756.88,-580.51,-1141.78,-954.29,0
2021-10-14,00:00,2378.08,2411.24,1989.55,2244.17,0
2021-10-15,00:00,-38.69,342.39,-359.93,-35.15,0
2021-10-18,00:00,1302.47,1654.21,1028.99,1370.37,0
2021-10-19,00:00,943.37,1572.01,700.35,1156.42,0
2021-10-20,00:00,994.01,1188.28,560.38,951.62,0
2021-10-21,00:00,787.8,940.11,435.86,679.33,0
2021-10-22,00:00,370.84,820.35,3.92,381.09,0
2021-10-25,00:00,817.01,1143.69,479.39,699.91,0
2021-10-26,00:00,294.26,729.48,-42.22,284.8,0
2021-10-27,00:00,-2240.16,-1817.8,-2299.2,-2082.14,0
2021-10-28,00:00,-1154.25,-672.15,-1635.29,-1119.3,0
2021-10-29,00:00,-993.4,-665.72,-1191.65,-955.66,0
2021-11-01,00:00,2055.59,2487.02,1679.46,2013.35,0
2021-11-02,00:00,240.51,733.66,-195.69,291.78,0
2021-11-03,00:00,615.42,1165.41,122.49,658.08,0
2021-11-04,00:00,2103.61,2459.12,1629.9,2125.02,0
2021-11-05,00:00,1862.08,1900.46,1529.64,1799.59,0
2021-11-08,00:00,651.85,1222.22,259.9,692.83,0
2021-11-09,00:00,-2776.85,-2301.14,-3148.05,-2747.7,0
2021-11-10,00:00,82.41,514.35,-289.21,78.3,0
2021-11-11,00:00,-1459.31,-1122.22,-1841.2,-1472.97,0
2021-11-12,00:00,-1589.9,-1213.27,-1809.31,-1612.95,0
2021-11-15,00:00,184.81,769.27,-95.94,302.18,0
2021-11-16,00:00,1104.35,1336.22,610.96,940.32,0
2021-11-17,00:00,2109.86,2306.99,1658.2,1994.48,0
2021-11-18,00:00,-65.36,314.7,-581.26,-77.68,0
2021-11-19,00:00,2884.27,3105.33,2701.49,2845.63,0
2021-11-22,00:00,-1603.54,-1212.37,-1950.39,-1632.9,0
2021-11-23,00:00,2405.28,2858.93,2122.39,2474.63,0
2021-11-24,00:00,-588.75,-209.15,-859.25,-502.39,0
2021-11-25,00:00,3663.29,4162.97,3367.15,3762.99,0
2021-11-26,00:00,-401.56,2.78,-678.8,-453.17,0
2021-11-29,00:00,571.76,1031.28,61.44,518.21,0
2021-11-30,00:00,2497.92,2940.18,2140.7,2646.58,0
2021-12-01,00:00,-119.29,222.48,-413.05,-98.29,0
2021-12-02,00:00,856.87,1117.93,639.48,845.17,0
2021-12-03,00:00,-911.02,-475.68,-1397.36,-891.28,0
2021-12-06,00:00,1225.31,1696.62,922.79,1299.96,0
2021-12-07,00:00,13.69,538.16,-278.94,126.86,0
2021-12-08,00:00,617.83,1080.73,64.89,619.31,0
2021-12-09,00:00,2330.43,2584.65,1955.07,2287.16,0
2021-12-10,00:00,1142.15,1595.51,737.74,1148.78,0
2021-12-13,00:00,243.27,633.65,-187.63,168.36,0
2021-12-14,00:00,-809.54,-592.21,-1512.63,-909.56,0
2021-12-15,00:00,73.17,287.83,-308.63,72.05,0
2021-12-16,00:00,803.52,866.18,505.98,727.41,0
2021-12-17,00:00,-102.21,230.66,-704.06,-175.18,0
2021-12-20,00:00,455.84,761.51,237.16,443.55,0
2021-12-21,00:00,-1728.44,-1455.31,-2307.75,-1793.86,0
2021-12-22,00:00,955.1,1358.93,696.39,935.59,0
2021-12-23,00:00,1485.01,1977.19,1204.34,1604.99,0
2021-12-24,00:00,-735.88,-366.96,-1066.27,-737.56,0
2021-12-27,00:00,3882.31,4225.98,3484.72,3801.8,0
2021-12-28,00:00,1155.6,1570.45,1006.3,1261.17,0
2021-12-29,00:00,708.63,1090.89,234.7,583.05,0
2021-12-30,00:00,-560.75,-135.67,-922.36,-580.4,0
2021-12-31,00:00,-782.61,-319.8,-1185.62,-817.09,0
2022-01-03,00:00,3236.44,3573.21,2988.91,3242.86,0
2022-01-04,00:00,2636.47,3355.01,2182.46,2755.86,0
2022-01-05,00:00,310.98,566.88,106.29,363.09,0
2022-01-06,00:00,2678.17,3316.7,2193.16,2805.45,0
2022-01-07,00:00,5157.82,5388.79,4719.68,5023.76,0
2022-01-10,00:00,867.49,1277.27,596.11,887.4,0
2022-01-11,00:00,3883.45,4214.1,3595.51,3898.76,0
2022-01-12,00:00,-1815.35,-1462.57,-2126.53,-1699.09,0
2022-01-13,00:00,-1170.21,-880.32,-1640.5,-1337.92,0
2022-01-14,00:00,3252.69,3818.26,2849.39,3358.62,0
2022-01-17,00:00,4690.61,5245.03,4323.22,4682.25,0
2022-01-18,00:00,437.35,758.95,-165.69,212.53,0
2022-01-19,00:00,4855.78,5116.04,4591.58,4809.49,0
2022-01-20,00:00,88.83,442.98,-68.87,-6.12,0
2022-01-21,00:00,2681.46,3059.5,2204.55,2625.07,0
2022-01-24,00:00,2021.12,2594.02,1738.11,2123.97,0
2022-01-25,00:00,3687.07,3945.71,3198.5,3500.52,0
2022-01-26,00:00,2111.64,2376.78,1735.26,2151.01,0
2022-01-27,00:00,2298.16,2469.95,2133.51,2259.22,0
2022-01-28,00:00,348.21,794.99,42.18,424.46,0
2022-01-31,00:00,-3623.17,-3323.2,-4233.26,-3775.1,0
2022-02-01,00:00,-1433.79,-1095.03,-1717.92,-1462.05,0
2022-02-02,00:00,2128.56,2470.3,1736.23,2097.35,0
2022-02-03,00:00,1233.58,1589.23,998.21,1215.37,0
2022-02-04,00:00,-164.84,223.15,-823.3,-241.38,0
2022-02-07,00:00,-245.79,324.48,-711.66,-195.4,0
2022-02-08,00:00,1440.25,1864.67,838.7,1350.57,0
2022-02-09,00:00,-840.47,-664.75,-976.41,-756.82,0
2022-02-10,00:00,2755.4,3119.07,2410.77,2709.25,0
2022-02-11,00:00,2048.08,2535.41,1623.3,2103.62,0
2022-02-14,00:00,3691.07,3998.18,3389.08,3674.47,0
2022-02-15,00:00,5893.07,6359.4,5711.52,5948.9,0
2022-02-16,00:00,426.96,783.72,11.68,416.4,0
2022-02-17,00:00,-3798.28,-3603.34,-4222.11,-3940.7,0
2022-02-18,00:00,7758.89,8171.7,7440.02,7779.44,0
2022-02-21,00:00,1502.82,1827.37,1275.22,1497.89,0
2022-02-22,00:00,4804.68,5214.46,4395.62,4814.71,0
2022-02-23,00:00,1225.26,1845.54,832.68,1329.21,0
2022-02-24,00:00,3013.78,3460.27,2662.05,3113.38,0
2022-02-25,00:00,2034.05,2241.5,1546.53,1915.02,0
2022-02-28,00:00,292.05,664.59,-155.82,267.91,0
2022-03-01,00:00,616.16,1015.11,305.97,566.96,0
2022-03-02,00:00,2216.21,2575.71,1703.16,2171.49,0
2022-03-03,00:00,1873.8,2218.15,1039.41,1734.94,0
2022-03-04,00:00,3384.13,3802.71,3205.2,3493.55,0
2022-03-07,00:00,1082.46,1510.28,409.04,978.38,0
2022-03-08,00:00,-2667.15,-2269.32,-3136.65,-2739.94,0
2022-03-09,00:00,2885.0,3241.31,2644.39,2874.09,0
2022-03-10,00:00,-2487.07,-1854.79,-2949.91,-2450.08,0
2022-03-11,00:00,-564.22,-193.2,-978.17,-539.24,0
2022-03-14,00:00,2180.65,2454.28,1755.11,2213.26,0
2022-03-15,00:00,-1024.31,-594.8,-1117.54,-979.89,0
2022-03-16,00:00,1780.94,2018.41,1439.93,1780.15,0
2022-03-17,00:00,2858.0,3338.57,2742.02,3089.52,0
2022-03-18,00:00,5129.66,5575.1,4712.58,5142.04,0
2022-03-21,00:00,-1263.94,-1000.06,-1497.42,-1284.43,0
2022-03-22,00:00,4699.41,5160.75,4384.87,4730.85,0
2022-03-23,00:00,5574.66,6162.09,4978.31,5583.79,0
2022-03-24,00:00,1217.09,1373.99,808.29,1146.98,0
2022-03-25,00:00,2583.04,2976.5,2289.74,2555.73,0
2022-03-28,00:00,4933.39,5264.88,4424.62,4861.34,0
2022-03-29,00:00,6720.89,6973.54,6412.51,6643.65,0
2022-03-30,00:00,2862.53,3275.2,2429.69,2803.72,0
2022-03-31,00:00,1235.76,1567.58,849.7,1180.57,0
2022-04-01,00:00,6587.75,7070.66,6265.43,6638.2,0
2022-04-04,00:00,6135.11,6640.0,5920.89,6223.09,0
2022-04-05,00:00,1491.47,1928.78,1447.35,1620.76,0
2022-04-06,00:00,-2216.26,-1615.22,-2469.54,-2117.15,0
2022-04-07,00:00,868.24,1383.59,379.77,913.91,0
2022-04-08,00:00,414.59,890.83,176.57,427.49,0
2022-04-11,00:00,2726.89,3147.57,2152.08,2768.7,0
2022-04-12,00:00,3900.68,4522.72,3712.15,4006.33,0
2022-04-13,00:00,4630.17,5229.38,4046.17,4554.87,0
2022-04-14,00:00,-3435.11,-3041.12,-3558.63,-3276.83,0
2022-04-15,00:00,-3587.49,-2980.77,-4091.87,-3562.93,0
2022-04-18,00:00,5464.97,6177.22,5032.81,5632.78,0
2022-04-19,00:00,-330.93,-73.36,-885.7,-469.69,0
2022-04-20,00:00,5073.43,5613.89,4684.89,5084.79,0
2022-04-21,00:00,3244.5,3840.93,2980.74,3405.84,0
2022-04-22,00:00,-793.7,-334.62,-1196.46,-760.0,0
2022-04-25,00:00,2774.47,3194.03,2397.91,2810.67,0
2022-04-26,00:00,5675.45,5806.81,5400.41,5632.85,0
2022-04-27,00:00,549.8,878.61,30.75,476.5,0
2022-04-28,00:00,286.47,638.0,-194.03,175.64,0
2022-04-29,00:00,1386.3,2019.66,1063.88,1511.05,0
2022-05-02,00:00,394.1,606.51,-39.77,293.38,0
2022-05-03,00:00,3526.37,4038.22,3055.77,3549.62,0
2022-05-04,00:00,5194.84,5499.79,4770.92,5071.45,0
2022-05-05,00:00,3715.26,4034.87,3411.69,3728.7,0
2022-05-06,00:00,4508.26,4982.79,4162.59,4649.49,0
2022-05-09,00:00,6264.43,6610.18,5987.79,6327.34,0
2022-05-10,00:00,7014.08,7619.32,6789.04,7124.66,0
2022-05-11,00:00,-417.94,-63.45,-854.38,-489.78,0
2022-05-12,00:00,4996.32,5389.13,4576.8,4990.37,0
2022-05-13,00:00,3237.84,3508.07,2936.33,3249.17,0
2022-05-16,00:00,738.26,1256.31,408.1,767.05,0
2022-05-17,00:00,1278.54,1700.39,975.01,1377.6,0
2022-05-18,00:00,3372.63,3759.01,2730.79,3191.84,0
2022-05-19,00:00,1783.02,2068.59,1287.84,1733.28,0
2022-05-20,00:00,818.12,1073.98,474.48,782.14,0
2022-05-23,00:00,2976.0,3425.7,2662.8,3061.6,0
2022-05-24,00:00,3756.97,4104.63,3345.71,3627.33,0
2022-05-25,00:00,5329.17,5648.11,4795.17,5322.88,0
2022-05-26,00:00,-260.69,314.01,-523.81,-162.54,0
2022-05-27,00:00,2260.28,2723.33,1931.93,2362.07,0
2022-05-30,00:00,463.96,752.89,200.17,406.59,0
2022-05-31,00:00,-1050.06,-854.87,-1345.48,-1067.61,0
2022-06-01,00:00,-631.33,-374.11,-914.97,-677.33,0
2022-06-02,00:00,2195.67,2756.09,1764.0,2207.03,0
2022-06-03,00:00,-617.47,-134.39,-1047.61,-523.75,0
2022-06-06,00:00,162.82,561.24,-224.77,282.2,0
2022-06-07,00:00,-404.6,33.34,-647.16,-278.06,0
2022-06-08,00:00,5320.62,5688.76,4976.71,5317.21,0
2022-06-09,00:00,2932.6,3310.23,2362.08,2862.68,0
2022-06-10,00:00,3105.13,3638.96,2508.86,3099.8,0
2022-06-13,00:00,1520.94,1742.74,999.73,1439.86,0
2022-06-14,00:00,2487.96,2771.05,1928.74,2444.69,0
2022-06-15,00:00,5141.89,5459.25,4810.35,5188.71,0
2022-06-16,00:00,-2145.26,-1565.23,-2540.86,-2162.13,0
2022-06-17,00:00,3753.81,3998.79,3241.54,3683.91,0
2022-06-20,00:00,-1023.87,-572.42,-1251.9,-874.55,0
2022-06-21,00:00,27.22,484.81,-558.38,49.19,0
2022-06-22,00:00,4272.53,4583.24,3596.14,4118.81,0
2022-06-23,00:00,2034.73,2409.5,1759.2,2045.05,0
2022-06-24,00:00,1435.81,1803.75,1115.27,1519.43,0
2022-06-27,00:00,4484.14,4933.45,4099.04,4504.13,0
2022-06-28,00:00,7082.62,7535.57,6706.53,7091.87,0
2022-06-29,00:00,2784.36,2945.16,2403.49,2675.89,0
2022-06-30,00:00,-1681.51,-1197.69,-2054.49,-1616.73,0
2022-07-01,00:00,-1192.98,-856.4,-1570.96,-1222.37,0
2022-07-04,00:00,1322.61,1533.67,1134.51,1369.08,0
2022-07-05,00:00,3228.26,3536.38,2839.05,3203.49,0
2022-07-06,00:00,-1622.09,-1072.99,-2070.31,-1640.2,0
2022-07-07,00:00,9279.87,9547.07,8895.05,9262.79,0
2022-07-08,00:00,3310.33,3635.99,2946.63,3238.64,0
2022-07-11,00:00,1904.01,2402.99,1428.71,1888.49,0
2022-07-12,00:00,-407.77,-84.12,-644.82,-307.26,0
2022-07-13,00:00,1220.75,1478.63,928.4,1163.22,0
2022-07-14,00:00,3339.6,3748.24,2732.49,3298.57,0
2022-07-15,00:00,-725.79,-299.36,-1073.01,-742.13,0
2022-07-18,00:00,502.78,837.31,45.4,468.31,0
2022-07-19,00:00,9848.48,10330.26,9470.88,9857.95,0
2022-07-20,00:00,-4115.4,-3802.83,-4678.39,-4279.18,0
2022-07-21,00:00,5296.64,5531.79,4968.91,5270.02,0
2022-07-22,00:00,2962.99,3261.51,2701.46,2947.0,0
2022-07-25,00:00,3319.82,3794.13,2874.47,3316.76,0
2022-07-26,00:00,3105.65,3611.83,2761.2,3109.26,0
2022-07-27,00:00,39.72,219.01,-331.91,-77.97,0
2022-07-28,00:00,790.6,1054.31,691.06,886.64,0
2022-07-29,00:00,2369.82,2759.02,2024.45,2340.26,0
2022-08-01,00:00,-949.57,-645.33,-1257.31,-920.26,0
2022-08-02,00:00,1196.91,1460.98,873.02,1123.29,0
2022-08-03,00:00,587.48,1057.79,296.68,613.81,0
2022-08-04,00:00,3442.54,3740.95,3220.12,3497.17,0
2022-08-05,00:00,-647.3,-114.71,-1180.12,-684.45,0
2022-08-08,00:00,5561.2,6214.69,5013.34,5612.61,0
2022-08-09,00:00,2124.8,2511.6,1823.99,2226.92,0
2022-08-10,00:00,3000.9,3264.14,2551.34,2866.71,0
2022-08-11,00:00,908.22,1373.5,385.12,739.4,0
2022-08-12,00:00,186.71,509.84,-312.71,133.59,0
2022-08-15,00:00,7070.24,7412.14,6929.38,7145.07,0
2022-08-16,00:00,5136.16,5508.7,4965.65,5227.26,0
2022-08-17,00:00,-648.31,-235.67,-1020.24,-644.86,0
2022-08-18,00:00,-2355.78,-1985.13,-2767.08,-2404.88,0
2022-08-19,00:00,-738.71,-321.02,-1249.8,-737.91,0
2022-08-22,00:00,5857.92,6262.98,5318.74,5794.63,0
2022-08-23,00:00,126.06,545.54,-344.2,116.67,0
2022-08-24,00:00,457.1,841.75,-113.87,365.84,0
2022-08-25,00:00,4206.96,4654.01,3937.81,4333.24,0
2022-08-26,00:00,3463.7,3712.07,3226.05,3520.97,0
2022-08-29,00:00,7646.15,7961.48,7288.31,7623.02,0
2022-08-30,00:00,870.99,1204.12,600.35,828.44,0
2022-08-31,00:00,-2971.05,-2576.16,-3569.97,-3003.38,0
2022-09-01,00:00,3619.18,4096.72,3238.88,3670.93,0
2022-09-02,00:00,-82.91,310.86,-776.92,-228.61,0
2022-09-05,00:00,-212.23,55.75,-539.46,-243.24,0
2022-09-06,00:00,2099.92,2642.64,1586.84,2096.51,0
2022-09-07,00:00,-1453.76,-1161.2,-1675.36,-1469.05,0
2022-09-08,00:00,3310.89,3499.77,3038.27,3372.2,0
2022-09-09,00:00,-4239.92,-3943.25,-4496.68,-4219.43,0
2022-09-12,00:00,3404.4,3656.23,3017.37,3295.95,0
2022-09-13,00:00,7099.8,7530.6,6661.27,7107.58,0
2022-09-14,00:00,442.36,647.95,2.29,375.31,0
2022-09-15,00:00,460.49,753.92,83.61,419.47,0
2022-09-16,00:00,3310.15,3698.81,2855.22,3217.41,0
2022-09-19,00:00,-471.83,-176.62,-762.31,-465.91,0
2022-09-20,00:00,1872.25,2233.2,1540.35,1843.34,0
2022-09-21,00:00,2115.88,2449.14,1715.41,2122.5,0
2022-09-22,00:00,4139.97,4410.46,3921.64,4215.24,0
2022-09-23,00:00,1400.57,1815.36,1226.35,1464.75,0
2022-09-26,00:00,-553.86,-132.78,-990.37,-545.7,0
2022-09-27,00:00,2032.53,2392.71,1571.5,1925.45,0
2022-09-28,00:00,1159.27,1548.18,819.14,1230.6,0
2022-09-29,00:00,3723.33,4201.45,3213.05,3743.93,0
2022-09-30,00:00,-4248.25,-3960.46,-4661.11,-4325.0,0
2022-10-03,00:00,1065.48,1471.6,804.39,1116.11,0
2022-10-04,00:00,-102.63,303.72,-515.7,-72.84,0
2022-10-05,00:00,1022.41,1052.4,350.67,798.77,0
2022-10-06,00:00,3729.89,4052.43,3217.87,3676.64,0
2022-10-07,00:00,4617.82,4875.42,4339.49,4603.72,0
2022-10-10,00:00,1559.95,2019.46,1173.28,1579.83,0
2022-10-11,00:00,3693.27,4182.04,3347.14,3740.37,0
2022-10-12,00:00,4163.62,4404.11,3631.33,4056.32,0
2022-10-13,00:00,4720.07,5115.22,4344.35,4794.59,0
2022-10-14,00:00,1739.45,2103.37,1126.22,1738.41,0
2022-10-17,00:00,3944.1,4393.6,3597.9,4044.31,0
2022-10-18,00:00,4003.07,4247.54,3623.3,3991.96,0
2022-10-19,00:00,900.93,1213.73,645.03,967.28,0
2022-10-20,00:00,6019.42,6632.09,5686.67,6052.27,0
2022-10-21,00:00,746.46,1206.55,243.76,710.17,0
2022-10-24,00:00,442.14,953.31,-149.34,361.03,0
2022-10-25,00:00,1484.19,1834.13,997.11,1394.2,0
2022-10-26,00:00,-2431.96,-2104.14,-3104.08,-2541.55,0
2022-10-27,00:00,2253.22,2594.57,1702.14,2140.37,0
2022-10-28,00:00,2516.54,3036.45,2309.37,2621.41,0
2022-10-31,00:00,3475.9,3893.89,3192.61,3486.89,0
2022-11-01,00:00,4043.46,4362.89,3496.38,3975.28,0
2022-11-02,00:00,5360.96,5746.99,5075.11,5392.58,0
2022-11-03,00:00,2649.95,3171.41,2199.13,2628.33,0
2022-11-04,00:00,1683.85,1869.8,1407.11,1639.37,0
2022-11-07,00:00,2629.95,2936.59,2153.91,2521.18,0
2022-11-08,00:00,-247.88,10.19,-583.74,-273.84,0
2022-11-09,00:00,3657.37,4083.0,3401.34,3773.41,0
2022-11-10,00:00,1390.4,1806.1,1090.35,1413.46,0
2022-11-11,00:00,3304.97,3756.89,3061.31,3464.95,0
2022-11-14,00:00,3725.17,3981.35,3039.02,3581.0,0
2022-11-15,00:00,5173.25,5248.85,4905.65,5176.05,0
2022-11-16,00:00,789.43,1127.78,393.95,759.46,0
2022-11-17,00:00,-243.96,-6.29,-602.77,-275.37,0
2022-11-18,00:00,2690.97,3126.83,2210.3,2632.71,0
2022-11-21,00:00,469.58,859.64,101.67,462.02,0
2022-11-22,00:00,55.08,562.62,-519.32,25.14,0
2022-11-23,00:00,-200.43,140.6,-550.13,-173.49,0
2022-11-24,00:00,629.94,1146.32,-157.68,566.74,0
2022-11-25,00:00,386.77,942.59,-42.03,544.25,0
2022-11-28,00:00,95.48,562.44,-333.32,-6.76,0
2022-11-29,00:00,6707.86,7025.25,6241.86,6647.09,0
2022-11-30,00:00,46.53,384.75,-515.54,56.28,0
2022-12-01,00:00,3509.0,3877.24,3472.41,3673.73,0
2022-12-02,00:00,8409.15,8961.56,7855.78,8400.11,0
2022-12-05,00:00,-1808.59,-1354.25,-2393.05,-1906.77,0
2022-12-06,00:00,4871.73,5405.13,4459.14,4974.52,0
2022-12-07,00:00,1952.21,2439.58,1520.54,1911.58,0
2022-12-08,00:00,5649.58,5925.5,5269.25,5575.6,0
2022-12-09,00:00,2135.38,2513.85,1702.27,2152.89,0
2022-12-12,00:00,4234.12,4783.77,3896.13,4307.67,0
2022-12-13,00:00,5070.21,5321.91,4704.31,4981.8,0
2022-12-14,00:00,3499.39,3736.77,3268.15,3525.42,0
2022-12-15,00:00,3283.56,3502.9,2706.38,3161.99,0
2022-12-16,00:00,178.13,387.64,-147.76,123.56,0
2022-12-19,00:00,416.84,592.85,-17.25,408.43,0
2022-12-20,00:00,318.95,955.0,-22.74,389.5,0
2022-12-21,00:00,838.03,1436.06,295.1,839.28,0
2022-12-22,00:00,-1041.23,-766.28,-1528.7,-1148.12,0
2022-12-23,00:00,6540.09,6759.56,6201.27,6509.33,0
2022-12-26,00:00,809.12,1034.14,512.48,809.41,0
2022-12-27,00:00,2676.26,3214.0,2195.65,2805.03,0
2022-12-28,00:00,5714.85,6170.48,5282.89,5803.75,0
2022-12-29,00:00,-2161.97,-1873.39,-2414.78,-2176.3,0
2022-12-30,00:00,4510.95,4818.9,4152.62,4461.28,0
2023-01-02,00:00,-605.31,-391.8,-1138.15,-650.07,0
2023-01-03,00:00,611.11,1136.21,92.84,583.46,0
2023-01-04,00:00,360.13,763.23,-157.89,319.46,0
2023-01-05,00:00,-2112.99,-1726.12,-2340.89,-2102.1,0
2023-01-06,00:00,1707.84,2087.11,1255.42,1671.98,0
2023-01-09,00:00,-952.54,-669.22,-1491.97,-968.35,0
2023-01-10,00:00,2301.64,2721.55,1818.0,2217.04,0
2023-01-11,00:00,1975.32,2243.22,1694.0,2032.25,0
2023-01-12,00:00,-77.86,311.3,-451.74,-50.72,0
2023-01-13,00:00,757.8,1336.86,257.71,766.6,0
2023-01-16,00:00,-590.91,-250.53,-929.46,-572.68,0
2023-01-17,00:00,157.86,719.82,-456.02,183.38,0
2023-01-18,00:00,-386.85,55.59,-641.66,-285.85,0
2023-01-19,00:00,3959.74,4391.3,3507.26,4016.8,0
2023-01-20,00:00,-604.28,-142.43,-1011.04,-507.35,0
2023-01-23,00:00,-703.44,-315.35,-972.47,-699.91,0
2023-01-24,00:00,567.79,908.43,411.17,601.49,0
2023-01-25,00:00,914.17,1242.03,763.64,919.65,0
2023-01-26,00:00,3176.53,3583.24,2726.55,3184.75,0
2023-01-27,00:00,-409.36,-67.68,-783.58,-319.57,0
2023-01-30,00:00,1101.45,1639.22,779.94,1190.54,0
2023-01-31,00:00,771.26,1354.75,369.31,766.51,0
2023-02-01,00:00,642.82,1033.1,399.97,735.1,0
2023-02-02,00:00,-509.12,-53.89,-957.05,-510.88,0
2023-02-03,00:00,-474.74,-41.21,-863.57,-347.5,0
2023-02-06,00:00,577.78,953.57,292.35,597.78,0
2023-02-07,00:00,-1346.14,-978.84,-1621.67,-1357.37,0
2023-02-08,00:00,282.13,376.46,-169.03,56.11,0
2023-02-09,00:00,1878.84,2287.92,1359.25,1878.46,0
2023-02-10,00:00,-1585.46,-1173.36,-1956.37,-1501.64,0
2023-02-13,00:00,1632.14,1735.97,1203.38,1492.9,0
2023-02-14,00:00,2020.54,2425.64,1763.64,2095.28,0
2023-02-15,00:00,-1898.72,-1591.08,-2456.01,-2026.56,0
2023-02-16,00:00,311.15,659.97,-16.65,284.77,0
2023-02-17,00:00,-700.54,-577.76,-1097.98,-772.97,0
2023-02-20,00:00,1868.02,2310.34,1381.23,1819.61,0
2023-02-21,00:00,92.24,475.36,-128.9,87.62,0
2023-02-22,00:00,655.1,1047.49,366.27,686.58,0
2023-02-23,00:00,22.92,293.36,-246.55,27.1,0
2023-02-24,00:00,75.28,659.22,-297.45,62.86,0
2023-02-27,00:00,660.47,899.79,241.69,639.98,0
2023-02-28,00:00,388.41,676.25,-34.99,289.36,0
2023-03-01,00:00,1123.66,1426.32,686.29,1102.17,0
2023-03-02,00:00,1039.58,1419.43,635.06,999.68,0
2023-03-03,00:00,-845.96,-668.84,-1226.61,-1004.62,0
2023-03-06,00:00,-562.51,-63.24,-1113.29,-529.86,0
2023-03-07,00:00,3074.16,3401.42,2837.47,3075.36,0
2023-03-08,00:00,1694.79,2186.71,1124.47,1616.34,0
2023-03-09,00:00,1016.61,1400.12,685.13,1145.96,0
2023-03-10,00:00,-1246.95,-1005.68,-1454.02,-1277.53,0
2023-03-13,00:00,2242.42,2534.05,2077.86,2318.83,0
2023-03-14,00:00,-410.54,90.66,-807.58,-392.71,0
2023-03-15,00:00,2550.98,2878.41,2301.15,2595.92,0
2023-03-16,00:00,946.28,1135.96,591.67,907.99,0
2023-03-17,00:00,2759.86,3111.55,2467.31,2717.85,0
2023-03-20,00:00,1326.38,1650.76,907.2,1306.75,0
2023-03-21,00:00,-2676.22,-2215.2,-2930.32,-2546.99,0
2023-03-22,00:00,1959.41,2183.3,1550.79,1896.77,0
2023-03-23,00:00,661.17,1092.33,229.91,660.7,0
2023-03-24,00:00,3632.84,3778.6,3197.97,3435.52,0
2023-03-27,00:00,-610.09,-336.55,-1004.92,-665.94,0
2023-03-28,00:00,-372.52,198.91,-760.13,-334.15,0
2023-03-29,00:00,2979.01,3275.05,2515.52,2903.98,0
2023-03-30,00:00,507.45,1024.4,281.31,543.5,0
2023-03-31,00:00,1668.43,1770.33,1193.59,1559.51,0
2023-04-03,00:00,280.56,891.89,-190.97,325.0,0
2023-04-04,00:00,890.71,1094.1,753.62,947.82,0
2023-04-05,00:00,1001.37,1351.66,589.02,983.01,0
2023-04-06,00:00,-22.65,305.05,-491.57,7.14,0
2023-04-07,00:00,1112.5,1460.85,875.68,1155.2,0
2023-04-10,00:00,3564.84,3765.64,3196.84,3520.83,0
2023-04-11,00:00,-609.72,-290.6,-1144.27,-620.78,0
2023-04-12,00:00,2262.89,2619.15,1976.31,2301.89,0
2023-04-13,00:00,203.52,483.91,-225.09,156.61,0
2023-04-14,00:00,576.76,884.08,215.68,547.91,0
2023-04-17,00:00,2713.12,3287.15,2274.69,2764.4,0
2023-04-18,00:00,2908.66,3286.98,2406.1,2903.08,0
2023-04-19,00:00,2444.67,2571.05,2054.09,2385.54,0
2023-04-20,00:00,-395.46,-33.65,-852.64,-369.78,0
2023-04-21,00:00,-896.59,-616.51,-1205.36,-852.44,0
2023-04-24,00:00,3059.3,3181.72,2736.03,3039.5,0
2023-04-25,00:00,382.21,702.08,19.12,430.49,0
2023-04-26,00:00,-1010.69,-766.07,-1287.73,-983.68,0
2023-04-27,00:00,2289.37,2941.21,1936.86,2478.56,0
2023-04-28,00:00,-394.35,-41.78,-791.06,-378.75,0
2023-05-01,00:00,355.41,905.38,-98.14,420.1,0
2023-05-02,00:00,1152.8,1664.17,844.81,1196.93,0
2023-05-03,00:00,671.71,1104.52,360.87,803.88,0
2023-05-04,00:00,-426.47,-184.48,-826.67,-528.39,0
2023-05-05,00:00,93.43,472.94,-145.51,247.63,0
2023-05-08,00:00,3023.27,3337.55,2577.1,2965.91,0
2023-05-09,00:00,412.9,674.76,-248.8,266.31,0
2023-05-10,00:00,1123.37,1535.0,844.83,1168.51,0
2023-05-11,00:00,603.1,957.46,261.67,616.57,0
2023-05-12,00:00,1576.19,2031.51,1123.98,1614.23,0
2023-05-15,00:00,1603.94,2062.76,1189.24,1576.34,0
2023-05-16,00:00,1481.31,1823.17,1322.55,1485.16,0
2023-05-17,00:00,-2665.48,-2300.51,-3075.37,-2691.83,0
2023-05-18,00:00,-1242.21,-852.08,-1623.73,-1324.6,0
2023-05-19,00:00,8.33,335.03,-382.83,-48.79,0
2023-05-22,00:00,2716.62,3103.19,2314.51,2838.64,0
2023-05-23,00:00,4037.55,4465.48,3895.12,4226.05,0
2023-05-24,00:00,2193.97,2506.16,1711.98,2076.07,0
2023-05-25,00:00,1140.04,1461.12,779.88,1139.97,0
2023-05-26,00:00,-2398.84,-2000.74,-2652.89,-2348.39,0
2023-05-29,00:00,970.55,1159.68,889.45,909.12,0
2023-05-30,00:00,-714.03,-419.59,-1097.3,-676.32,0
2023-05-31,00:00,-2123.01,-1984.77,-2640.67,-2195.43,0
2023-06-01,00:00,525.94,796.29,398.45,461.04,0
2023-06-02,00:00,898.13,1314.08,432.67,864.08,0
2023-06-05,00:00,382.91,867.51,64.58,477.67,0
2023-06-06,00:00,1240.76,1480.04,968.56,1241.11,0
2023-06-07,00:00,-521.47,-278.23,-959.62,-547.67,0
2023-06-08,00:00,-840.87,-743.45,-1038.7,-853.33,0
2023-06-09,00:00,2810.79,3138.03,2712.37,2937.98,0
2023-06-12,00:00,1006.05,1588.71,479.97,955.78,0
2023-06-13,00:00,1677.74,1958.47,1388.93,1727.4,0
2023-06-14,00:00,1619.22,1995.35,1105.5,1600.35,0
2023-06-15,00:00,1990.79,2406.99,1760.7,2043.03,0
2023-06-16,00:00,-1185.95,-866.59,-1570.36,-1173.73,0
2023-06-19,00:00,-818.08,-211.23,-1113.83,-641.53,0
2023-06-20,00:00,1539.97,1894.96,1252.36,1552.48,0
2023-06-21,00:00,1371.32,1844.8,969.71,1384.52,0
2023-06-22,00:00,2790.27,3310.53,2462.9,2834.84,0
2023-06-23,00:00,517.77,1048.55,139.34,519.04,0
2023-06-26,00:00,-2907.16,-2262.76,-3373.24,-2824.62,0
2023-06-27,00:00,889.29,1135.87,561.78,939.38,0
2023-06-28,00:00,2138.79,2548.72,1910.93,2130.67,0
2023-06-29,00:00,905.7,1240.42,709.12,973.01,0
2023-06-30,00:00,-89.11,372.02,-480.26,-42.91,0
2023-07-03,00:00,1450.63,1720.07,1192.15,1435.99,0
2023-07-04,00:00,1803.71,2034.09,1308.66,1735.73,0
2023-07-05,00:00,425.39,932.6,22.58,387.55,0
2023-07-06,00:00,237.15,493.28,-97.14,93.39,0
2023-07-07,00:00,-411.9,-102.63,-1061.8,-583.76,0
2023-07-10,00:00,1341.46,1645.22,720.19,1325.47,0
2023-07-11,00:00,-699.56,-370.48,-1064.05,-740.16,0
2023-07-12,00:00,831.03,1188.69,518.67,869.3,0
2023-07-13,00:00,3394.74,3607.29,3191.34,3339.71,0
2023-07-14,00:00,1853.12,2164.02,1539.63,1783.48,0
2023-07-17,00:00,4839.64,4998.92,4332.41,4700.78,0
2023-07-18,00:00,1831.6,2116.06,1522.1,1882.02,0
2023-07-19,00:00,3333.44,3759.78,2771.64,3265.8,0
2023-07-20,00:00,-203.74,150.75,-729.86,-256.66,0
2023-07-21,00:00,-591.11,-251.86,-968.41,-659.33,0
2023-07-24,00:00,2149.19,2398.8,1708.68,2095.75,0
2023-07-25,00:00,3389.9,3864.28,2985.75,3304.26,0
2023-07-26,00:00,281.23,430.63,-39.73,265.33,0
2023-07-27,00:00,1223.68,1829.35,994.19,1307.15,0
2023-07-28,00:00,902.39,1183.55,598.21,851.81,0
2023-07-31,00:00,562.75,1146.0,300.28,658.35,0
2023-08-01,00:00,1697.96,1889.39,1092.08,1601.0,0
2023-08-02,00:00,805.74,1213.59,457.02,886.68,0
2023-08-03,00:00,1671.9,1894.19,1522.97,1707.85,0
2023-08-04,00:00,1545.08,1985.7,1214.41,1618.97,0
2023-08-07,00:00,-196.33,253.18,-737.02,-363.17,0
2023-08-08,00:00,3100.78,3542.51,2456.17,3014.35,0
2023-08-09,00:00,1492.01,1826.53,869.7,1430.55,0
2023-08-10,00:00,-2892.5,-2463.49,-3465.78,-3003.2,0
2023-08-11,00:00,687.75,1262.81,239.07,734.02,0
2023-08-14,00:00,2717.67,2972.97,2222.42,2640.22,0
2023-08-15,00:00,1417.88,1816.07,1034.86,1447.42,0
2023-08-16,00:00,2493.06,2801.77,2225.04,2504.19,0
2023-08-17,00:00,-2278.52,-2070.41,-2626.69,-2411.27,0
2023-08-18,00:00,-1739.13,-1678.15,-1831.79,-1832.88,0
2023-08-21,00:00,1172.01,1689.92,811.31,1249.05,0
2023-08-22,00:00,842.22,1287.82,294.38,799.72,0
2023-08-23,00:00,-465.63,-208.14,-776.47,-437.44,0
2023-08-24,00:00,2415.47,2854.39,1864.8,2361.82,0
2023-08-25,00:00,3364.13,3614.54,3115.17,3424.02,0
2023-08-28,00:00,706.67,1208.79,90.57,636.24,0
2023-08-29,00:00,-356.58,-75.98,-955.72,-491.65,0
2023-08-30,00:00,-40.3,368.24,-532.89,-82.56,0
2023-08-31,00:00,25.05,532.07,-301.32,78.46,0
2023-09-01,00:00,1344.57,1817.93,898.68,1285.42,0
2023-09-04,00:00,968.95,1369.43,711.41,998.2,0
2023-09-05,00:00,5.4,260.49,-278.84,92.9,0
2023-09-06,00:00,1157.97,1486.95,598.2,1037.74,0
2023-09-07,00:00,1021.97,1494.25,712.89,960.56,0
2023-09-08,00:00,1147.81,1678.26,724.84,1196.39,0
2023-09-11,00:00,69.91,515.14,-80.46,203.81,0
2023-09-12,00:00,432.26,730.7,204.45,343.81,0
2023-09-13,00:00,368.44,689.5,-140.33,240.3,0
2023-09-14,00:00,-219.94,56.56,-797.72,-287.13,0
2023-09-15,00:00,1051.13,1389.84,815.89,1045.59,0
2023-09-18,00:00,-781.08,-399.15,-1281.9,-826.89,0
2023-09-19,00:00,842.04,1264.44,217.36,796.58,0
2023-09-20,00:00,4039.97,4514.61,3621.97,4065.37,0
2023-09-21,00:00,1444.84,1883.41,1219.28,1557.99,0
2023-09-22,00:00,-1549.53,-1298.08,-1698.72,-1522.38,0
2023-09-25,00:00,203.14,671.57,-79.46,322.7,0
2023-09-26,00:00,-1221.49,-770.9,-1833.2,-1347.95,0
2023-09-27,00:00,799.99,1137.54,613.02,802.25,0
2023-09-28,00:00,-4.49,350.14,-272.37,-23.42,0
2023-09-29,00:00,194.09,634.3,-262.37,215.01,0
2023-10-02,00:00,2066.2,2811.63,1410.98,2047.11,0
2023-10-03,00:00,1697.54,2153.55,1248.43,1719.31,0
2023-10-04,00:00,-2.73,468.6,-468.52,67.7,0
2023-10-05,00:00,1023.52,1592.71,737.94,1132.8,0
2023-10-06,00:00,994.37,1242.34,745.88,1006.41,0
2023-10-09,00:00,4166.66,4335.44,3842.38,4116.94,0
2023-10-10,00:00,-307.98,73.56,-519.75,-269.5,0
2023-10-11,00:00,-172.87,19.67,-678.14,-338.45,0
2023-10-12,00:00,-831.34,-511.41,-1117.63,-812.11,0
2023-10-13,00:00,-754.14,-746.84,-1090.46,-857.9,0
2023-10-16,00:00,-2365.48,-1686.85,-2684.47,-2204.93,0
2023-10-17,00:00,-984.83,-536.32,-1366.38,-949.46,0
2023-10-18,00:00,-390.31,5.69,-689.78,-329.15,0
2023-10-19,00:00,1034.34,1489.15,542.49,995.27,0
2023-10-20,00:00,959.97,1425.79,443.43,914.67,0
2023-10-23,00:00,-960.74,-670.08,-1303.91,-940.35,0
2023-10-24,00:00,2579.14,3143.31,2310.74,2686.75,0
2023-10-25,00:00,-890.64,-431.66,-1371.61,-864.32,0
2023-10-26,00:00,-1210.2,-763.56,-1730.99,-1145.34,0
2023-10-27,00:00,1870.83,2221.25,1570.38,1861.13,0
2023-10-30,00:00,2168.07,2630.51,1648.88,2120.32,0
2023-10-31,00:00,1983.17,2644.86,1569.49,2034.1,0
2023-11-01,00:00,2576.18,3052.66,1704.89,2437.37,0
2023-11-02,00:00,3205.9,3612.85,2830.64,3151.79,0
2023-11-03,00:00,3467.93,3919.77,3231.53,3552.89,0
2023-11-06,00:00,-287.5,-65.33,-797.27,-382.04,0
2023-11-07,00:00,192.5,657.77,154.68,402.67,0
2023-11-08,00:00,1216.82,1453.85,746.45,1095.88,0
2023-11-09,00:00,-252.01,219.81,-509.6,-135.73,0
2023-11-10,00:00,-824.21,-480.55,-1367.35,-881.2,0
2023-11-13,00:00,-819.9,-307.09,-1247.13,-812.18,0
2023-11-14,00:00,2083.39,2399.24,1618.22,2106.81,0
2023-11-15,00:00,890.47,1334.6,444.57,903.09,0
2023-11-16,00:00,-37.61,363.18,-312.5,20.68,0
2023-11-17,00:00,1993.32,2350.63,1458.96,1931.11,0
2023-11-20,00:00,136.19,374.45,-302.07,38.98,0
2023-11-21,00:00,1244.74,1494.37,868.12,1174.34,0
2023-11-22,00:00,414.75,612.02,-15.94,262.79,0
2023-11-23,00:00,2913.68,3326.24,2527.16,2874.97,0
2023-11-24,00:00,1195.49,1532.43,950.31,1191.86,0
2023-11-27,00:00,1340.28,1972.06,894.03,1490.07,0
2023-11-28,00:00,2162.44,2637.07,1797.18,2226.89,0
2023-11-29,00:00,775.05,994.97,18.48,588.6,0
2023-11-30,00:00,79.85,526.05,-281.08,47.55,0
2023-12-01,00:00,1656.92,1855.79,1264.7,1571.09,0
2023-12-04,00:00,1489.8,1696.44,1324.1,1495.14,0
2023-12-05,00:00,2542.41,2970.49,2262.06,2611.99,0
2023-12-06,00:00,-1137.5,-871.02,-1448.36,-1108.08,0
2023-12-07,00:00,457.84,1035.62,-112.8,472.43,0
2023-12-08,00:00,4069.96,4357.29,3587.62,4073.18,0
2023-12-11,00:00,2499.29,2915.39,2484.85,2692.98,0
2023-12-12,00:00,-506.56,-260.57,-738.84,-494.4,0
2023-12-13,00:00,578.56,1231.27,400.48,713.12,0
2023-12-14,00:00,647.61,1051.72,453.94,707.93,0
2023-12-15,00:00,-1372.43,-895.68,-1693.67,-1245.65,0
2023-12-18,00:00,2544.53,2947.41,2127.59,2453.97,0
2023-12-19,00:00,1417.28,1875.73,951.01,1396.33,0
2023-12-20,00:00,1967.91,2428.89,1394.24,1840.27,0
2023-12-21,00:00,1806.61,2037.36,1372.49,1648.63,0
2023-12-22,00:00,3670.49,4242.54,3150.81,3704.74,0
2023-12-25,00:00,2105.99,2349.2,1500.5,2089.99,0
2023-12-26,00:00,1486.51,1867.24,1146.19,1477.44,0
2023-12-27,00:00,-621.51,-235.26,-811.78,-538.28,0
2023-12-28,00:00,1242.95,1849.75,954.98,1316.71,0
2023-12-29,00:00,-312.4,35.87,-648.44,-443.52,0
2024-01-01,00:00,855.13,1263.03,462.16,876.42,0
2024-01-02,00:00,946.97,1258.04,539.13,897.25,0
2024-01-03,00:00,2240.94,2655.82,1800.8,2257.97,0
2024-01-04,00:00,219.9,628.59,-127.2,214.62,0
2024-01-05,00:00,2976.05,3346.19,2727.09,2918.12,0
2024-01-08,00:00,-624.72,-339.12,-1005.64,-646.26,0
2024-01-09,00:00,1848.65,2227.86,1467.1,1804.24,0
2024-01-10,00:00,1324.16,1846.7,858.5,1263.94,0
2024-01-11,00:00,781.45,1305.77,322.31,863.91,0
2024-01-12,00:00,62.87,332.47,-291.19,23.07,0
2024-01-15,00:00,-501.67,-223.68,-940.67,-504.6,0
2024-01-16,00:00,-1225.58,-999.6,-1749.37,-1309.76,0
2024-01-17,00:00,329.19,787.16,-101.3,291.21,0
2024-01-18,00:00,2127.23,2169.0,1879.52,2040.95,0
2024-01-19,00:00,1818.31,2146.95,1306.36,1730.63,0
2024-01-22,00:00,-679.05,-117.31,-1030.76,-577.15,0
2024-01-23,00:00,142.18,650.11,-293.17,80.51,0
2024-01-24,00:00,779.48,1212.48,427.82,847.63,0
2024-01-25,00:00,-3235.35,-2826.35,-3577.48,-3219.33,0
2024-01-26,00:00,860.34,961.56,379.9,686.18,0
2024-01-29,00:00,1365.17,1930.41,989.77,1412.07,0
2024-01-30,00:00,906.08,1292.6,539.64,888.11,0
2024-01-31,00:00,1822.05,2248.06,1672.11,1852.93,0
2024-02-01,00:00,3349.42,3827.9,3153.85,3355.49,0
2024-02-02,00:00,1445.07,1826.24,835.98,1423.37,0
2024-02-05,00:00,-540.52,-89.55,-767.17,-464.04,0
2024-02-06,00:00,2221.11,2568.95,1721.97,2210.57,0
2024-02-07,00:00,-620.77,-230.36,-1122.61,-593.88,0
2024-02-08,00:00,3074.09,3389.88,2771.77,3058.46,0
2024-02-09,00:00,1116.73,1415.86,769.89,1047.03,0
2024-02-12,00:00,594.95,925.47,43.2,472.82,0
2024-02-13,00:00,655.64,1001.72,192.35,659.83,0
2024-02-14,00:00,2501.53,2887.91,2199.2,2541.28,0
2024-02-15,00:00,3479.99,3912.63,3074.57,3513.82,0
2024-02-16,00:00,317.78,722.69,110.59,351.52,0
2024-02-19,00:00,252.12,771.67,-163.49,331.53,0
2024-02-20,00:00,2461.01,2910.1,2178.61,2445.69,0
2024-02-21,00:00,2331.15,2688.81,2138.55,2389.2,0
2024-02-22,00:00,310.85,704.57,-22.05,300.34,0
2024-02-23,00:00,1293.83,1638.45,968.53,1356.62,0
2024-02-26,00:00,-616.22,-434.06,-1135.92,-738.79,0
2024-02-27,00:00,-361.56,-132.27,-627.21,-376.03,0
2024-02-28,00:00,-1110.82,-635.28,-1722.1,-1138.12,0
2024-02-29,00:00,637.42,735.67,274.66,505.88,0
2024-03-01,00:00,-549.69,2.12,-987.58,-565.47,0
2024-03-04,00:00,1383.76,1695.03,1055.35,1294.12,0
2024-03-05,00:00,-1210.03,-773.06,-1516.61,-1124.11,0
2024-03-06,00:00,745.4,1275.77,311.86,739.62,0
2024-03-07,00:00,691.64,879.65,255.27,604.13,0
2024-03-08,00:00,-1442.15,-1041.19,-1712.13,-1432.51,0
2024-03-11,00:00,-144.96,317.73,-478.05,30.05,0
2024-03-12,00:00,-893.19,-654.63,-942.99,-878.62,0
2024-03-13,00:00,243.89,707.15,-86.18,360.6,0
2024-03-14,00:00,-1434.03,-971.72,-1749.55,-1379.62,0
2024-03-15,00:00,-1318.88,-926.38,-1814.36,-1417.67,0
2024-03-18,00:00,-994.62,-497.37,-1462.29,-984.64,0
2024-03-19,00:00,513.29,922.5,405.62,626.24,0
2024-03-20,00:00,-792.8,-319.03,-1081.26,-750.51,0
2024-03-21,00:00,177.15,660.27,-479.9,143.9,0
2024-03-22,00:00,-1447.59,-1036.02,-1742.38,-1399.3,0
2024-03-25,00:00,1418.33,1699.51,888.15,1317.43,0
2024-03-26,00:00,3434.19,3856.7,3056.22,3475.08,0
2024-03-27,00:00,-1748.13,-1293.78,-2284.39,-1752.14,0
2024-03-28,00:00,-1207.79,-714.73,-1646.02,-1305.5,0
2024-03-29,00:00,301.95,605.69,55.73,245.72,0
2024-04-01,00:00,1169.4,1543.88,880.27,1247.91,0
2024-04-02,00:00,677.68,1245.16,408.93,717.82,0
2024-04-03,00:00,511.15,927.77,156.94,499.38,0
2024-04-04,00:00,2076.96,2653.25,1758.89,2277.15,0
2024-04-05,00:00,1793.27,2316.27,1375.78,1807.22,0
2024-04-08,00:00,1829.32,2191.65,1341.33,1756.05,0
2024-04-09,00:00,639.29,972.69,196.41,632.48,0
2024-04-10,00:00,158.26,591.43,-217.51,187.66,0
2024-04-11,00:00,1448.1,1647.67,1107.88,1364.6,0
2024-04-12,00:00,862.83,1090.7,449.75,836.09,0
2024-04-15,00:00,-22.93,463.68,-506.73,7.7,0
2024-04-16,00:00,1485.82,1848.27,1023.2,1412.44,0
2024-04-17,00:00,0.17,321.7,-354.6,27.03,0
2024-04-18,00:00,-2936.26,-2681.58,-3342.45,-2907.95,0
2024-04-19,00:00,677.37,1037.29,369.34,672.94,0
2024-04-22,00:00,2850.64,3274.21,2477.65,2881.7,0
2024-04-23,00:00,2879.33,3179.14,2486.61,2895.03,0
2024-04-24,00:00,1019.57,1238.77,551.34,902.29,0
2024-04-25,00:00,-328.0,-213.76,-804.88,-389.67,0
2024-04-26,00:00,-129.64,17.96,-340.03,-182.79,0
2024-04-29,00:00,887.6,1280.76,585.59,961.65,0
2024-04-30,00:00,-359.1,145.86,-772.68,-321.92,0
2024-05-01,00:00,-197.99,186.65,-447.04,-185.92,0
2024-05-02,00:00,2525.62,2949.15,2042.18,2480.65,0
2024-05-03,00:00,9.09,439.98,-364.41,54.09,0
2024-05-06,00:00,828.99,1254.12,366.55,842.15,0
2024-05-07,00:00,3009.61,3540.55,2531.14,2966.64,0
2024-05-08,00:00,-1335.57,-854.72,-1806.86,-1340.55,0
2024-05-09,00:00,-1746.64,-1524.53,-2358.7,-1974.32,0
2024-05-10,00:00,-1599.92,-1055.68,-1901.05,-1539.94,0
2024-05-13,00:00,-589.96,-63.08,-822.7,-486.46,0
2024-05-14,00:00,1042.13,1397.57,716.41,1224.18,0
2024-05-15,00:00,-1953.43,-1528.35,-2144.85,-1795.28,0
2024-05-16,00:00,1524.12,1868.36,1295.92,1541.29,0
2024-05-17,00:00,-166.35,291.01,-627.83,-40.78,0
2024-05-20,00:00,2577.31,2852.55,2101.06,2461.65,0
2024-05-21,00:00,2954.29,3504.06,2442.35,2900.11,0
2024-05-22,00:00,131.6,545.45,-257.01,130.81,0
2024-05-23,00:00,2597.16,2993.2,2328.63,2695.92,0
2024-05-24,00:00,1361.94,1591.79,928.19,1256.18,0
2024-05-27,00:00,715.72,1147.61,260.54,693.17,0
2024-05-28,00:00,-599.36,-414.69,-843.19,-680.47,0
2024-05-29,00:00,2299.21,2636.22,2047.38,2313.71,0
2024-05-30,00:00,-292.64,-68.99,-745.76,-445.58,0
2024-05-31,00:00,2311.72,2713.33,2202.97,2403.41,0
2024-06-03,00:00,672.53,908.73,526.94,599.48,0
2024-06-04,00:00,-321.29,239.7,-393.05,-204.1,0
2024-06-05,00:00,1354.15,1500.07,1170.29,1315.12,0
2024-06-06,00:00,1325.51,1578.39,787.03,1193.03,0
2024-06-07,00:00,3189.05,3501.66,2948.8,3185.3,0
2024-06-10,00:00,656.69,1047.8,401.34,727.78,0
2024-06-11,00:00,547.35,864.75,117.82,458.16,0
2024-06-12,00:00,968.5,1438.73,553.01,973.36,0
2024-06-13,00:00,1995.91,2292.09,1755.67,1927.36,0
2024-06-14,00:00,1628.93,1863.72,1268.15,1616.4,0
2024-06-17,00:00,-444.15,-175.71,-828.25,-461.55,0
2024-06-18,00:00,414.68,867.56,-88.39,369.42,0
2024-06-19,00:00,-1013.43,-600.71,-1373.95,-1053.49,0
2024-06-20,00:00,-1191.13,-840.96,-1408.15,-1083.44,0
2024-06-21,00:00,1220.84,1453.34,690.54,1156.76,0
2024-06-24,00:00,-178.69,135.14,-502.7,-216.29,0
2024-06-25,00:00,1891.96,2338.45,1524.36,1804.15,0
2024-06-26,00:00,2818.19,3475.87,2484.23,2883.35,0
2024-06-27,00:00,2736.72,3083.35,2250.52,2804.13,0
2024-06-28,00:00,-79.71,433.11,-483.3,-71.81,0
2024-07-01,00:00,3808.46,4076.25,3484.07,3773.04,0
2024-07-02,00:00,1137.56,1635.1,870.74,1188.17,0
2024-07-03,00:00,253.09,538.72,-178.66,181.99,0
2024-07-04,00:00,575.77,1080.58,224.96,663.41,0
2024-07-05,00:00,-953.36,-427.38,-1248.9,-806.64,0
2024-07-08,00:00,770.68,1064.36,367.0,762.85,0
2024-07-09,00:00,-98.58,233.72,-476.45,-3.22,0
2024-07-10,00:00,1198.85,1646.63,778.26,1191.17,0
2024-07-11,00:00,-1270.47,-845.38,-1580.36,-1239.35,0
2024-07-12,00:00,-1487.33,-1306.99,-1525.59,-1460.84,0
2024-07-15,00:00,1259.31,1674.84,741.24,1189.82,0
2024-07-16,00:00,993.5,1171.45,567.64,910.1,0
2024-07-17,00:00,1881.13,2331.81,1472.34,1935.09,0
2024-07-18,00:00,238.34,539.48,-73.66,284.07,0
2024-07-19,00:00,1707.06,2326.37,1298.4,1731.76,0
2024-07-22,00:00,-1172.65,-935.62,-1766.61,-1345.45,0
2024-07-23,00:00,1438.13,1927.43,1123.01,1472.87,0
2024-07-24,00:00,1608.39,2027.67,1321.96,1603.94,0
2024-07-25,00:00,171.68,588.32,-48.06,280.41,0
2024-07-26,00:00,265.36,699.45,105.95,310.17,0
2024-07-29,00:00,-172.3,37.1,-739.32,-255.69,0
2024-07-30,00:00,1218.46,1586.32,746.67,1276.91,0
2024-07-31,00:00,671.27,992.84,280.51,616.72,0
2024-08-01,00:00,964.16,1403.72,519.51,1020.84,0
2024-08-02,00:00,-1895.03,-1484.73,-2106.68,-1909.0,0
2024-08-05,00:00,1842.11,2227.85,1593.23,1859.47,0
2024-08-06,00:00,-2962.55,-2545.11,-3412.43,-2865.19,0
2024-08-07,00:00,402.86,780.26,23.18,383.41,0
2024-08-08,00:00,2017.17,2283.53,1372.08,1917.44,0
2024-08-09,00:00,2016.05,2213.75,1738.41,2081.05,0
2024-08-12,00:00,-670.46,-202.37,-1021.34,-593.33,0
2024-08-13,00:00,45.78,304.83,-199.34,114.52,0
2024-08-14,00:00,2829.57,3219.8,2392.77,2770.93,0
2024-08-15,00:00,-901.91,-506.52,-1188.57,-790.18,0
2024-08-16,00:00,-91.8,505.83,-356.78,83.84,0
2024-08-19,00:00,-657.53,-259.85,-1077.02,-620.26,0
2024-08-20,00:00,-1665.98,-1329.25,-2060.67,-1705.78,0
2024-08-21,00:00,-513.92,-240.02,-777.68,-533.0,0
2024-08-22,00:00,678.1,986.84,303.65,588.92,0
2024-08-23,00:00,-574.11,-250.66,-865.74,-593.89,0
2024-08-26,00:00,1685.74,1993.14,1274.81,1656.32,0
2024-08-27,00:00,-1962.67,-1795.16,-2617.4,-2112.64,0
2024-08-28,00:00,1879.86,2307.66,1477.38,1947.99,0
2024-08-29,00:00,1746.86,2061.38,1548.77,1752.38,0
2024-08-30,00:00,4513.37,4940.28,4180.42,4535.57,0
2024-09-02,00:00,-536.07,-287.04,-941.27,-547.86,0
2024-09-03,00:00,1166.77,1542.93,838.45,1247.19,0
2024-09-04,00:00,1872.06,2286.21,1550.8,1929.78,0
2024-09-05,00:00,-33.6,405.49,-438.16,-43.53,0
2024-09-06,00:00,-1452.29,-1116.04,-1969.58,-1480.23,0
2024-09-09,00:00,-635.2,-79.33,-976.98,-540.82,0
2024-09-10,00:00,2554.6,3012.55,2119.12,2558.34,0
2024-09-11,00:00,1458.23,2013.31,896.93,1549.56,0
2024-09-12,00:00,1734.76,2003.22,1449.32,1735.55,0
2024-09-13,00:00,2257.91,2875.85,1551.71,2201.07,0
2024-09-16,00:00,11.01,228.46,-297.99,-59.55,0
2024-09-17,00:00,-290.48,66.6,-654.68,-278.77,0
2024-09-18,00:00,367.26,848.36,-150.62,345.39,0
2024-09-19,00:00,2329.64,2593.11,1934.47,2237.01,0
2024-09-20,00:00,590.14,1137.65,113.77,624.33,0
2024-09-23,00:00,2430.99,2945.68,2026.46,2472.82,0
2024-09-24,00:00,1582.39,2039.82,938.93,1504.54,0
2024-09-25,00:00,1990.6,2211.29,1596.43,1983.22,0
2024-09-26,00:00,889.75,1379.15,430.55,938.38,0
2024-09-27,00:00,1417.29,1909.39,1005.89,1346.66,0
2024-09-30,00:00,-1753.5,-1320.97,-2230.69,-1760.03,0
2024-10-01,00:00,2793.41,3489.18,2418.99,2881.17,0
2024-10-02,00:00,3734.08,4364.95,3439.12,3792.9,0
2024-10-03,00:00,812.54,868.18,360.95,738.34,0
2024-10-04,00:00,386.88,880.86,-107.4,434.29,0
2024-10-07,00:00,2599.97,3128.64,2133.61,2677.3,0
2024-10-08,00:00,587.45,914.41,377.18,540.23,0
2024-10-09,00:00,3571.46,3890.22,3083.31,3465.21,0
2024-10-10,00:00,-559.83,-250.48,-866.0,-603.72,0
2024-10-11,00:00,-2262.79,-1920.14,-2724.1,-2382.84,0
2024-10-14,00:00,935.32,1407.07,385.53,902.84,0
2024-10-15,00:00,878.06,1381.68,550.18,942.82,0
2024-10-16,00:00,-316.18,154.36,-826.72,-348.64,0
2024-10-17,00:00,-1132.1,-679.8,-1421.55,-1103.8,0
2024-10-18,00:00,1068.12,1366.69,514.74,980.17,0
2024-10-21,00:00,3245.95,3800.77,2899.69,3309.77,0
2024-10-22,00:00,2436.49,2946.22,1926.94,2374.82,0
2024-10-23,00:00,-248.24,152.6,-981.8,-390.4,0
2024-10-24,00:00,374.65,933.37,-127.97,345.53,0
2024-10-25,00:00,1922.99,2053.54,1692.65,1930.77,0
2024-10-28,00:00,2598.07,2995.27,2355.31,2616.65,0
2024-10-29,00:00,154.35,357.98,-374.62,24.52,0
2024-10-30,00:00,1357.73,1596.8,1007.5,1413.19,0
2024-10-31,00:00,2380.48,2547.66,2064.31,2346.97,0
2024-11-01,00:00,1444.54,1840.16,1038.88,1400.05,0
2024-11-04,00:00,-511.47,-278.6,-1009.65,-503.16,0
2024-11-05,00:00,1439.98,1858.51,1237.23,1448.76,0
2024-11-06,00:00,-356.67,226.0,-842.21,-334.93,0
2024-11-07,00:00,2472.7,2501.7,2407.14,2396.43,0
2024-11-08,00:00,1335.09,1810.03,1018.84,1430.49,0
2024-11-11,00:00,942.35,1304.89,703.56,958.45,0
2024-11-12,00:00,-1482.88,-1208.23,-1931.6,-1482.84,0
2024-11-13,00:00,-1661.32,-1377.92,-2031.94,-1683.13,0
2024-11-14,00:00,-1317.85,-1046.35,-1816.93,-1299.57,0
2024-11-15,00:00,1094.02,1671.59,565.08,1110.07,0
2024-11-18,00:00,-721.41,-155.45,-1220.81,-672.03,0
2024-11-19,00:00,1526.97,1957.49,1262.76,1450.16,0
2024-11-20,00:00,433.84,990.68,-52.78,409.56,0
2024-11-21,00:00,2450.3,2648.41,2028.24,2418.95,0
2024-11-22,00:00,2359.47,2923.73,1993.4,2442.51,0
2024-11-25,00:00,1470.06,1834.79,1257.69,1516.85,0
2024-11-26,00:00,534.5,854.47,312.72,578.78,0
2024-11-27,00:00,2740.12,3210.02,2579.17,2917.15,0
2024-11-28,00:00,1521.96,2219.29,1082.12,1543.03,0
2024-11-29,00:00,436.89,813.87,-242.15,358.54,0
2024-12-02,00:00,-350.78,48.16,-720.79,-356.99,0
2024-12-03,00:00,3607.14,4182.78,3266.69,3685.54,0
2024-12-04,00:00,679.33,933.95,94.7,635.42,0
2024-12-05,00:00,553.4,657.35,493.03,551.99,0
2024-12-06,00:00,2429.01,3095.92,2343.54,2667.78,0
2024-12-09,00:00,1365.0,1826.87,922.38,1311.9,0
2024-12-10,00:00,1342.3,1868.72,1125.52,1441.94,0
2024-12-11,00:00,3459.45,3817.7,3127.79,3417.6,0
2024-12-12,00:00,689.42,917.28,451.42,726.89,0
2024-12-13,00:00,2042.01,2589.39,1489.49,2046.33,0
2024-12-16,00:00,583.38,1110.56,376.1,650.96,0
2024-12-17,00:00,1274.22,1549.28,945.94,1251.48,0
2024-12-18,00:00,3683.29,4168.23,3557.42,3752.79,0
2024-12-19,00:00,1143.06,1494.87,787.41,1142.25,0
2024-12-20,00:00,922.41,1273.43,535.76,872.52,0
2024-12-23,00:00,209.43,492.27,-256.5,240.92,0
2024-12-24,00:00,734.85,1254.12,185.56,586.5,0
2024-12-25,00:00,984.67,1348.68,894.44,1180.02,0
2024-12-26,00:00,-1442.11,-864.62,-1958.86,-1403.04,0
2024-12-27,00:00,-115.92,176.44,-518.61,-173.53,0
2024-12-30,00:00,2273.89,2410.94,1752.65,2229.05,0
2024-12-31,00:00,3788.42,4308.44,3411.18,3782.45,0
2025-01-01,00:00,5152.32,5434.96,4479.04,5087.9,0
2025-01-02,00:00,1761.28,2222.46,1403.19,1772.6,0
2025-01-03,00:00,2049.88,2770.06,1599.56,2170.35,0
2025-01-06,00:00,5612.19,6089.69,5343.34,5689.37,0
2025-01-07,00:00,1599.71,1830.25,1123.49,1584.22,0
2025-01-08,00:00,5556.12,5758.93,5098.22,5525.27,0
2025-01-09,00:00,4535.62,4993.66,4234.38,4613.6,0
2025-01-10,00:00,4974.49,5506.26,4432.02,5021.96,0
2025-01-13,00:00,2411.16,2964.91,2170.98,2609.79,0
2025-01-14,00:00,2864.82,3406.62,2416.24,2932.59,0
2025-01-15,00:00,-2504.24,-2082.22,-3041.05,-2531.93,0
2025-01-16,00:00,1839.11,2310.79,1342.22,1774.11,0
2025-01-17,00:00,-1742.98,-1301.05,-2150.05,-1754.42,0
2025-01-20,00:00,2773.61,3109.86,2230.12,2780.74,0
2025-01-21,00:00,5974.26,6209.55,5502.5,5896.97,0
2025-01-22,00:00,3288.06,3793.71,2735.32,3271.54,0
2025-01-23,00:00,-599.47,-73.18,-1052.66,-538.22,0
2025-01-24,00:00,452.06,798.85,82.71,417.5,0
2025-01-27,00:00,4034.06,4273.95,3309.37,3859.18,0
2025-01-28,00:00,2180.13,2565.14,1852.98,2229.11,0
2025-01-29,00:00,825.13,1317.51,570.88,952.15,0
2025-01-30,00:00,4653.09,5164.42,4301.52,4720.19,0
2025-01-31,00:00,131.42,417.49,-317.05,50.0,0
2025-02-03,00:00,5861.59,6148.83,5504.15,5881.03,0
2025-02-04,00:00,-1709.4,-1256.45,-2090.1,-1676.95,0
2025-02-05,00:00,4386.47,4914.43,4185.52,4495.03,0
2025-02-06,00:00,2096.38,2373.52,1687.67,2063.04,0
2025-02-07,00:00,104.83,535.89,-508.66,62.59,0
2025-02-10,00:00,5064.05,5428.56,4552.77,5006.54,0
2025-02-11,00:00,2500.19,2844.44,2081.53,2569.12,0
2025-02-12,00:00,1658.99,2007.96,1331.53,1658.5,0
2025-02-13,00:00,2620.35,3061.18,2282.43,2652.86,0
2025-02-14,00:00,7426.27,7698.0,6875.7,7362.54,0
2025-02-17,00:00,6906.22,7230.44,6558.37,6977.95,0
2025-02-18,00:00,5741.05,6095.28,4960.54,5601.34,0
2025-02-19,00:00,9213.06,9416.97,8906.5,9246.08,0
2025-02-20,00:00,2734.85,3022.33,2509.03,2817.5,0
2025-02-21,00:00,2558.17,2946.8,2196.86,2611.48,0
2025-02-24,00:00,6069.27,6240.24,5657.32,5930.72,0
2025-02-25,00:00,4340.48,4837.27,4057.29,4433.98,0
2025-02-26,00:00,3942.35,4411.92,3706.55,3974.09,0
2025-02-27,00:00,2012.04,2296.49,1569.23,1944.3,0
2025-02-28,00:00,3221.11,3616.13,3138.81,3382.23,0
2025-03-03,00:00,3298.8,3745.22,3077.58,3376.58,0
2025-03-04,00:00,4106.78,4601.21,3752.46,4201.06,0
2025-03-05,00:00,996.69,1401.43,420.58,1082.51,0
2025-03-06,00:00,-153.45,48.88,-404.84,-140.41,0
2025-03-07,00:00,3217.93,3650.68,2650.98,3219.91,0
2025-03-10,00:00,-21.96,293.56,-371.24,8.31,0
2025-03-11,00:00,-200.43,77.84,-708.04,-233.37,0
2025-03-12,00:00,-260.09,214.58,-660.2,-287.96,0
2025-03-13,00:00,5254.33,5617.89,4884.78,5358.23,0
2025-03-14,00:00,3940.38,4411.05,3445.44,3959.27,0
2025-03-17,00:00,-1049.0,-688.28,-1362.8,-1106.15,0
2025-03-18,00:00,1593.93,2112.57,1102.58,1612.44,0
2025-03-19,00:00,1994.08,2552.04,1592.84,2032.6,0
2025-03-20,00:00,5165.04,5528.17,4619.05,5116.67,0
2025-03-21,00:00,4984.0,5481.33,4749.65,4996.27,0
2025-03-24,00:00,8197.11,8784.28,7861.11,8433.91,0
2025-03-25,00:00,3419.16,3828.18,2989.74,3411.82,0
2025-03-26,00:00,-1000.78,-762.36,-1206.68,-1041.52,0
2025-03-27,00:00,4310.88,4686.47,4008.45,4359.64,0
2025-03-28,00:00,4846.92,5236.35,4338.91,4717.85,0
2025-03-31,00:00,6508.89,6849.09,6014.56,6502.32,0
2025-04-01,00:00,2117.96,2479.15,1646.87,2003.6,0
2025-04-02,00:00,2706.91,3000.35,2475.96,2658.41,0
2025-04-03,00:00,-2308.17,-2050.3,-2565.04,-2467.59,0
2025-04-04,00:00,3548.42,3981.15,3157.34,3517.74,0
2025-04-07,00:00,2866.07,3321.69,2581.62,2976.56,0
2025-04-08,00:00,2346.94,2659.74,1884.48,2297.54,0
2025-04-09,00:00,5497.74,6160.24,5082.83,5604.96,0
2025-04-10,00:00,4922.16,5361.69,4390.54,4841.34,0
2025-04-11,00:00,3751.21,4175.14,3365.11,3856.38,0
2025-04-14,00:00,6037.73,6508.6,5843.85,6081.54,0
2025-04-15,00:00,4343.39,4800.33,4019.69,4384.11,0
2025-04-16,00:00,3263.94,3754.65,2718.11,3260.42,0
2025-04-17,00:00,5422.22,5854.99,5228.13,5502.78,0
2025-04-18,00:00,-19.72,593.38,-328.34,89.71,0
2025-04-21,00:00,549.65,928.54,193.85,605.74,0
2025-04-22,00:00,4759.25,5271.03,4437.52,4880.81,0
2025-04-23,00:00,1485.46,1942.38,1293.01,1495.16,0
2025-04-24,00:00,4563.77,4836.68,4049.27,4466.36,0
2025-04-25,00:00,3281.25,3638.03,2931.43,3309.72,0
2025-04-28,00:00,3693.79,4012.6,3528.55,3817.4,0
2025-04-29,00:00,-3206.54,-2824.45,-3429.71,-3211.59,0
2025-04-30,00:00,-3638.25,-3270.73,-3891.59,-3543.03,0
2025-05-01,00:00,367.66,569.98,172.56,307.04,0
2025-05-02,00:00,2789.86,3138.45,2618.11,2774.18,0
2025-05-05,00:00,4410.01,4792.93,4273.01,4582.81,0
2025-05-06,00:00,4272.08,4505.34,3827.17,4143.69,0
2025-05-07,00:00,6257.64,6564.01,5832.58,6278.41,0
2025-05-08,00:00,4080.45,4321.56,3833.48,4084.45,0
2025-05-09,00:00,1404.43,1736.11,1172.02,1505.7,0
2025-05-12,00:00,2758.92,3226.4,2451.49,2890.49,0
2025-05-13,00:00,2095.75,2400.1,1724.5,2074.59,0
2025-05-14,00:00,1101.27,1554.63,867.51,1206.16,0
2025-05-15,00:00,1867.85,2164.32,1403.41,1680.05,0
2025-05-16,00:00,-1255.71,-721.35,-1598.47,-1187.73,0
2025-05-19,00:00,-300.84,171.94,-670.72,-281.21,0
2025-05-20,00:00,6197.84,6454.08,5921.18,6252.18,0
2025-05-21,00:00,6009.02,6252.99,5410.75,5911.99,0
2025-05-22,00:00,2112.02,2420.14,1812.29,2101.79,0
2025-05-23,00:00,5100.74,5509.25,4806.02,5097.35,0
2025-05-26,00:00,9476.69,9959.07,9262.23,9560.41,0
2025-05-27,00:00,6099.55,6421.63,5718.94,6142.05,0
2025-05-28,00:00,597.04,861.93,334.9,553.74,0
2025-05-29,00:00,-4300.52,-3828.07,-4503.85,-4223.12,0
2025-05-30,00:00,3530.44,3841.89,3132.73,3465.14,0
2025-06-02,00:00,246.26,444.51,-113.51,210.86,0
2025-06-03,00:00,9117.03,9641.39,8686.33,9130.52,0
2025-06-04,00:00,4814.44,5202.15,4479.96,4824.15,0
2025-06-05,00:00,-76.58,381.51,-626.91,-44.1,0
2025-06-06,00:00,1517.42,1987.43,1314.25,1584.95,0
2025-06-09,00:00,-847.39,-319.22,-1140.72,-754.0,0
2025-06-10,00:00,625.81,1075.97,214.59,608.1,0
2025-06-11,00:00,1687.54,2111.8,1290.18,1662.83,0
2025-06-12,00:00,2433.16,2692.63,2070.37,2410.95,0
2025-06-13,00:00,-5402.08,-5130.67,-5633.82,-5405.55,0
2025-06-16,00:00,6206.68,6533.35,5769.07,6169.61,0
2025-06-17,00:00,93.4,332.55,-330.03,-0.69,0
2025-06-18,00:00,1364.31,1860.16,1232.7,1510.2,0
2025-06-19,00:00,3732.19,4261.78,3478.33,3846.15,0
2025-06-20,00:00,4595.4,4901.68,4262.16,4725.6,0
2025-06-23,00:00,1924.23,2148.14,1466.51,1812.05,0
2025-06-24,00:00,5683.34,6084.49,5485.44,5793.71,0
2025-06-25,00:00,4940.44,5253.56,4585.66,4957.97,0
2025-06-26,00:00,6209.22,6674.92,5953.49,6346.42,0
2025-06-27,00:00,-2409.12,-2183.76,-2932.36,-2508.34,0
2025-06-30,00:00,6863.85,7239.85,6605.01,6941.79,0
2025-07-01,00:00,5374.79,5522.31,5014.74,5246.67,0
2025-07-02,00:00,2767.83,3150.14,2214.09,2700.45,0
2025-07-03,00:00,-1118.52,-611.09,-1505.46,-1107.0,0
2025-07-04,00:00,4259.35,4600.68,3764.73,4172.42,0
2025-07-07,00:00,1595.51,2057.3,1467.0,1740.75,0
2025-07-08,00:00,4171.53,4349.27,3811.61,4157.07,0
2025-07-09,00:00,3424.53,4051.92,3112.75,3576.71,0
2025-07-10,00:00,-464.11,-160.82,-754.13,-440.68,0
2025-07-11,00:00,3445.17,3853.21,2974.52,3419.91,0
2025-07-14,00:00,1251.98,1664.17,904.86,1274.16,0
2025-07-15,00:00,1845.84,2091.56,1510.33,1819.0,0
2025-07-16,00:00,3650.44,4026.49,3047.21,3582.66,0
2025-07-17,00:00,1198.74,1685.86,823.12,1264.07,0
2025-07-18,00:00,759.95,1207.27,425.42,886.56,0
2025-07-21,00:00,3340.58,3812.99,3051.59,3415.06,0
2025-07-22,00:00,-28.1,347.96,-340.6,30.01,0
2025-07-23,00:00,4110.66,4300.98,3797.81,4053.49,0
2025-07-24,00:00,1988.79,2338.63,1410.26,1951.57,0
2025-07-25,00:00,2497.31,2835.45,2148.02,2541.38,0
2025-07-28,00:00,3708.78,4195.18,3411.96,3801.76,0
2025-07-29,00:00,3154.24,3255.82,2678.43,3021.18,0
2025-07-30,00:00,69.12,356.71,-429.15,-59.87,0
2025-07-31,00:00,-233.05,161.91,-534.87,-185.17,0
2025-08-01,00:00,1109.32,1512.25,898.44,1100.31,0
2025-08-04,00:00,5347.7,5841.16,5038.71,5440.92,0
2025-08-05,00:00,677.61,1055.76,328.92,696.64,0
2025-08-06,00:00,3901.08,4151.68,3574.18,3874.66,0
2025-08-07,00:00,2899.3,3118.2,2641.18,2877.45,0
2025-08-08,00:00,1195.93,1638.97,861.63,1267.47,0
2025-08-11,00:00,3354.2,3700.49,2928.38,3289.57,0
2025-08-12,00:00,5464.16,5827.69,5058.74,5447.7,0
2025-08-13,00:00,3855.91,4191.49,3483.61,3761.17,0
2025-08-14,00:00,1616.03,1901.86,1274.27,1635.63,0
2025-08-15,00:00,2353.84,2823.8,1837.02,2358.47,0
2025-08-18,00:00,1989.3,2385.9,1698.07,2023.72,0
2025-08-19,00:00,913.71,1098.93,524.47,816.81,0
2025-08-20,00:00,355.44,665.61,-17.45,351.93,0
2025-08-21,00:00,4790.6,5081.24,4360.98,4710.41,0
2025-08-22,00:00,2818.35,3003.17,2496.66,2790.52,0
2025-08-25,00:00,4958.29,5502.27,4528.86,4919.6,0
2025-08-26,00:00,4191.0,4597.93,3639.51,4176.92,0
2025-08-27,00:00,6388.93,6793.52,5948.51,6322.61,0
2025-08-28,00:00,2001.81,2377.09,1406.84,1943.27,0
2025-08-29,00:00,3186.63,3468.29,2819.98,3220.88,0
2025-09-01,00:00,547.29,906.25,211.1,437.59,0
2025-09-02,00:00,676.28,1048.17,98.15,558.5,0
2025-09-03,00:00,5438.51,5978.73,5063.24,5442.38,0
2025-09-04,00:00,2113.92,2671.81,1605.43,2154.38,0
2025-09-05,00:00,-189.85,255.7,-442.37,-116.27,0
2025-09-08,00:00,6352.52,6693.12,6044.13,6383.49,0
2025-09-09,00:00,-1068.03,-635.85,-1362.32,-930.28,0
2025-09-10,00:00,490.35,1220.73,174.32,634.91,0
2025-09-11,00:00,1430.92,1958.54,859.4,1398.53,0
2025-09-12,00:00,5255.53,5642.02,4947.53,5366.3,0
2025-09-15,00:00,1228.5,1741.89,891.38,1246.71,0
2025-09-16,00:00,2538.57,2926.82,2185.49,2608.16,0
2025-09-17,00:00,1628.78,1956.5,1115.47,1607.74,0
2025-09-18,00:00,2337.31,2698.52,1953.83,2350.25,0
2025-09-19,00:00,-703.14,-363.21,-1109.4,-740.55,0
2025-09-22,00:00,7289.25,7800.17,6800.79,7350.71,0
2025-09-23,00:00,3229.55,3691.23,2922.75,3295.74,0
2025-09-24,00:00,5458.8,5742.67,5112.58,5419.86,0
2025-09-25,00:00,881.02,1290.76,428.53,856.31,0
2025-09-26,00:00,-717.84,-407.08,-1055.74,-714.8,0
2025-09-29,00:00,3616.75,3982.45,3228.22,3690.75,0
2025-09-30,00:00,3645.48,4037.61,3131.2,3616.75,0
2025-10-01,00:00,172.14,518.8,-26.91,268.34,0
2025-10-02,00:00,132.34,685.34,-420.44,109.56,0
2025-10-03,00:00,899.56,1309.84,652.2,999.27,0
2025-10-06,00:00,3090.29,3521.3,2628.02,2985.7,0
2025-10-07,00:00,1930.88,2448.7,1607.52,2005.08,0
2025-10-08,00:00,4941.84,5190.23,4643.21,4865.3,0
2025-10-09,00:00,2563.34,2808.46,2170.05,2540.55,0
2025-10-10,00:00,-1541.68,-1213.41,-2037.34,-1599.16,0
2025-10-13,00:00,-2259.34,-1926.24,-2558.32,-2299.71,0
2025-10-14,00:00,3481.84,3903.35,3007.91,3564.27,0
2025-10-15,00:00,-332.8,-277.74,-885.53,-471.59,0
2025-10-16,00:00,827.63,1173.77,310.62,759.39,0
2025-10-17,00:00,37.64,337.54,-375.97,-36.23,0
2025-10-20,00:00,1701.56,2273.82,1180.88,1745.12,0
2025-10-21,00:00,-1798.35,-1367.2,-2099.44,-1805.48,0
2025-10-22,00:00,3031.1,3330.17,2629.61,2964.84,0
2025-10-23,00:00,633.16,864.5,285.0,640.19,0
2025-10-24,00:00,620.26,949.2,226.22,510.73,0
2025-10-27,00:00,784.67,1027.58,372.54,731.9,0
2025-10-28,00:00,1586.36,2057.9,1348.33,1598.31,0
2025-10-29,00:00,2776.42,3114.46,2216.95,2732.47,0
2025-10-30,00:00,1838.1,2169.51,1349.89,1907.08,0
2025-10-31,00:00,953.42,1278.41,492.94,866.05,0
2025-11-03,00:00,2010.78,2451.93,1605.58,2020.35,0
2025-11-04,00:00,5587.91,6222.46,5090.29,5626.46,0
2025-11-05,00:00,4812.88,5297.36,4112.31,4798.27,0
2025-11-06,00:00,41.59,330.77,-299.72,-11.33,0
2025-11-07,00:00,1227.39,1495.11,954.97,1273.59,0
2025-11-10,00:00,2496.08,2822.77,2083.12,2543.01,0
2025-11-11,00:00,1771.15,2091.93,1459.36,1755.68,0
2025-11-12,00:00,1776.38,2353.15,1165.99,1734.69,0
2025-11-13,00:00,5566.54,5998.16,5117.52,5569.45,0
2025-11-14,00:00,611.84,955.62,196.09,555.09,0
2025-11-17,00:00,5399.1,5837.5,5028.82,5412.6,0
2025-11-18,00:00,2422.09,2901.57,2048.71,2442.2,0
2025-11-19,00:00,1586.25,1978.13,990.63,1550.67,0
2025-11-20,00:00,9155.77,9367.71,8837.72,9196.59,0
2025-11-21,00:00,3991.56,4291.74,3570.76,3969.7,0
2025-11-24,00:00,56.92,536.12,-526.18,55.56,0
2025-11-25,00:00,2778.41,3158.14,2290.88,2626.91,0
2025-11-26,00:00,2830.59,3109.99,2303.24,2752.43,0
2025-11-27,00:00,6972.42,7292.06,6585.15,6971.58,0
2025-11-28,00:00,6584.37,6952.86,6312.08,6592.0,0
2025-12-01,00:00,2815.85,3356.6,2248.94,2784.45,0
2025-12-02,00:00,1477.18,1922.96,1091.27,1568.32,0
2025-12-03,00:00,7162.12,7583.08,6814.93,7172.44,0
2025-12-04,00:00,5856.58,6188.24,5768.65,5933.45,0
2025-12-05,00:00,2519.06,2896.32,2084.24,2466.82,0
2025-12-08,00:00,3753.6,4224.98,3156.95,3710.04,0
2025-12-09,00:00,762.82,887.76,395.53,552.03,0
2025-12-10,00:00,3500.36,4042.58,3092.3,3554.85,0
2025-12-11,00:00,-1994.89,-1644.47,-2490.87,-2068.76,0
2025-12-12,00:00,7022.31,7198.08,6536.52,6903.29,0
2025-12-15,00:00,4670.63,4897.21,4195.55,4568.33,0
2025-12-16,00:00,809.94,1348.28,63.94,775.51,0
2025-12-17,00:00,7857.73,8262.77,7538.09,7848.24,0
2025-12-18,00:00,1212.45,1656.76,921.15,1315.91,0
2025-12-19,00:00,2810.31,3237.44,2452.6,2846.21,0
2025-12-22,00:00,2708.74,3023.25,2293.69,2665.75,0
2025-12-23,00:00,3207.33,3548.7,2759.61,3201.91,0
2025-12-24,00:00,2683.97,3136.71,2230.01,2682.11,0
2025-12-25,00:00,1840.51,2158.63,1487.43,1787.41,0
2025-12-26,00:00,5339.47,5496.81,5049.78,5346.39,0
2025-12-29,00:00,7081.32,7514.25,6625.46,7041.55,0
2025-12-30,00:00,1628.1,2007.98,1332.54,1615.61,0
2025-12-31,00:00,-2244.67,-1716.39,-2747.36,-2249.15,0
2026-01-01,00:00,4654.36,4964.88,4458.4,4610.68,0
2026-01-02,00:00,2460.13,2852.07,2087.8,2416.91,0
2026-01-05,00:00,1491.44,1824.85,1254.59,1494.81,0
2026-01-06,00:00,1819.18,2163.34,1428.08,1912.43,0
2026-01-07,00:00,1827.66,2216.05,1484.71,1788.29,0
2026-01-08,00:00,4010.06,4344.58,3672.78,4015.94,0
2026-01-09,00:00,606.7,1210.15,491.6,711.22,0
2026-01-12,00:00,5018.86,5390.88,4762.43,5014.5,0
2026-01-13,00:00,5226.09,5541.09,5125.92,5340.17,0
2026-01-14,00:00,2886.25,3416.9,2625.13,2957.16,0
2026-01-15,00:00,3427.12,3618.78,3101.29,3385.61,0
2026-01-16,00:00,-1217.13,-888.17,-1547.94,-1230.33,0
2026-01-19,00:00,2459.87,2766.84,2073.69,2483.21,0
2026-01-20,00:00,5006.34,5382.43,4547.05,4992.13,0
2026-01-21,00:00,6552.02,7271.67,6182.72,6598.88,0
2026-01-22,00:00,2970.83,3459.52,2765.19,3077.93,0
2026-01-23,00:00,3150.99,3519.97,2729.29,3135.72,0
2026-01-26,00:00,156.13,181.0,-259.03,19.91,0
2026-01-27,00:00,4507.49,4999.74,3714.32,4400.98,0
2026-01-28,00:00,375.43,790.28,63.48,438.94,0
2026-01-29,00:00,5569.12,6004.24,5109.79,5506.77,0
2026-01-30,00:00,4495.56,4979.66,4198.14,4532.54,0
2026-02-02,00:00,3072.57,3313.38,2546.28,2987.0,0
2026-02-03,00:00,2094.22,2503.23,1597.28,1978.72,0
2026-02-04,00:00,9455.64,9829.11,9111.48,9466.67,0
2026-02-05,00:00,858.8,1313.31,368.46,875.08,0
2026-02-06,00:00,1495.13,1801.35,1180.06,1493.67,0
2026-02-09,00:00,6758.54,7148.23,6416.04,6876.59,0
2026-02-10,00:00,652.62,780.86,126.37,511.61,0
2026-02-11,00:00,7299.21,7803.72,6849.54,7351.02,0
2026-02-12,00:00,-1539.3,-1126.92,-1787.58,-1545.02,0
2026-02-13,00:00,7945.91,8364.96,7519.34,7894.34,0
2026-02-16,00:00,1910.06,2195.09,1549.42,1777.39,0
2026-02-17,00:00,2934.86,3327.68,2571.22,2881.6,0
2026-02-18,00:00,1544.87,1845.77,929.63,1414.83,0
2026-02-19,00:00,4664.79,5190.04,4480.19,4780.18,0
2026-02-20,00:00,4940.98,5171.07,4641.46,4862.41,0
2026-02-23,00:00,-1272.62,-853.99,-1848.59,-1367.21,0
2026-02-24,00:00,3030.68,3357.52,2709.42,2992.48,0
2026-02-25,00:00,2694.22,2895.34,2318.79,2685.24,0
2026-02-26,00:00,-2711.43,-2301.45,-2987.5,-2722.11,0
2026-02-27,00:00,-2200.06,-1873.05,-2314.14,-2127.84,0
2026-03-02,00:00,6272.14,6299.09,6002.98,6212.99,0
2026-03-03,00:00,2920.99,3331.34,2776.43,2966.22,0
2026-03-04,00:00,350.42,757.32,26.79,386.4,0
2026-03-05,00:00,4937.52,5370.42,4669.87,4982.87,0
2026-03-06,00:00,6737.81,7120.16,6458.69,6813.65,0
2026-03-09,00:00,5056.77,5388.81,4574.36,4995.35,0
2026-03-10,00:00,832.57,1348.53,661.92,904.66,0
2026-03-11,00:00,261.02,624.03,-101.91,230.62,0
2026-03-12,00:00,1600.1,1943.78,1315.36,1664.41,0
2026-03-13,00:00,646.61,1101.85,293.6,684.78,0
2026-03-16,00:00,3998.6,4419.3,3540.77,4044.7,0
2026-03-17,00:00,-639.54,-371.13,-956.54,-665.08,0
2026-03-18,00:00,4412.68,4952.47,3905.43,4504.46,0
2026-03-19,00:00,5293.83,5822.06,4817.24,5226.42,0
2026-03-20,00:00,3179.36,3550.07,2818.61,3099.47,0
2026-03-23,00:00,3087.99,3298.04,2622.81,2946.56,0
2026-03-24,00:00,883.28,1312.83,678.74,952.14,0
2026-03-25,00:00,1186.42,1313.58,719.01,1074.33,0
2026-03-26,00:00,6381.32,6767.27,6006.28,6347.87,0
2026-03-27,00:00,3961.45,4295.59,3614.73,3888.78,0
2026-03-30,00:00,-1942.29,-1509.97,-2390.47,-1924.58,0
2026-03-31,00:00,4664.33,5176.39,4361.57,4736.03,0
2026-04-01,00:00,3947.73,4200.6,3329.6,3768.56,0
2026-04-02,00:00,664.1,958.68,188.79,574.41,0
2026-04-03,00:00,3408.71,3894.27,2912.5,3433.42,0
2026-04-06,00:00,-280.05,-52.76,-751.94,-382.83,0
2026-04-07,00:00,928.63,1243.68,559.22,949.38,0
2026-04-08,00:00,3345.91,3846.98,2963.52,3281.23,0
2026-04-09,00:00,933.29,1395.06,715.08,1045.13,0
2026-04-10,00:00,781.49,1202.92,329.47,717.79,0
2026-04-13,00:00,2261.7,2660.43,1708.58,2119.89,0
2026-04-14,00:00,4124.59,4587.45,3835.51,4180.28,0
2026-04-15,00:00,3033.3,3312.35,2704.2,3018.07,0
2026-04-16,00:00,2051.14,2374.98,1872.9,2094.41,0
2026-04-17,00:00,-393.97,-177.77,-759.62,-475.41,0
2026-04-20,00:00,1567.56,1862.8,1480.69,1629.94,0
2026-04-21,00:00,6236.19,6792.28,6201.22,6371.83,0
2026-04-22,00:00,103.91,258.98,-455.72,-41.53,0
2026-04-23,00:00,5678.75,6129.33,5332.88,5664.07,0
2026-04-24,00:00,2841.8,3286.67,2692.68,2916.75,0
2026-04-27,00:00,-854.51,-528.47,-958.26,-851.21,0
2026-04-28,00:00,1086.29,1494.09,790.79,1107.11,0
2026-04-29,00:00,1268.81,1726.44,975.41,1410.27,0
2026-04-30,00:00,2079.57,2342.18,1646.84,1999.99,0
2026-05-01,00:00,753.64,1281.18,382.15,782.21,0
2026-05-04,00:00,8184.87,8618.83,7810.25,8110.24,0
2026-05-05,00:00,3101.12,3425.1,2637.84,3026.56,0
2026-05-06,00:00,1153.95,1384.14,630.18,1044.15,0
2026-05-07,00:00,1956.78,2308.74,1813.61,2003.18,0
2026-05-08,00:00,4373.35,4609.91,4075.03,4417.0,0
2026-05-11,00:00,1306.71,1620.86,1001.27,1281.61,0
2026-05-12,00:00,2080.66,2642.0,1392.84,2029.22,0
2026-05-13,00:00,2046.19,2303.31,1623.79,2024.41,0
2026-05-14,00:00,2390.9,2692.14,2171.65,2401.91,0
2026-05-15,00:00,3697.75,4182.88,3490.63,3856.65,0
2026-05-18,00:00,-3285.69,-2797.34,-3714.15,-3351.33,0
2026-05-19,00:00,911.99,1503.28,368.6,1027.76,0
2026-05-20,00:00,4130.65,4312.08,3730.16,4010.62,0
2026-05-21,00:00,-4438.44,-4212.74,-4665.79,-4379.09,0
2026-05-22,00:00,3445.66,4248.38,3075.97,3615.42,0
2026-05-25,00:00,-2088.19,-1657.38,-2465.42,-1973.58,0
2026-05-26,00:00,5534.24,5975.62,5206.26,5506.01,0
2026-05-27,00:00,3299.07,3714.24,2824.64,3350.67,0
2026-05-28,00:00,3045.21,3198.93,2912.61,3034.1,0
2026-05-29,00:00,4040.0,4432.95,3832.11,4112.96,0
2026-06-01,00:00,991.82,1524.04,685.44,1105.98,0
2026-06-02,00:00,2292.77,2429.06,1656.9,2134.89,0
2026-06-03,00:00,1488.34,1847.51,1012.95,1383.34,0
2026-06-04,00:00,5289.7,5492.31,4788.85,5130.17,0
2026-06-05,00:00,1174.67,1364.78,899.75,1169.48,0
2026-06-08,00:00,1138.98,1807.39,680.22,1262.88,0
2026-06-09,00:00,3980.82,4284.27,3455.85,3982.33,0
2026-06-10,00:00,1825.49,1999.81,1399.83,1632.87,0
2026-06-11,00:00,1520.9,1767.12,1281.89,1503.4,0
2026-06-12,00:00,1456.83,1954.1,1349.4,1601.45,0
2026-06-15,00:00,2272.24,2673.25,1900.93,2286.65,0
2026-06-16,00:00,3505.96,3832.18,3325.7,3485.47,0
2026-06-17,00:00,593.51,1031.51,71.64,555.78,0
2026-06-18,00:00,5086.53,5484.76,4984.13,5159.92,0
2026-06-19,00:00,1898.76,2364.18,1394.65,1922.66,0
2026-06-22,00:00,2473.07,2769.55,2264.68,2539.62,0
2026-06-23,00:00,5187.14,5771.05,4869.49,5192.77,0
2026-06-24,00:00,2079.46,2409.03,1870.56,2125.49,0
2026-06-25,00:00,4379.9,4715.68,4059.69,4285.39,0
