Date,Time,Open,High,Low,Close,Volume
2000-01-03,00:00,310.51,869.08,34.22,342.73,0
2000-01-04,00:00,334.69,737.55,33.25,353.47,0
2000-01-05,00:00,-266.02,-107.26,-802.89,-475.07,0
2000-01-06,00:00,27.66,522.87,-741.77,-103.68,0
2000-01-07,00:00,137.46,632.78,-10.46,221.42,0
2000-01-10,00:00,-288.88,57.51,-802.7,-311.7,0
2000-01-11,00:00,70.59,570.61,-508.4,84.29,0
2000-01-12,00:00,-55.18,204.97,-510.26,-134.86,0
2000-01-13,00:00,-43.12,322.03,-221.37,162.35,0
2000-01-14,00:00,-21.94,525.48,-209.25,153.11,0
2000-01-17,00:00,231.46,579.35,-163.66,242.75,0
2000-01-18,00:00,-111.28,291.98,-346.28,-99.46,0
2000-01-19,00:00,171.04,422.48,-246.56,123.25,0
2000-01-20,00:00,6.38,245.55,-520.47,-124.55,0
2000-01-21,00:00,16.86,477.01,-394.11,13.11,0
2000-01-24,00:00,24.63,359.57,-675.7,-226.59,0
2000-01-25,00:00,215.13,768.71,-406.08,180.35,0
2000-01-26,00:00,62.38,460.89,-345.04,55.51,0
2000-01-27,00:00,49.34,300.06,-269.37,27.86,0
2000-01-28,00:00,-208.38,203.93,-608.01,-145.55,0
2000-01-31,00:00,208.63,625.16,-66.2,161.57,0
2000-02-01,00:00,-327.69,260.81,-778.18,-328.03,0
2000-02-02,00:00,-236.6,247.26,-664.72,-220.12,0
2000-02-03,00:00,245.97,585.86,-179.78,218.1,0
2000-02-04,00:00,113.66,162.35,-172.07,-32.19,0
2000-02-07,00:00,-20.38,731.9,-259.22,202.05,0
2000-02-08,00:00,-100.91,228.91,-445.79,4.59,0
2000-02-09,00:00,-88.29,389.47,-349.66,-45.51,0
2000-02-10,00:00,143.96,827.52,-183.8,254.36,0
2000-02-11,00:00,103.58,397.32,-254.6,84.73,0
2000-02-14,00:00,47.19,475.56,-458.21,-21.58,0
2000-02-15,00:00,83.18,813.61,-446.61,196.0,0
2000-02-16,00:00,154.79,530.38,-522.16,94.74,0
2000-02-17,00:00,175.18,829.22,-163.61,181.7,0
2000-02-18,00:00,-199.85,-31.07,-1047.52,-511.68,0
2000-02-21,00:00,-385.22,123.41,-916.79,-448.32,0
2000-02-22,00:00,42.7,636.51,-345.15,158.26,0
2000-02-23,00:00,43.19,454.84,-276.2,64.19,0
2000-02-24,00:00,271.3,696.04,-210.97,368.83,0
2000-02-25,00:00,-27.05,587.08,-53.36,256.11,0
2000-02-28,00:00,-50.27,433.64,-514.68,-103.64,0
2000-02-29,00:00,-105.0,286.89,-458.07,-74.22,0
2000-03-01,00:00,425.79,875.54,-61.3,310.27,0
2000-03-02,00:00,65.99,204.29,-390.04,-53.48,0
2000-03-03,00:00,104.46,585.59,-238.76,101.13,0
2000-03-06,00:00,216.85,790.16,-240.66,280.26,0
2000-03-07,00:00,-38.76,237.27,-471.38,-104.39,0
2000-03-08,00:00,281.72,1024.13,-314.05,428.3,0
2000-03-09,00:00,421.46,803.74,-72.33,444.53,0
2000-03-10,00:00,-381.21,-169.34,-869.02,-428.67,0
2000-03-13,00:00,409.4,820.94,59.95,488.92,0
2000-03-14,00:00,69.69,452.31,-172.79,82.38,0
2000-03-15,00:00,95.66,308.14,-456.7,-54.39,0
2000-03-16,00:00,226.49,581.1,-376.15,240.97,0
2000-03-17,00:00,69.48,508.52,-371.16,-19.19,0
2000-03-20,00:00,82.05,598.9,-248.73,80.42,0
2000-03-21,00:00,64.99,346.2,-412.14,-27.16,0
2000-03-22,00:00,42.82,273.1,-283.93,-6.9,0
2000-03-23,00:00,106.24,695.78,-434.55,181.61,0
2000-03-24,00:00,110.69,531.18,-255.18,107.52,0
2000-03-27,00:00,100.72,770.62,-162.68,308.42,0
2000-03-28,00:00,79.79,771.22,-153.4,212.09,0
2000-03-29,00:00,-159.54,416.69,-762.6,-84.41,0
2000-03-30,00:00,-61.23,457.51,-405.59,8.82,0
2000-03-31,00:00,224.65,474.86,-516.19,86.34,0
2000-04-03,00:00,-87.44,296.31,-318.08,50.01,0
2000-04-04,00:00,12.04,289.38,-426.27,-91.02,0
2000-04-05,00:00,303.76,897.94,-44.33,383.48,0
2000-04-06,00:00,-65.44,281.03,-353.77,-55.97,0
2000-04-07,00:00,168.01,612.3,-349.81,131.85,0
2000-04-10,00:00,73.28,273.24,-396.24,-119.1,0
2000-04-11,00:00,181.35,889.29,-293.25,225.08,0
2000-04-12,00:00,440.25,788.49,48.48,336.1,0
2000-04-13,00:00,147.33,545.2,-190.94,95.86,0
2000-04-14,00:00,102.0,626.71,-487.35,145.78,0
2000-04-17,00:00,-22.3,232.1,-684.32,-184.11,0
2000-04-18,00:00,-210.71,209.43,-588.98,-213.14,0
2000-04-19,00:00,209.01,510.19,-39.61,154.32,0
2000-04-20,00:00,467.12,1047.95,-14.04,549.21,0
2000-04-21,00:00,-20.26,667.37,-453.18,211.92,0
2000-04-24,00:00,133.13,419.31,-54.91,282.62,0
2000-04-25,00:00,156.55,421.39,-346.37,99.32,0
2000-04-26,00:00,-5.6,621.86,-424.05,119.14,0
2000-04-27,00:00,414.44,627.59,346.16,460.21,0
2000-04-28,00:00,-46.9,315.52,-586.0,-146.59,0
2000-05-01,00:00,264.09,615.47,-17.33,224.89,0
2000-05-02,00:00,46.96,430.01,-376.2,-17.05,0
2000-05-03,00:00,107.24,363.51,9.06,227.71,0
2000-05-04,00:00,58.59,380.61,-435.57,44.98,0
2000-05-05,00:00,-146.5,97.4,-523.73,-235.06,0
2000-05-08,00:00,101.23,590.39,-398.79,179.09,0
2000-05-09,00:00,123.07,442.5,-393.0,98.1,0
2000-05-10,00:00,7.57,334.93,-150.99,71.6,0
2000-05-11,00:00,48.02,497.6,-433.31,34.6,0
2000-05-12,00:00,-24.19,453.71,-256.7,28.9,0
2000-05-15,00:00,-89.42,104.62,-262.77,-115.37,0
2000-05-16,00:00,141.14,460.23,-376.87,12.67,0
2000-05-17,00:00,-3.07,458.64,-419.84,-118.07,0
2000-05-18,00:00,-165.98,338.53,-515.57,-44.51,0
2000-05-19,00:00,178.93,520.25,-223.64,210.4,0
2000-05-22,00:00,53.16,628.71,-562.49,30.5,0
2000-05-23,00:00,139.63,728.31,-252.73,167.47,0
2000-05-24,00:00,372.95,538.64,-72.04,326.67,0
2000-05-25,00:00,98.19,482.89,-345.75,-30.19,0
2000-05-26,00:00,-120.18,264.91,-738.03,-161.02,0
2000-05-29,00:00,348.22,1156.37,-52.19,400.36,0
2000-05-30,00:00,-224.33,130.13,-456.9,-245.27,0
2000-05-31,00:00,91.05,692.68,-104.88,243.27,0
2000-06-01,00:00,290.93,674.23,-234.35,213.5,0
2000-06-02,00:00,79.46,559.78,-442.05,124.07,0
2000-06-05,00:00,151.81,534.54,-338.81,78.99,0
2000-06-06,00:00,160.6,841.9,-206.26,314.7,0
2000-06-07,00:00,343.55,883.8,-32.22,350.0,0
2000-06-08,00:00,-6.89,429.85,-498.06,-55.56,0
2000-06-09,00:00,111.83,602.38,-239.39,180.45,0
2000-06-12,00:00,238.24,747.92,-137.42,289.37,0
2000-06-13,00:00,51.86,373.06,-561.23,-112.16,0
2000-06-14,00:00,178.82,447.85,-54.43,170.13,0
2000-06-15,00:00,185.67,414.76,-190.43,1.67,0
2000-06-16,00:00,-46.85,485.97,-546.49,-50.97,0
2000-06-19,00:00,206.83,513.85,-341.97,96.77,0
2000-06-20,00:00,-242.62,124.67,-791.21,-311.85,0
2000-06-21,00:00,-70.07,406.95,-615.86,-156.16,0
2000-06-22,00:00,240.04,394.01,-249.81,141.75,0
2000-06-23,00:00,208.59,748.07,-161.73,276.69,0
2000-06-26,00:00,179.02,619.57,-164.36,152.5,0
2000-06-27,00:00,123.55,596.02,-356.19,67.28,0
2000-06-28,00:00,91.74,666.57,-370.84,81.2,0
2000-06-29,00:00,75.33,384.7,-297.26,77.41,0
2000-06-30,00:00,203.87,476.43,-293.08,213.69,0
2000-07-03,00:00,85.03,463.39,-196.99,54.43,0
2000-07-04,00:00,-70.15,410.06,-881.1,-160.99,0
2000-07-05,00:00,114.04,520.12,-107.6,232.4,0
2000-07-06,00:00,240.31,736.09,-159.57,405.51,0
2000-07-07,00:00,-44.82,632.45,-602.92,-47.29,0
2000-07-10,00:00,23.6,372.46,-494.9,-99.63,0
2000-07-11,00:00,18.7,464.51,-429.3,-29.61,0
2000-07-12,00:00,89.44,591.26,-339.34,56.56,0
2000-07-13,00:00,243.8,676.26,-107.69,237.31,0
2000-07-14,00:00,185.42,529.05,-229.75,161.62,0
2000-07-17,00:00,134.78,589.79,-658.29,33.4,0
2000-07-18,00:00,1.6,351.27,-249.62,-16.46,0
2000-07-19,00:00,26.12,427.14,-301.67,66.75,0
2000-07-20,00:00,-19.01,429.01,-316.99,150.0,0
2000-07-21,00:00,-19.94,372.64,-149.55,59.89,0
2000-07-24,00:00,91.34,281.15,-157.45,23.98,0
2000-07-25,00:00,169.0,405.82,-359.12,194.41,0
2000-07-26,00:00,-231.91,118.63,-817.66,-352.93,0
2000-07-27,00:00,28.63,372.07,-216.0,120.19,0
2000-07-28,00:00,102.23,504.7,-362.33,89.65,0
2000-07-31,00:00,-71.44,470.3,-633.95,-87.16,0
2000-08-01,00:00,-212.06,321.83,-651.79,-157.02,0
2000-08-02,00:00,27.2,645.87,-504.15,-79.35,0
2000-08-03,00:00,121.79,619.82,-377.14,60.49,0
2000-08-04,00:00,56.21,422.16,-303.4,38.51,0
2000-08-07,00:00,35.29,410.77,-230.87,63.09,0
2000-08-08,00:00,-109.08,384.79,-848.51,-131.45,0
2000-08-09,00:00,-160.13,329.27,-567.33,-194.68,0
2000-08-10,00:00,-20.99,309.83,-317.05,-10.22,0
2000-08-11,00:00,-87.65,127.97,-667.08,-187.86,0
2000-08-14,00:00,-68.3,557.09,-500.26,30.01,0
2000-08-15,00:00,-262.43,43.69,-700.9,-296.57,0
2000-08-16,00:00,39.31,335.16,-401.1,-19.96,0
2000-08-17,00:00,69.06,630.69,-204.33,159.81,0
2000-08-18,00:00,21.78,440.3,-547.15,75.4,0
2000-08-21,00:00,194.92,469.27,-168.81,223.65,0
2000-08-22,00:00,167.44,667.17,-465.4,164.55,0
2000-08-23,00:00,-29.02,483.95,-388.46,-35.53,0
2000-08-24,00:00,100.91,612.43,-192.52,118.46,0
2000-08-25,00:00,-6.12,407.96,-304.61,115.01,0
2000-08-28,00:00,331.59,829.38,-148.23,337.25,0
2000-08-29,00:00,-32.94,364.85,-642.92,-169.86,0
2000-08-30,00:00,337.03,823.63,-4.73,254.95,0
2000-08-31,00:00,47.44,586.99,-463.3,31.25,0
2000-09-01,00:00,-147.21,313.58,-623.57,-105.5,0
2000-09-04,00:00,31.5,445.82,-567.01,-100.55,0
2000-09-05,00:00,136.07,610.78,-513.05,101.49,0
2000-09-06,00:00,58.77,456.4,-420.02,59.63,0
2000-09-07,00:00,49.41,578.61,-379.22,141.29,0
2000-09-08,00:00,83.55,734.61,-205.93,238.4,0
2000-09-11,00:00,-34.7,344.32,-393.37,-206.25,0
2000-09-12,00:00,-30.32,335.76,-394.56,-55.79,0
2000-09-13,00:00,-23.02,309.63,-448.93,-36.25,0
2000-09-14,00:00,152.44,497.26,-216.22,130.2,0
2000-09-15,00:00,-203.23,254.08,-411.64,-74.37,0
2000-09-18,00:00,214.61,655.03,-32.02,391.2,0
2000-09-19,00:00,203.98,694.95,-45.08,323.83,0
2000-09-20,00:00,179.59,651.97,-248.09,106.66,0
2000-09-21,00:00,106.79,494.65,-349.68,168.24,0
2000-09-22,00:00,257.65,627.89,-247.28,199.56,0
2000-09-25,00:00,-79.81,272.24,-509.26,-169.15,0
2000-09-26,00:00,37.83,408.64,-236.44,53.68,0
2000-09-27,00:00,-80.18,583.23,-417.07,2.04,0
2000-09-28,00:00,-44.84,350.66,-534.06,-69.7,0
2000-09-29,00:00,70.41,610.08,-335.3,270.24,0
2000-10-02,00:00,-9.01,552.48,-38.2,140.73,0
2000-10-03,00:00,-295.64,-26.69,-632.47,-342.03,0
2000-10-04,00:00,247.53,861.28,219.03,449.09,0
2000-10-05,00:00,-11.65,286.71,-588.71,-103.7,0
2000-10-06,00:00,189.81,580.79,-319.57,205.96,0
2000-10-09,00:00,194.43,610.47,-379.92,187.47,0
2000-10-10,00:00,105.77,493.07,-87.56,172.4,0
2000-10-11,00:00,27.58,218.23,-238.81,19.38,0
2000-10-12,00:00,124.64,459.97,-310.61,126.25,0
2000-10-13,00:00,435.88,854.56,82.89,460.27,0
2000-10-16,00:00,104.27,377.88,-373.69,69.52,0
2000-10-17,00:00,-10.95,219.99,-384.05,-81.41,0
2000-10-18,00:00,71.28,730.51,-307.09,150.26,0
2000-10-19,00:00,20.12,495.93,-531.28,-30.96,0
2000-10-20,00:00,107.93,568.86,-371.15,23.1,0
2000-10-23,00:00,10.42,820.17,-550.28,145.63,0
2000-10-24,00:00,79.99,433.14,-210.39,-13.48,0
2000-10-25,00:00,112.75,517.85,-438.6,49.83,0
2000-10-26,00:00,28.76,590.94,-432.0,38.27,0
2000-10-27,00:00,81.58,437.28,-316.44,-88.67,0
2000-10-30,00:00,3.06,203.41,-508.68,-119.53,0
2000-10-31,00:00,-80.58,208.53,-302.38,-52.57,0
2000-11-01,00:00,60.92,618.49,-478.59,105.27,0
2000-11-02,00:00,151.18,590.42,-266.98,150.81,0
2000-11-03,00:00,-43.9,427.05,-424.5,-27.79,0
2000-11-06,00:00,-68.3,282.52,-470.07,-15.76,0
2000-11-07,00:00,252.67,642.42,-45.96,197.36,0
2000-11-08,00:00,-30.66,462.72,-507.13,-140.63,0
2000-11-09,00:00,-66.5,300.92,-472.35,-123.14,0
2000-11-10,00:00,84.13,619.88,-404.18,41.25,0
2000-11-13,00:00,70.56,382.13,-6.58,224.85,0
2000-11-14,00:00,-406.07,67.32,-886.9,-482.2,0
2000-11-15,00:00,20.36,279.69,-468.39,-145.69,0
2000-11-16,00:00,189.98,670.93,-250.27,201.94,0
2000-11-17,00:00,202.77,457.77,-468.45,141.49,0
2000-11-20,00:00,-57.52,235.45,-667.3,-170.62,0
2000-11-21,00:00,236.94,663.21,-268.48,192.33,0
2000-11-22,00:00,229.15,700.25,-305.45,169.92,0
2000-11-23,00:00,148.63,236.41,-242.63,52.48,0
2000-11-24,00:00,279.13,705.63,57.54,361.14,0
2000-11-27,00:00,206.69,706.82,-51.29,378.89,0
2000-11-28,00:00,212.06,645.44,-133.87,214.35,0
2000-11-29,00:00,-101.73,275.92,-585.14,-127.74,0
2000-11-30,00:00,-33.55,282.47,-429.25,-93.89,0
2000-12-01,00:00,114.08,552.81,-325.7,136.59,0
2000-12-04,00:00,17.23,557.13,-412.26,142.81,0
2000-12-05,00:00,-250.95,120.89,-611.08,-195.15,0
2000-12-06,00:00,35.91,451.81,-353.69,92.91,0
2000-12-07,00:00,104.3,249.75,-605.11,-201.75,0
2000-12-08,00:00,-108.63,232.24,-517.89,-92.45,0
2000-12-11,00:00,93.51,740.32,-472.78,112.99,0
2000-12-12,00:00,-221.06,-42.43,-488.33,-198.74,0
2000-12-13,00:00,-132.64,218.73,-445.6,-150.5,0
2000-12-14,00:00,-24.2,413.59,-518.33,39.57,0
2000-12-15,00:00,-88.76,57.4,-422.63,-194.24,0
2000-12-18,00:00,144.04,634.86,-238.68,258.5,0
2000-12-19,00:00,20.8,652.14,-362.23,86.81,0
2000-12-20,00:00,-155.71,243.57,-469.34,-83.71,0
2000-12-21,00:00,-61.84,357.14,-149.98,89.03,0
2000-12-22,00:00,170.58,423.26,-317.26,210.46,0
2000-12-25,00:00,153.86,634.13,-342.41,89.54,0
2000-12-26,00:00,-114.09,442.08,-719.55,-43.19,0
2000-12-27,00:00,108.77,396.65,-451.18,-18.74,0
2000-12-28,00:00,249.75,534.0,-181.5,200.67,0
2000-12-29,00:00,-186.6,207.84,-552.64,-84.26,0
2001-01-01,00:00,34.88,524.37,-539.25,6.59,0
2001-01-02,00:00,33.38,792.11,-658.65,64.79,0
2001-01-03,00:00,283.27,974.09,-53.79,437.17,0
2001-01-04,00:00,-117.43,21.67,-643.18,-264.73,0
2001-01-05,00:00,181.89,250.8,-277.35,-24.46,0
2001-01-08,00:00,-120.81,354.39,-541.36,-185.95,0
2001-01-09,00:00,171.7,724.51,-360.25,110.34,0
2001-01-10,00:00,234.27,771.84,-56.96,358.06,0
2001-01-11,00:00,-90.26,269.2,-749.02,-189.37,0
2001-01-12,00:00,-25.15,167.51,-606.31,-73.65,0
2001-01-15,00:00,291.91,601.8,-355.56,278.69,0
2001-01-16,00:00,25.92,488.93,-518.2,-41.86,0
2001-01-17,00:00,5.87,381.62,-507.0,-106.12,0
2001-01-18,00:00,-30.54,736.93,-384.97,82.6,0
2001-01-19,00:00,-10.05,397.14,-509.49,-44.72,0
2001-01-22,00:00,204.0,529.66,-520.61,85.95,0
2001-01-23,00:00,-139.52,213.21,-661.23,-193.22,0
2001-01-24,00:00,183.86,440.47,-149.27,168.83,0
2001-01-25,00:00,-158.87,273.65,-369.97,-46.41,0
2001-01-26,00:00,79.22,496.9,-414.24,52.07,0
2001-01-29,00:00,-89.44,156.4,-178.4,-17.94,0
2001-01-30,00:00,161.34,532.03,-688.47,37.23,0
2001-01-31,00:00,155.6,599.85,-141.03,178.34,0
2001-02-01,00:00,273.04,729.03,-70.9,259.09,0
2001-02-02,00:00,83.27,410.32,-338.97,-71.64,0
2001-02-05,00:00,-49.63,429.46,-467.26,-90.7,0
2001-02-06,00:00,179.19,553.91,-227.81,186.92,0
2001-02-07,00:00,424.57,1013.15,143.65,422.24,0
2001-02-08,00:00,-65.25,224.65,-617.5,-219.13,0
2001-02-09,00:00,-151.88,488.07,-467.5,-87.8,0
2001-02-12,00:00,118.49,525.24,-237.86,119.08,0
2001-02-13,00:00,6.35,182.11,-324.87,38.62,0
2001-02-14,00:00,116.05,530.45,-55.13,195.16,0
2001-02-15,00:00,81.03,330.93,-496.35,90.46,0
2001-02-16,00:00,280.63,546.0,-48.21,206.25,0
2001-02-19,00:00,-202.3,14.68,-643.36,-168.86,0
2001-02-20,00:00,295.69,868.56,-283.28,291.85,0
2001-02-21,00:00,-322.69,136.25,-950.74,-302.05,0
2001-02-22,00:00,110.57,471.96,-389.32,104.64,0
2001-02-23,00:00,-48.04,190.08,-172.29,-58.96,0
2001-02-26,00:00,121.0,590.18,-491.56,96.85,0
2001-02-27,00:00,88.56,622.96,-451.22,54.58,0
2001-02-28,00:00,-60.97,238.24,-649.73,-147.61,0
2001-03-01,00:00,-46.96,105.27,-361.26,-117.63,0
2001-03-02,00:00,-137.61,113.66,-489.28,-165.4,0
2001-03-05,00:00,176.88,684.7,168.2,406.9,0
2001-03-06,00:00,106.01,726.14,-268.98,132.6,0
2001-03-07,00:00,109.73,446.74,-45.91,128.63,0
2001-03-08,00:00,-66.26,257.17,-556.12,-27.4,0
2001-03-09,00:00,-44.87,343.6,-345.4,32.66,0
2001-03-12,00:00,479.75,897.47,59.78,487.46,0
2001-03-13,00:00,-191.57,133.6,-641.56,-265.32,0
2001-03-14,00:00,180.52,375.14,-345.97,11.55,0
2001-03-15,00:00,289.38,609.93,-257.11,263.28,0
2001-03-16,00:00,284.49,417.25,38.34,318.32,0
2001-03-19,00:00,11.95,410.96,-355.68,-49.97,0
2001-03-20,00:00,-229.23,214.1,-579.13,-175.08,0
2001-03-21,00:00,-136.74,399.03,-767.23,-141.88,0
2001-03-22,00:00,43.94,126.83,-356.74,8.98,0
2001-03-23,00:00,-52.94,221.34,-537.64,-22.75,0
2001-03-26,00:00,303.79,887.56,-19.76,427.32,0
2001-03-27,00:00,82.42,450.54,-444.4,43.38,0
2001-03-28,00:00,60.88,300.32,-549.75,-64.42,0
2001-03-29,00:00,382.36,872.54,163.7,380.28,0
2001-03-30,00:00,-115.78,507.26,-584.42,-85.3,0
2001-04-02,00:00,116.97,370.56,-71.17,140.83,0
2001-04-03,00:00,60.76,546.95,-331.95,20.59,0
2001-04-04,00:00,246.73,460.74,-220.57,249.14,0
2001-04-05,00:00,27.41,252.53,-341.99,19.53,0
2001-04-06,00:00,-115.74,507.91,-476.94,-34.07,0
2001-04-09,00:00,-94.47,255.12,-668.95,-134.98,0
2001-04-10,00:00,121.4,582.45,-287.72,230.71,0
2001-04-11,00:00,79.52,558.22,-477.26,32.5,0
2001-04-12,00:00,263.92,755.8,-112.28,318.59,0
2001-04-13,00:00,-35.66,504.08,-415.73,-43.92,0
2001-04-16,00:00,260.28,847.35,-75.84,368.28,0
2001-04-17,00:00,-7.59,418.59,-472.1,10.69,0
2001-04-18,00:00,3.64,424.51,-463.9,75.98,0
2001-04-19,00:00,81.81,497.73,-288.48,84.05,0
2001-04-20,00:00,134.53,555.32,-407.96,117.75,0
2001-04-23,00:00,-28.57,465.09,-283.04,56.05,0
2001-04-24,00:00,139.62,608.35,-272.03,111.07,0
2001-04-25,00:00,-297.52,77.29,-594.64,-198.19,0
2001-04-26,00:00,43.74,305.06,-311.34,44.74,0
2001-04-27,00:00,-2.87,386.78,-543.2,-96.24,0
2001-04-30,00:00,-300.52,167.12,-837.09,-374.86,0
2001-05-01,00:00,180.13,381.04,-454.36,143.22,0
2001-05-02,00:00,189.02,596.07,-405.08,140.78,0
2001-05-03,00:00,-205.89,223.62,-703.26,-268.92,0
2001-05-04,00:00,276.42,722.96,-322.6,223.49,0
2001-05-07,00:00,-30.65,224.49,-521.45,-76.14,0
2001-05-08,00:00,-32.62,307.48,-617.47,-216.39,0
2001-05-09,00:00,-60.35,541.52,-421.8,72.09,0
2001-05-10,00:00,187.98,572.35,-263.75,196.14,0
2001-05-11,00:00,-0.36,443.26,-354.89,55.4,0
2001-05-14,00:00,40.76,579.6,-621.08,-27.84,0
2001-05-15,00:00,134.97,616.69,-251.34,210.21,0
2001-05-16,00:00,157.94,858.04,-473.39,191.09,0
2001-05-17,00:00,234.58,737.09,-192.4,221.73,0
2001-05-18,00:00,309.49,689.76,-54.05,403.89,0
2001-05-21,00:00,-57.65,523.86,-703.62,-57.06,0
2001-05-22,00:00,-132.98,194.93,-693.77,-244.67,0
2001-05-23,00:00,-5.24,230.72,-555.64,-21.42,0
2001-05-24,00:00,-81.46,442.55,-629.8,-41.74,0
2001-05-25,00:00,28.95,472.55,-449.09,-19.04,0
2001-05-28,00:00,-11.11,386.64,-564.77,-11.88,0
2001-05-29,00:00,203.07,758.26,-177.06,274.78,0
2001-05-30,00:00,119.71,755.29,-301.87,175.36,0
2001-05-31,00:00,335.54,826.46,-209.12,425.94,0
2001-06-01,00:00,347.14,1075.84,-169.86,423.2,0
2001-06-04,00:00,129.86,730.07,-413.83,171.94,0
2001-06-05,00:00,-247.16,128.61,-636.11,-174.56,0
2001-06-06,00:00,-139.84,286.97,-272.05,22.57,0
2001-06-07,00:00,187.85,519.94,-230.19,108.96,0
2001-06-08,00:00,89.56,493.92,-339.17,129.84,0
2001-06-11,00:00,99.58,362.41,-463.01,35.23,0
2001-06-12,00:00,201.62,507.84,-220.06,92.12,0
2001-06-13,00:00,174.35,594.18,-178.53,125.6,0
2001-06-14,00:00,235.97,456.1,-306.63,117.13,0
2001-06-15,00:00,19.17,237.6,-651.15,-124.33,0
2001-06-18,00:00,-310.43,-43.41,-1029.03,-518.15,0
2001-06-19,00:00,-92.92,247.37,-482.6,-156.42,0
2001-06-20,00:00,136.14,532.99,-158.86,174.75,0
2001-06-21,00:00,-44.92,589.0,-137.26,192.3,0
2001-06-22,00:00,-146.66,367.2,-446.12,42.36,0
2001-06-25,00:00,14.63,645.86,-491.64,123.86,0
2001-06-26,00:00,52.97,465.35,-266.46,20.8,0
2001-06-27,00:00,124.61,249.71,-190.11,181.35,0
2001-06-28,00:00,11.66,626.84,-467.14,89.98,0
2001-06-29,00:00,-139.26,432.98,-422.5,-44.76,0
2001-07-02,00:00,7.91,362.59,-505.18,-73.26,0
2001-07-03,00:00,44.31,311.38,-224.7,30.43,0
2001-07-04,00:00,-244.75,185.09,-737.38,-298.36,0
2001-07-05,00:00,333.76,1019.93,-25.79,533.79,0
2001-07-06,00:00,28.55,322.34,-340.45,188.5,0
2001-07-09,00:00,122.29,626.96,-19.98,196.48,0
2001-07-10,00:00,-2.39,599.13,-293.71,222.91,0
2001-07-11,00:00,-7.2,509.39,-515.62,58.46,0
2001-07-12,00:00,121.71,572.74,-374.72,55.62,0
2001-07-13,00:00,235.19,581.17,-319.53,137.91,0
2001-07-16,00:00,-20.06,421.92,-310.13,33.04,0
2001-07-17,00:00,-77.16,390.4,-534.17,-90.29,0
2001-07-18,00:00,396.02,867.54,3.12,431.38,0
2001-07-19,00:00,51.86,526.05,-780.24,-97.95,0
2001-07-20,00:00,-54.1,314.27,-578.2,-43.0,0
2001-07-23,00:00,-124.67,205.81,-381.15,-126.72,0
2001-07-24,00:00,203.13,405.5,33.71,233.21,0
2001-07-25,00:00,205.55,588.82,-111.5,272.78,0
2001-07-26,00:00,-198.02,120.82,-632.21,-273.2,0
2001-07-27,00:00,164.87,494.35,-76.9,125.29,0
2001-07-30,00:00,78.6,751.81,-405.21,129.81,0
2001-07-31,00:00,-31.78,415.77,-710.34,-50.21,0
2001-08-01,00:00,184.81,541.92,-325.85,178.5,0
2001-08-02,00:00,15.95,454.08,-403.12,-36.54,0
2001-08-03,00:00,-65.22,299.34,-332.18,15.53,0
2001-08-06,00:00,85.1,533.28,-459.75,60.29,0
2001-08-07,00:00,66.42,485.01,-515.68,63.22,0
2001-08-08,00:00,183.3,364.21,-418.77,37.95,0
2001-08-09,00:00,94.2,584.04,-434.18,80.08,0
2001-08-10,00:00,155.66,307.34,-321.04,-4.11,0
2001-08-13,00:00,-5.56,552.15,-178.71,167.03,0
2001-08-14,00:00,-32.16,334.11,-644.88,-66.54,0
2001-08-15,00:00,76.92,286.24,-99.47,192.32,0
2001-08-16,00:00,100.42,672.73,-125.94,250.95,0
2001-08-17,00:00,319.34,749.23,-241.34,271.92,0
2001-08-20,00:00,-116.28,182.44,-321.79,-91.58,0
2001-08-21,00:00,347.91,829.85,-193.33,338.89,0
2001-08-22,00:00,-237.9,79.94,-677.81,-249.79,0
2001-08-23,00:00,197.59,638.45,-279.26,174.81,0
2001-08-24,00:00,-111.78,638.91,-575.45,-21.96,0
2001-08-27,00:00,83.43,483.86,-351.38,24.39,0
2001-08-28,00:00,43.13,603.08,-480.72,64.6,0
2001-08-29,00:00,-142.4,162.28,-395.51,-138.65,0
2001-08-30,00:00,128.52,502.54,-288.74,70.97,0
2001-08-31,00:00,-17.5,263.07,-312.51,-34.97,0
2001-09-03,00:00,238.46,552.44,-189.18,121.89,0
2001-09-04,00:00,142.73,561.8,-438.4,-3.36,0
2001-09-05,00:00,179.52,673.91,-153.56,338.01,0
2001-09-06,00:00,93.58,554.84,-416.65,51.09,0
2001-09-07,00:00,194.71,661.2,-252.77,212.23,0
2001-09-10,00:00,173.68,775.68,-339.22,317.29,0
2001-09-11,00:00,251.24,700.22,7.5,347.93,0
2001-09-12,00:00,-19.67,458.19,-734.73,-137.36,0
2001-09-13,00:00,-2.63,601.55,-402.52,18.17,0
2001-09-14,00:00,87.32,644.79,-197.4,261.32,0
2001-09-17,00:00,155.66,597.85,-225.84,230.98,0
2001-09-18,00:00,-133.2,107.3,-715.12,-262.21,0
2001-09-19,00:00,-121.45,410.5,-518.09,-36.4,0
2001-09-20,00:00,201.41,380.71,-171.89,193.64,0
2001-09-21,00:00,128.19,698.54,-351.99,245.33,0
2001-09-24,00:00,-29.6,144.03,-395.24,-76.19,0
2001-09-25,00:00,-139.29,338.03,-632.74,-119.1,0
2001-09-26,00:00,-175.92,251.89,-435.51,-133.3,0
2001-09-27,00:00,15.96,239.73,-193.68,14.72,0
2001-09-28,00:00,60.85,395.21,-304.24,-24.21,0
2001-10-01,00:00,223.74,665.43,-219.94,148.72,0
2001-10-02,00:00,49.59,540.86,-624.59,-7.77,0
2001-10-03,00:00,107.12,628.32,-461.6,24.28,0
2001-10-04,00:00,-194.82,58.43,-627.47,-294.8,0
2001-10-05,00:00,82.75,566.63,-110.44,120.0,0
2001-10-08,00:00,-23.98,579.25,-564.31,-52.81,0
2001-10-09,00:00,211.46,871.11,-365.36,239.2,0
2001-10-10,00:00,172.95,458.84,-134.59,139.26,0
2001-10-11,00:00,-152.75,342.46,-539.77,-156.64,0
2001-10-12,00:00,185.88,534.29,-273.33,175.11,0
2001-10-15,00:00,331.52,969.79,-178.83,439.74,0
2001-10-16,00:00,154.23,699.67,-234.18,260.9,0
2001-10-17,00:00,17.28,300.16,-516.62,-92.31,0
2001-10-18,00:00,-34.38,347.64,-344.03,127.71,0
2001-10-19,00:00,114.01,558.44,-531.69,99.57,0
2001-10-22,00:00,-128.63,562.3,-719.97,-75.45,0
2001-10-23,00:00,-67.69,33.98,-524.11,-200.34,0
2001-10-24,00:00,316.26,651.34,158.48,414.96,0
2001-10-25,00:00,-147.54,281.73,-584.8,-77.02,0
2001-10-26,00:00,-187.73,87.77,-531.67,-215.22,0
2001-10-29,00:00,210.02,469.55,-316.93,96.04,0
2001-10-30,00:00,252.81,292.73,-277.84,62.11,0
2001-10-31,00:00,9.4,231.47,-530.06,-170.37,0
2001-11-01,00:00,15.43,659.19,-383.37,68.3,0
2001-11-02,00:00,99.15,579.16,-355.43,124.04,0
2001-11-05,00:00,31.92,475.36,-281.94,83.51,0
2001-11-06,00:00,-18.61,674.74,-327.55,98.32,0
2001-11-07,00:00,323.07,661.01,78.73,291.26,0
2001-11-08,00:00,179.46,696.35,-240.86,143.27,0
2001-11-09,00:00,276.33,523.61,-139.03,218.57,0
2001-11-12,00:00,148.06,527.41,-530.45,122.3,0
2001-11-13,00:00,323.4,911.8,-268.67,362.77,0
2001-11-14,00:00,160.32,489.03,-97.19,200.46,0
2001-11-15,00:00,125.84,432.7,-115.38,97.29,0
2001-11-16,00:00,228.79,787.11,-316.62,287.48,0
2001-11-19,00:00,153.45,847.91,-364.8,205.68,0
2001-11-20,00:00,302.37,777.43,-68.03,431.92,0
2001-11-21,00:00,-45.71,470.08,-668.13,-86.09,0
2001-11-22,00:00,-31.85,337.71,-508.4,-156.68,0
2001-11-23,00:00,166.6,500.44,-301.41,191.35,0
2001-11-26,00:00,126.08,853.88,-48.93,323.58,0
2001-11-27,00:00,195.96,766.31,-144.87,331.24,0
2001-11-28,00:00,23.87,554.95,-421.34,52.6,0
2001-11-29,00:00,241.86,411.23,-52.66,192.78,0
2001-11-30,00:00,49.74,267.09,-140.92,-2.06,0
2001-12-03,00:00,-78.18,221.91,-475.88,-63.16,0
2001-12-04,00:00,3.71,340.87,-338.7,5.9,0
2001-12-05,00:00,195.71,800.82,77.35,372.86,0
2001-12-06,00:00,-20.29,596.75,-590.15,-45.09,0
2001-12-07,00:00,115.45,469.26,-218.44,100.71,0
2001-12-10,00:00,151.56,622.54,-172.71,199.47,0
2001-12-11,00:00,174.88,806.92,-385.95,217.05,0
2001-12-12,00:00,327.16,713.9,-228.65,255.49,0
2001-12-13,00:00,115.85,805.3,-151.68,243.15,0
2001-12-14,00:00,195.15,470.43,-217.14,117.26,0
2001-12-17,00:00,194.49,375.78,-361.52,8.23,0
2001-12-18,00:00,42.2,452.33,-285.32,12.62,0
2001-12-19,00:00,66.85,507.88,-317.97,35.7,0
2001-12-20,00:00,206.99,861.89,-260.03,285.66,0
2001-12-21,00:00,7.6,609.62,-415.7,-17.41,0
2001-12-24,00:00,-17.44,394.88,-404.11,13.53,0
2001-12-25,00:00,83.29,294.14,-159.43,75.78,0
2001-12-26,00:00,5.95,546.22,-500.45,43.48,0
2001-12-27,00:00,55.93,371.04,-424.47,21.5,0
2001-12-28,00:00,92.9,345.0,-8.49,148.9,0
2001-12-31,00:00,29.19,472.36,-476.89,90.96,0
2002-01-01,00:00,259.19,467.92,-185.17,195.31,0
2002-01-02,00:00,32.91,515.25,-396.18,61.0,0
2002-01-03,00:00,194.21,769.94,-234.7,241.61,0
2002-01-04,00:00,32.24,174.15,-59.68,158.25,0
2002-01-07,00:00,372.38,858.15,90.15,344.88,0
2002-01-08,00:00,136.16,457.28,-355.86,146.3,0
2002-01-09,00:00,156.84,615.15,-307.58,152.33,0
2002-01-10,00:00,-29.32,404.43,-598.53,-60.73,0
2002-01-11,00:00,-48.77,296.3,-614.83,-84.41,0
2002-01-14,00:00,68.19,336.68,-491.34,-50.21,0
2002-01-15,00:00,420.49,891.62,118.98,530.74,0
2002-01-16,00:00,417.68,703.15,47.61,457.16,0
2002-01-17,00:00,223.53,645.78,-62.78,202.25,0
2002-01-18,00:00,0.8,437.97,-262.37,8.51,0
2002-01-21,00:00,199.26,755.6,-19.32,287.92,0
2002-01-22,00:00,142.06,557.56,-324.03,218.55,0
2002-01-23,00:00,-24.13,209.25,-532.87,-88.81,0
2002-01-24,00:00,11.19,497.5,-506.19,3.22,0
2002-01-25,00:00,-182.66,104.87,-620.36,-162.36,0
2002-01-28,00:00,93.26,478.93,-393.32,45.26,0
2002-01-29,00:00,-21.28,478.57,-416.52,-16.87,0
2002-01-30,00:00,135.47,587.51,-316.28,131.96,0
2002-01-31,00:00,246.58,793.12,-373.48,221.94,0
2002-02-01,00:00,53.85,525.52,-300.11,57.29,0
2002-02-04,00:00,108.93,456.68,-287.51,15.78,0
2002-02-05,00:00,32.47,384.66,-354.95,157.63,0
2002-02-06,00:00,116.55,475.11,-49.18,145.82,0
2002-02-07,00:00,-139.58,262.83,-522.11,-115.78,0
2002-02-08,00:00,-68.52,363.59,-896.5,-215.48,0
2002-02-11,00:00,185.8,625.4,-235.47,126.68,0
2002-02-12,00:00,-118.1,378.11,-719.75,-187.29,0
2002-02-13,00:00,86.27,369.26,-366.1,-23.7,0
2002-02-14,00:00,121.06,623.02,-215.3,135.1,0
2002-02-15,00:00,323.87,845.84,92.77,379.09,0
2002-02-18,00:00,-25.71,575.05,-411.96,73.39,0
2002-02-19,00:00,59.51,438.52,-406.28,69.62,0
2002-02-20,00:00,51.96,558.68,-277.96,163.93,0
2002-02-21,00:00,-49.82,622.64,-425.48,55.38,0
2002-02-22,00:00,253.29,634.15,-326.84,285.28,0
2002-02-25,00:00,-67.82,463.17,-458.84,80.52,0
2002-02-26,00:00,391.75,1115.19,46.4,582.57,0
2002-02-27,00:00,88.73,352.94,-410.52,-75.63,0
2002-02-28,00:00,146.47,856.86,-442.84,132.53,0
2002-03-01,00:00,50.62,292.63,-200.18,52.05,0
2002-03-04,00:00,108.24,775.98,-287.52,184.46,0
2002-03-05,00:00,-230.23,422.97,-725.26,-167.95,0
2002-03-06,00:00,-15.55,453.56,-595.24,-18.41,0
2002-03-07,00:00,253.49,669.31,-436.14,172.43,0
2002-03-08,00:00,199.58,493.35,-242.36,177.09,0
2002-03-11,00:00,33.0,641.46,-454.43,75.47,0
2002-03-12,00:00,97.22,368.87,-306.78,64.53,0
2002-03-13,00:00,-158.66,459.57,-556.05,16.24,0
2002-03-14,00:00,223.7,776.98,74.24,290.4,0
2002-03-15,00:00,49.86,269.4,-599.15,-164.9,0
2002-03-18,00:00,29.72,491.11,-211.25,153.91,0
2002-03-19,00:00,14.35,410.95,-351.45,-27.03,0
2002-03-20,00:00,87.04,458.67,-542.27,4.24,0
2002-03-21,00:00,-129.55,342.95,-767.53,-210.0,0
2002-03-22,00:00,-222.05,147.64,-876.31,-221.81,0
2002-03-25,00:00,-26.34,229.14,-397.12,-154.98,0
2002-03-26,00:00,198.79,516.04,-217.68,146.72,0
2002-03-27,00:00,214.46,729.95,147.3,326.04,0
2002-03-28,00:00,-70.13,664.53,-594.1,-38.33,0
2002-03-29,00:00,-67.36,9.73,-547.65,-94.11,0
2002-04-01,00:00,97.79,638.46,-59.74,217.98,0
2002-04-02,00:00,133.91,887.63,-215.01,222.27,0
2002-04-03,00:00,84.64,521.26,-289.96,55.47,0
2002-04-04,00:00,-137.61,545.48,-924.89,-116.5,0
2002-04-05,00:00,-160.12,113.16,-496.18,-71.44,0
2002-04-08,00:00,4.92,502.9,-290.59,27.44,0
2002-04-09,00:00,-34.91,528.92,-495.49,-65.51,0
2002-04-10,00:00,183.38,676.79,-57.79,246.49,0
2002-04-11,00:00,-133.27,144.05,-559.49,-219.08,0
2002-04-12,00:00,-44.25,397.71,-322.18,27.44,0
2002-04-15,00:00,-23.14,342.57,-222.7,-33.84,0
2002-04-16,00:00,9.58,373.49,-498.81,-46.86,0
2002-04-17,00:00,7.74,349.75,-337.25,-30.77,0
2002-04-18,00:00,-52.85,356.53,-619.39,-177.99,0
2002-04-19,00:00,9.15,371.42,-270.53,5.16,0
2002-04-22,00:00,-68.49,519.13,-446.91,-16.55,0
2002-04-23,00:00,161.26,554.36,-313.57,117.24,0
2002-04-24,00:00,43.96,550.21,-473.54,42.34,0
2002-04-25,00:00,234.49,707.66,-241.52,180.58,0
2002-04-26,00:00,-61.4,23.32,-506.9,-237.11,0
2002-04-29,00:00,75.21,466.66,-529.57,0.51,0
2002-04-30,00:00,-28.74,436.22,-410.64,-2.04,0
2002-05-01,00:00,-163.3,166.79,-550.47,-284.24,0
2002-05-02,00:00,67.67,507.77,-372.77,25.52,0
2002-05-03,00:00,167.58,688.94,-165.59,309.82,0
2002-05-06,00:00,-145.2,497.68,-406.33,81.2,0
2002-05-07,00:00,-13.41,535.65,-648.94,-75.46,0
2002-05-08,00:00,187.19,490.43,-145.46,116.8,0
2002-05-09,00:00,44.56,494.49,-185.83,173.57,0
2002-05-10,00:00,48.29,419.41,-331.45,115.11,0
2002-05-13,00:00,39.9,420.24,-428.19,36.75,0
2002-05-14,00:00,60.89,571.85,-590.57,28.6,0
2002-05-15,00:00,-72.38,601.41,-379.55,62.29,0
2002-05-16,00:00,3.21,562.27,-560.88,12.88,0
2002-05-17,00:00,-240.9,291.93,-570.51,-304.75,0
2002-05-20,00:00,-71.99,263.79,-651.89,-217.12,0
2002-05-21,00:00,-7.68,498.58,-453.77,18.44,0
2002-05-22,00:00,117.05,457.3,-421.96,-4.63,0
2002-05-23,00:00,-2.66,658.03,-515.34,105.21,0
2002-05-24,00:00,-132.79,198.15,-368.84,-118.01,0
2002-05-27,00:00,69.19,209.62,-186.58,90.27,0
2002-05-28,00:00,185.69,500.78,-327.67,156.34,0
2002-05-29,00:00,-92.59,162.59,-505.25,-129.66,0
2002-05-30,00:00,-28.94,520.76,-365.67,124.2,0
2002-05-31,00:00,37.33,596.52,-227.84,109.56,0
2002-06-03,00:00,156.42,670.24,-261.81,113.05,0
2002-06-04,00:00,-89.09,192.73,-373.86,-16.03,0
2002-06-05,00:00,-136.07,145.62,-505.43,-98.29,0
2002-06-06,00:00,27.22,634.1,-462.45,88.14,0
2002-06-07,00:00,267.14,572.52,-227.76,169.85,0
2002-06-10,00:00,111.54,645.74,-290.33,97.64,0
2002-06-11,00:00,60.33,555.14,-513.7,69.11,0
2002-06-12,00:00,140.9,629.63,-349.86,81.75,0
2002-06-13,00:00,104.7,618.41,-256.08,82.6,0
2002-06-14,00:00,101.34,179.5,-73.23,140.22,0
2002-06-17,00:00,122.03,452.77,-231.6,23.97,0
2002-06-18,00:00,106.41,313.5,-289.96,17.94,0
2002-06-19,00:00,-98.97,-20.28,-275.04,-185.19,0
2002-06-20,00:00,-52.0,531.83,-306.68,80.96,0
2002-06-21,00:00,125.49,420.99,-195.24,112.13,0
2002-06-24,00:00,278.19,786.64,-55.79,256.93,0
2002-06-25,00:00,-171.36,373.24,-495.3,-49.03,0
2002-06-26,00:00,-38.47,580.24,-590.19,48.14,0
2002-06-27,00:00,-27.64,226.65,-809.35,-183.82,0
2002-06-28,00:00,6.45,345.91,-458.53,-10.83,0
2002-07-01,00:00,208.55,621.67,-86.01,296.49,0
2002-07-02,00:00,-37.72,397.12,-575.94,0.67,0
2002-07-03,00:00,123.53,468.93,-96.69,157.26,0
2002-07-04,00:00,111.89,395.22,-478.46,24.59,0
2002-07-05,00:00,149.96,590.26,-301.02,143.14,0
2002-07-08,00:00,207.16,428.36,-136.47,215.24,0
2002-07-09,00:00,258.34,609.11,-497.67,151.67,0
2002-07-10,00:00,-349.4,222.07,-623.46,-387.29,0
2002-07-11,00:00,76.92,142.06,-289.82,-46.73,0
2002-07-12,00:00,-2.64,464.35,-425.49,19.55,0
2002-07-15,00:00,151.22,506.32,-136.86,141.46,0
2002-07-16,00:00,285.37,604.8,-97.73,242.27,0
2002-07-17,00:00,-11.34,582.13,-364.21,-12.1,0
2002-07-18,00:00,-87.16,236.56,-702.26,-66.9,0
2002-07-19,00:00,-69.34,453.01,-777.72,-145.93,0
2002-07-22,00:00,-5.46,521.85,-506.36,115.83,0
2002-07-23,00:00,-47.68,269.58,-458.53,-72.6,0
2002-07-24,00:00,344.51,857.24,82.34,379.33,0
2002-07-25,00:00,169.37,577.38,-422.49,151.78,0
2002-07-26,00:00,211.93,607.13,-193.19,206.62,0
2002-07-29,00:00,-134.0,354.6,-509.48,-76.4,0
2002-07-30,00:00,9.49,640.56,-482.08,27.01,0
2002-07-31,00:00,-1.29,777.51,-604.23,92.83,0
2002-08-01,00:00,-38.21,151.18,-304.26,-39.93,0
2002-08-02,00:00,11.55,322.55,-210.86,50.14,0
2002-08-05,00:00,116.96,690.7,-215.23,270.7,0
2002-08-06,00:00,-70.66,150.57,-467.84,-120.17,0
2002-08-07,00:00,74.19,506.02,-323.89,86.03,0
2002-08-08,00:00,-10.42,359.19,-189.29,19.19,0
2002-08-09,00:00,-233.3,364.06,-697.73,-293.15,0
2002-08-12,00:00,61.42,391.08,-137.68,106.65,0
2002-08-13,00:00,146.68,643.33,-415.55,100.97,0
2002-08-14,00:00,49.13,426.97,-486.66,-8.12,0
2002-08-15,00:00,114.26,442.03,-212.11,196.4,0
2002-08-16,00:00,289.24,973.02,-183.38,288.98,0
2002-08-19,00:00,196.35,822.21,-385.55,277.02,0
2002-08-20,00:00,-136.8,174.5,-547.92,-192.09,0
2002-08-21,00:00,-65.86,409.18,-601.38,11.81,0
2002-08-22,00:00,197.07,486.23,-123.79,240.73,0
2002-08-23,00:00,-33.63,574.66,-565.56,-40.23,0
2002-08-26,00:00,119.46,448.25,-335.69,42.78,0
2002-08-27,00:00,-86.49,225.81,-429.79,-88.56,0
2002-08-28,00:00,248.67,588.82,-24.99,273.97,0
2002-08-29,00:00,101.38,685.06,-498.02,70.71,0
2002-08-30,00:00,131.16,434.6,-612.26,-109.07,0
2002-09-02,00:00,13.23,75.67,-346.62,-51.23,0
2002-09-03,00:00,252.45,660.4,-163.74,232.15,0
2002-09-04,00:00,31.65,808.2,-304.37,231.98,0
2002-09-05,00:00,-140.18,94.47,-684.9,-246.53,0
2002-09-06,00:00,4.75,439.66,-804.29,-195.11,0
2002-09-09,00:00,-165.21,342.15,-864.86,-202.15,0
2002-09-10,00:00,-72.72,320.53,-415.53,10.35,0
2002-09-11,00:00,180.02,569.46,-175.32,202.47,0
2002-09-12,00:00,-52.06,441.85,-537.35,-57.59,0
2002-09-13,00:00,142.78,656.64,-150.97,164.33,0
2002-09-16,00:00,0.56,580.83,-460.65,3.08,0
2002-09-17,00:00,259.1,607.08,-196.27,193.08,0
2002-09-18,00:00,171.24,563.11,-223.54,148.8,0
2002-09-19,00:00,198.55,489.82,-343.15,81.99,0
2002-09-20,00:00,84.8,361.23,-19.79,152.15,0
2002-09-23,00:00,-234.34,180.19,-586.53,-182.69,0
2002-09-24,00:00,251.86,774.5,-120.38,371.26,0
2002-09-25,00:00,-49.32,144.6,-331.42,-58.89,0
2002-09-26,00:00,-2.23,247.97,-518.87,66.78,0
2002-09-27,00:00,171.89,517.11,-205.33,169.04,0
2002-09-30,00:00,-77.14,239.62,-644.09,-52.23,0
2002-10-01,00:00,-246.91,197.76,-531.75,-328.84,0
2002-10-02,00:00,-67.71,508.7,-497.07,-101.85,0
2002-10-03,00:00,448.66,982.73,112.76,528.34,0
2002-10-04,00:00,-57.19,299.38,-571.46,-83.74,0
2002-10-07,00:00,86.34,592.2,-234.09,120.92,0
2002-10-08,00:00,125.81,502.33,-379.43,162.28,0
2002-10-09,00:00,129.87,456.34,-278.43,111.43,0
2002-10-10,00:00,295.15,936.99,-264.93,319.76,0
2002-10-11,00:00,30.02,439.27,-289.86,5.96,0
2002-10-14,00:00,175.02,527.66,-231.62,246.38,0
2002-10-15,00:00,93.45,600.68,-279.82,114.35,0
2002-10-16,00:00,-148.99,443.8,-665.81,-77.92,0
2002-10-17,00:00,-53.48,231.56,-429.97,-88.6,0
2002-10-18,00:00,391.84,1021.57,-119.14,401.92,0
2002-10-21,00:00,197.72,751.37,-45.84,273.21,0
2002-10-22,00:00,-38.94,359.1,-549.69,-39.95,0
2002-10-23,00:00,105.95,766.97,-434.56,238.61,0
2002-10-24,00:00,118.58,678.51,-278.3,108.43,0
2002-10-25,00:00,92.18,540.18,-408.27,125.17,0
2002-10-28,00:00,139.86,712.0,-350.55,137.04,0
2002-10-29,00:00,-76.72,571.91,-419.31,-35.29,0
2002-10-30,00:00,191.98,745.12,-342.93,157.31,0
2002-10-31,00:00,-84.48,448.29,-768.37,-14.07,0
2002-11-01,00:00,281.69,500.77,-126.15,108.09,0
2002-11-04,00:00,69.35,629.81,-526.25,134.3,0
2002-11-05,00:00,83.35,587.12,-652.92,26.58,0
2002-11-06,00:00,-3.85,353.27,-431.08,38.67,0
2002-11-07,00:00,43.42,379.31,-392.32,92.38,0
2002-11-08,00:00,-150.49,587.04,-299.89,88.47,0
2002-11-11,00:00,503.19,875.53,292.05,585.15,0
2002-11-12,00:00,-118.4,301.42,-351.02,-11.48,0
2002-11-13,00:00,2.0,472.42,-396.01,-64.63,0
2002-11-14,00:00,-134.09,96.62,-694.04,-307.19,0
2002-11-15,00:00,8.5,400.1,-356.17,11.66,0
2002-11-18,00:00,172.84,424.12,-211.16,203.2,0
2002-11-19,00:00,6.91,377.71,-173.84,7.56,0
2002-11-20,00:00,-300.15,24.59,-671.07,-271.02,0
2002-11-21,00:00,28.55,496.01,-313.46,106.22,0
2002-11-22,00:00,182.78,415.02,-215.2,66.8,0
2002-11-25,00:00,-205.2,86.17,-671.67,-308.78,0
2002-11-26,00:00,26.26,408.12,-465.1,9.69,0
2002-11-27,00:00,-80.28,522.15,-724.48,-93.32,0
2002-11-28,00:00,193.67,983.94,-57.27,332.05,0
2002-11-29,00:00,30.5,253.24,-285.15,-41.58,0
2002-12-02,00:00,-177.27,194.13,-604.69,-311.65,0
2002-12-03,00:00,-126.97,370.16,-770.36,-195.65,0
2002-12-04,00:00,42.09,394.8,-284.43,69.14,0
2002-12-05,00:00,330.78,667.0,13.95,394.97,0
2002-12-06,00:00,220.29,588.85,-306.91,168.97,0
2002-12-09,00:00,192.22,808.16,-374.33,182.9,0
2002-12-10,00:00,-37.9,214.24,-407.77,-101.97,0
2002-12-11,00:00,48.38,520.36,-360.86,-4.65,0
2002-12-12,00:00,-54.45,506.8,-850.25,-203.5,0
2002-12-13,00:00,-28.1,666.56,-336.26,111.03,0
2002-12-16,00:00,-93.13,79.09,-360.38,-146.65,0
2002-12-17,00:00,124.67,609.62,-319.68,94.36,0
2002-12-18,00:00,119.39,820.72,-280.98,279.3,0
2002-12-19,00:00,66.34,397.51,-537.5,61.07,0
2002-12-20,00:00,-168.6,-84.8,-511.51,-262.16,0
2002-12-23,00:00,177.66,619.61,-258.24,182.56,0
2002-12-24,00:00,-69.15,320.49,-645.28,-155.86,0
2002-12-25,00:00,176.11,490.46,47.57,248.85,0
2002-12-26,00:00,-207.59,282.42,-683.49,-275.38,0
2002-12-27,00:00,259.31,636.41,-52.23,333.5,0
2002-12-30,00:00,203.36,545.46,36.14,234.85,0
2002-12-31,00:00,-19.68,202.06,-389.05,-85.86,0
2003-01-01,00:00,324.33,542.9,-198.0,177.5,0
2003-01-02,00:00,166.95,396.87,-207.71,247.75,0
2003-01-03,00:00,-34.2,102.13,-363.11,-76.41,0
2003-01-06,00:00,400.96,971.75,-106.59,367.4,0
2003-01-07,00:00,-6.69,356.91,-457.14,-36.35,0
2003-01-08,00:00,-37.67,320.03,-447.12,-16.8,0
2003-01-09,00:00,90.3,476.59,-656.44,14.81,0
2003-01-10,00:00,-88.28,340.61,-654.24,-171.93,0
2003-01-13,00:00,220.25,599.85,-297.16,288.83,0
2003-01-14,00:00,-26.24,148.83,-614.25,-163.39,0
2003-01-15,00:00,179.48,647.64,-445.0,91.23,0
2003-01-16,00:00,-214.9,220.62,-889.7,-299.07,0
2003-01-17,00:00,4.27,625.25,-628.25,-49.1,0
2003-01-20,00:00,162.65,721.32,-190.34,339.36,0
2003-01-21,00:00,114.7,453.14,-519.41,18.05,0
2003-01-22,00:00,-31.03,300.29,-565.71,-108.98,0
2003-01-23,00:00,179.12,672.96,-241.05,219.2,0
2003-01-24,00:00,96.46,617.45,-247.77,148.91,0
2003-01-27,00:00,-3.41,302.02,-290.68,-62.63,0
2003-01-28,00:00,109.16,506.22,-178.64,206.68,0
2003-01-29,00:00,244.23,528.27,-299.1,110.1,0
2003-01-30,00:00,97.93,615.08,-187.67,143.4,0
2003-01-31,00:00,510.18,832.2,92.81,486.19,0
2003-02-03,00:00,-128.04,441.4,-348.11,6.35,0
2003-02-04,00:00,340.66,697.36,-275.71,357.14,0
2003-02-05,00:00,-222.64,126.11,-668.86,-214.83,0
2003-02-06,00:00,28.01,580.38,-233.33,75.76,0
2003-02-07,00:00,167.41,525.12,-462.48,97.05,0
2003-02-10,00:00,-268.2,425.58,-783.32,-100.79,0
2003-02-11,00:00,139.17,672.67,-267.01,175.01,0
2003-02-12,00:00,49.15,517.37,-269.09,36.96,0
2003-02-13,00:00,99.66,593.78,-398.32,78.36,0
2003-02-14,00:00,-158.58,-61.27,-567.72,-228.61,0
2003-02-17,00:00,8.89,332.24,-238.13,55.72,0
2003-02-18,00:00,-100.52,387.26,-660.15,-178.2,0
2003-02-19,00:00,30.25,310.71,-330.8,-110.28,0
2003-02-20,00:00,156.53,407.21,-447.35,134.61,0
2003-02-21,00:00,35.69,533.72,-513.81,37.51,0
2003-02-24,00:00,84.02,563.04,-343.66,67.64,0
2003-02-25,00:00,140.72,501.62,-228.99,110.86,0
2003-02-26,00:00,225.01,556.32,-233.03,172.5,0
2003-02-27,00:00,37.03,303.33,-267.71,66.4,0
2003-02-28,00:00,-42.3,548.48,-549.58,60.99,0
2003-03-03,00:00,84.79,213.8,-149.49,67.87,0
2003-03-04,00:00,79.88,695.37,-408.19,140.02,0
2003-03-05,00:00,55.49,354.68,-592.77,-4.93,0
2003-03-06,00:00,-74.59,155.99,-686.33,-193.44,0
2003-03-07,00:00,-183.17,95.5,-692.48,-244.0,0
2003-03-10,00:00,86.17,461.06,-281.42,156.57,0
2003-03-11,00:00,-54.93,353.39,-558.13,-96.54,0
2003-03-12,00:00,169.12,531.71,-151.55,129.48,0
2003-03-13,00:00,154.9,544.52,-197.77,195.79,0
2003-03-14,00:00,-17.71,161.66,-533.68,-208.49,0
2003-03-17,00:00,37.62,407.28,-396.23,37.0,0
2003-03-18,00:00,-62.27,254.84,-543.53,-77.82,0
2003-03-19,00:00,413.99,987.57,97.76,583.3,0
2003-03-20,00:00,16.48,656.15,-509.85,189.98,0
2003-03-21,00:00,131.62,276.48,-363.83,-24.47,0
2003-03-24,00:00,73.65,411.69,-626.29,-81.59,0
2003-03-25,00:00,166.29,544.31,-228.27,212.26,0
2003-03-26,00:00,-134.23,454.96,-792.3,-146.76,0
2003-03-27,00:00,396.09,901.52,128.57,512.71,0
2003-03-28,00:00,-373.03,80.3,-887.61,-277.87,0
2003-03-31,00:00,36.14,339.54,-510.75,-34.32,0
2003-04-01,00:00,43.23,488.29,-307.9,57.06,0
2003-04-02,00:00,331.84,900.87,-1.29,321.26,0
2003-04-03,00:00,238.31,535.07,-194.33,209.69,0
2003-04-04,00:00,86.08,430.92,-187.01,140.16,0
2003-04-07,00:00,135.56,766.03,-89.5,358.91,0
2003-04-08,00:00,-70.72,316.53,-630.52,-74.3,0
2003-04-09,00:00,38.27,283.68,-534.42,-111.07,0
2003-04-10,00:00,2.45,436.25,-289.75,4.34,0
2003-04-11,00:00,73.93,796.15,-496.63,127.57,0
2003-04-14,00:00,46.06,412.95,-158.74,111.22,0
2003-04-15,00:00,-32.69,612.02,-551.81,-49.16,0
2003-04-16,00:00,135.9,615.78,-399.82,54.6,0
2003-04-17,00:00,155.38,481.23,-355.33,202.27,0
2003-04-18,00:00,113.11,766.9,69.66,435.99,0
2003-04-21,00:00,-67.04,526.52,-693.92,-62.07,0
2003-04-22,00:00,245.24,770.14,-174.28,376.44,0
2003-04-23,00:00,169.5,552.59,-302.8,166.87,0
2003-04-24,00:00,33.96,569.52,-411.72,18.49,0
2003-04-25,00:00,86.03,546.99,-128.96,84.89,0
2003-04-28,00:00,279.29,674.61,-66.61,302.51,0
2003-04-29,00:00,138.81,522.6,-186.63,189.32,0
2003-04-30,00:00,292.45,455.18,93.24,355.45,0
2003-05-01,00:00,-76.57,317.86,-128.43,34.59,0
2003-05-02,00:00,302.35,910.05,-176.12,258.53,0
2003-05-05,00:00,-93.54,301.45,-272.51,-82.44,0
2003-05-06,00:00,283.54,704.31,216.96,405.51,0
2003-05-07,00:00,42.63,364.02,-405.11,-45.06,0
2003-05-08,00:00,159.75,482.01,-523.36,128.18,0
2003-05-09,00:00,-148.78,301.07,-510.33,-166.92,0
2003-05-12,00:00,-44.56,264.28,-588.59,-138.93,0
2003-05-13,00:00,-207.07,244.78,-517.99,-149.64,0
2003-05-14,00:00,104.86,501.39,-258.48,207.27,0
2003-05-15,00:00,338.48,667.8,-164.08,298.56,0
2003-05-16,00:00,17.35,505.98,-487.52,58.5,0
2003-05-19,00:00,138.92,355.49,-167.57,57.54,0
2003-05-20,00:00,-115.14,253.41,-376.06,-122.21,0
2003-05-21,00:00,-165.85,392.19,-276.83,-65.49,0
2003-05-22,00:00,-82.38,321.89,-869.96,-109.88,0
2003-05-23,00:00,147.16,453.59,-529.1,39.1,0
2003-05-26,00:00,-23.02,426.9,-396.88,57.26,0
2003-05-27,00:00,-211.02,305.54,-585.01,-183.06,0
2003-05-28,00:00,66.06,407.44,-331.87,117.27,0
2003-05-29,00:00,-69.09,516.88,-343.74,4.75,0
2003-05-30,00:00,474.93,981.56,-23.86,517.27,0
2003-06-02,00:00,-91.24,192.02,-461.57,-147.07,0
2003-06-03,00:00,-121.93,168.97,-288.9,-159.09,0
2003-06-04,00:00,-54.98,395.87,-546.18,-80.14,0
2003-06-05,00:00,-150.32,270.12,-627.17,-204.0,0
2003-06-06,00:00,-158.43,149.02,-784.32,-233.37,0
2003-06-09,00:00,111.52,549.92,-354.26,32.88,0
2003-06-10,00:00,241.65,719.99,-51.12,349.35,0
2003-06-11,00:00,-117.7,372.4,-530.61,-132.43,0
2003-06-12,00:00,-51.76,397.24,-533.19,-105.68,0
2003-06-13,00:00,-117.28,139.73,-612.55,-169.56,0
2003-06-16,00:00,-147.85,317.33,-533.91,-64.3,0
2003-06-17,00:00,104.39,787.64,-398.91,216.7,0
2003-06-18,00:00,-123.01,251.37,-446.73,-49.04,0
2003-06-19,00:00,6.08,667.3,-408.69,131.5,0
2003-06-20,00:00,-11.79,312.05,-467.32,-51.12,0
2003-06-23,00:00,323.93,542.61,-389.96,201.47,0
2003-06-24,00:00,19.87,296.1,-459.34,-49.27,0
2003-06-25,00:00,-26.58,303.04,-485.1,-43.26,0
2003-06-26,00:00,215.2,656.41,-91.34,316.02,0
2003-06-27,00:00,342.42,843.03,25.11,375.24,0
2003-06-30,00:00,122.74,405.23,-22.81,220.26,0
2003-07-01,00:00,-183.73,151.74,-475.07,-84.35,0
2003-07-02,00:00,146.01,523.16,-606.8,46.14,0
2003-07-03,00:00,-59.32,332.66,-559.55,-58.07,0
2003-07-04,00:00,-77.34,559.79,-669.59,-21.84,0
2003-07-07,00:00,8.5,382.68,-16.33,123.0,0
2003-07-08,00:00,-85.36,278.53,-362.48,0.87,0
2003-07-09,00:00,-51.53,464.0,-622.34,-86.52,0
2003-07-10,00:00,-4.18,512.72,-440.16,-30.37,0
2003-07-11,00:00,-107.3,495.17,-447.82,-68.81,0
2003-07-14,00:00,92.95,553.17,-193.51,229.95,0
2003-07-15,00:00,84.02,382.48,-476.25,-27.05,0
2003-07-16,00:00,73.28,468.07,-373.89,-24.46,0
2003-07-17,00:00,211.75,683.23,-355.22,205.61,0
2003-07-18,00:00,-123.38,389.85,-463.47,-31.44,0
2003-07-21,00:00,94.18,557.6,-233.77,163.16,0
2003-07-22,00:00,71.18,254.85,-430.8,-64.24,0
2003-07-23,00:00,-118.64,293.53,-292.22,-102.32,0
2003-07-24,00:00,263.08,407.65,20.64,218.1,0
2003-07-25,00:00,18.77,307.21,-414.99,-66.03,0
2003-07-28,00:00,13.01,636.08,-464.44,78.53,0
2003-07-29,00:00,-99.45,304.34,-525.98,-124.74,0
2003-07-30,00:00,453.45,702.89,-49.95,386.39,0
2003-07-31,00:00,91.88,578.93,-170.05,129.64,0
2003-08-01,00:00,142.95,475.02,-78.53,249.69,0
2003-08-04,00:00,22.02,452.98,-459.23,1.96,0
2003-08-05,00:00,169.56,686.14,-200.89,211.19,0
2003-08-06,00:00,204.08,1005.39,-148.21,401.67,0
2003-08-07,00:00,-45.72,531.97,-444.79,-20.14,0
2003-08-08,00:00,89.72,485.38,-581.88,58.83,0
2003-08-11,00:00,105.21,503.71,-384.48,1.76,0
2003-08-12,00:00,-87.49,313.81,-398.53,-153.09,0
2003-08-13,00:00,-10.17,259.51,-411.89,57.57,0
2003-08-14,00:00,79.67,598.69,-175.74,87.45,0
2003-08-15,00:00,71.18,758.97,-328.74,193.94,0
2003-08-18,00:00,195.5,590.33,-251.49,253.12,0
2003-08-19,00:00,96.51,598.48,-400.76,87.86,0
2003-08-20,00:00,21.51,182.57,-382.51,-56.96,0
2003-08-21,00:00,-125.69,445.65,-595.37,-39.69,0
2003-08-22,00:00,71.84,690.54,-188.24,152.88,0
2003-08-25,00:00,-188.96,22.14,-493.8,-262.77,0
2003-08-26,00:00,-6.33,329.21,-406.57,-45.2,0
2003-08-27,00:00,178.67,461.24,-179.05,169.49,0
2003-08-28,00:00,66.89,582.54,-367.93,283.67,0
2003-08-29,00:00,-67.22,356.5,-377.3,-72.42,0
2003-09-01,00:00,4.93,620.88,-499.82,-22.73,0
2003-09-02,00:00,23.95,377.71,-18.17,82.73,0
2003-09-03,00:00,-36.77,468.72,-198.77,103.73,0
2003-09-04,00:00,256.58,587.54,60.09,314.89,0
2003-09-05,00:00,248.13,801.89,-158.62,243.64,0
2003-09-08,00:00,144.83,592.75,-482.77,135.77,0
2003-09-09,00:00,-192.79,277.08,-477.76,-251.48,0
2003-09-10,00:00,-103.14,436.63,-560.71,-66.87,0
2003-09-11,00:00,106.22,418.58,-375.05,40.96,0
2003-09-12,00:00,96.66,483.41,-572.65,-17.45,0
2003-09-15,00:00,-135.87,379.21,-526.86,-96.88,0
2003-09-16,00:00,-267.68,204.12,-712.13,-293.18,0
2003-09-17,00:00,349.53,615.55,-86.9,335.83,0
2003-09-18,00:00,268.39,642.91,-290.72,177.61,0
2003-09-19,00:00,19.46,717.42,-263.23,144.43,0
2003-09-22,00:00,-176.12,1.31,-463.88,-204.07,0
2003-09-23,00:00,91.01,666.48,-412.45,185.41,0
2003-09-24,00:00,-16.65,395.53,-366.02,4.55,0
2003-09-25,00:00,-7.25,326.7,-482.11,-42.8,0
2003-09-26,00:00,70.12,529.33,-190.69,136.04,0
2003-09-29,00:00,-47.66,224.87,-319.22,-58.59,0
2003-09-30,00:00,413.7,687.71,87.22,403.07,0
2003-10-01,00:00,1.18,469.25,-371.43,45.0,0
2003-10-02,00:00,-36.14,132.28,-610.3,-104.95,0
2003-10-03,00:00,393.54,620.27,232.88,501.6,0
2003-10-06,00:00,7.87,263.81,-490.95,-50.64,0
2003-10-07,00:00,67.17,577.08,-382.29,109.18,0
2003-10-08,00:00,1.95,263.03,-202.65,-52.92,0
2003-10-09,00:00,111.44,465.99,-241.12,26.81,0
2003-10-10,00:00,197.58,687.9,-372.32,78.08,0
2003-10-13,00:00,-317.35,235.58,-582.36,-235.47,0
2003-10-14,00:00,62.58,443.74,-289.05,36.34,0
2003-10-15,00:00,149.93,463.67,-289.78,107.06,0
2003-10-16,00:00,-300.37,251.92,-644.16,-200.35,0
2003-10-17,00:00,-84.69,170.97,-660.06,-125.56,0
2003-10-20,00:00,128.37,771.07,-399.73,138.79,0
2003-10-21,00:00,39.51,630.05,-345.8,168.96,0
2003-10-22,00:00,170.19,680.92,-2.19,285.82,0
2003-10-23,00:00,305.65,494.22,-183.08,291.35,0
2003-10-24,00:00,103.81,639.38,-369.93,113.13,0
2003-10-27,00:00,108.1,722.27,-249.01,232.83,0
2003-10-28,00:00,243.14,606.18,-111.64,201.6,0
2003-10-29,00:00,-85.65,436.5,-524.06,-77.96,0
2003-10-30,00:00,190.26,592.41,-108.54,205.06,0
2003-10-31,00:00,-145.5,284.07,-711.17,-35.13,0
2003-11-03,00:00,-53.51,274.15,-711.3,-140.65,0
2003-11-04,00:00,177.37,911.66,-232.55,195.4,0
2003-11-05,00:00,129.38,480.33,-585.12,46.35,0
2003-11-06,00:00,311.2,780.42,-447.12,196.33,0
2003-11-07,00:00,206.31,547.29,-194.99,216.98,0
2003-11-10,00:00,-145.67,336.49,-413.78,-24.66,0
2003-11-11,00:00,104.27,310.04,-649.3,-52.62,0
2003-11-12,00:00,-228.79,172.73,-617.99,-227.78,0
2003-11-13,00:00,54.18,514.62,-437.13,-46.85,0
2003-11-14,00:00,-181.38,451.91,-514.29,-197.58,0
2003-11-17,00:00,-10.27,657.08,-463.59,42.32,0
2003-11-18,00:00,67.06,392.96,-258.04,24.97,0
2003-11-19,00:00,-19.03,463.37,-270.7,119.2,0
2003-11-20,00:00,-18.06,358.68,-409.13,-81.84,0
2003-11-21,00:00,44.09,589.28,-214.73,191.38,0
2003-11-24,00:00,123.97,873.51,-282.28,198.02,0
2003-11-25,00:00,-17.73,383.04,-552.64,-74.92,0
2003-11-26,00:00,125.12,522.61,-341.6,46.47,0
2003-11-27,00:00,-101.76,459.43,-328.67,47.52,0
2003-11-28,00:00,109.5,389.41,-193.33,87.51,0
2003-12-01,00:00,333.69,705.32,-175.65,224.33,0
2003-12-02,00:00,187.92,474.6,-383.48,8.35,0
2003-12-03,00:00,101.03,735.33,-350.28,255.4,0
2003-12-04,00:00,-35.46,329.43,-315.82,-218.78,0
2003-12-05,00:00,64.5,506.91,-420.98,33.28,0
2003-12-08,00:00,7.74,379.64,-678.47,-148.02,0
2003-12-09,00:00,-82.73,444.8,-325.56,108.6,0
2003-12-10,00:00,-193.51,292.45,-644.84,-168.89,0
2003-12-11,00:00,276.51,778.57,152.87,363.06,0
2003-12-12,00:00,49.91,588.97,-552.15,74.82,0
2003-12-15,00:00,18.0,528.8,-455.55,14.71,0
2003-12-16,00:00,-300.53,218.39,-975.7,-333.73,0
2003-12-17,00:00,-133.85,236.69,-518.85,-206.94,0
2003-12-18,00:00,-70.33,510.56,-365.44,-50.07,0
2003-12-19,00:00,101.2,339.61,-459.48,30.5,0
2003-12-22,00:00,198.97,809.54,-32.4,368.78,0
2003-12-23,00:00,-112.89,414.65,-347.26,52.06,0
2003-12-24,00:00,197.78,760.43,-442.18,120.56,0
2003-12-25,00:00,-64.3,135.57,-695.06,-226.37,0
2003-12-26,00:00,376.67,1116.69,-172.26,477.93,0
2003-12-29,00:00,-77.59,278.53,-587.86,-114.22,0
2003-12-30,00:00,-24.69,398.99,-360.6,-79.88,0
2003-12-31,00:00,145.86,801.65,-321.67,227.07,0
2004-01-01,00:00,-329.42,76.24,-759.29,-365.44,0
2004-01-02,00:00,1012.22,1469.24,587.48,1100.06,0
2004-01-05,00:00,-578.8,-25.79,-773.99,-557.4,0
2004-01-06,00:00,1123.04,1496.69,782.56,1079.59,0
2004-01-07,00:00,1008.31,1472.76,544.18,958.9,0
2004-01-08,00:00,1058.19,1584.8,564.42,1043.52,0
2004-01-09,00:00,83.07,410.42,-389.03,-10.29,0
2004-01-12,00:00,471.17,973.7,-20.79,489.37,0
2004-01-13,00:00,368.25,682.88,-333.29,255.86,0
2004-01-14,00:00,563.19,1110.48,238.36,704.87,0
2004-01-15,00:00,793.02,1118.53,546.4,790.16,0
2004-01-16,00:00,446.65,682.07,156.34,506.39,0
2004-01-19,00:00,427.19,911.13,-15.78,516.64,0
2004-01-20,00:00,277.62,674.26,23.23,246.93,0
2004-01-21,00:00,900.19,1443.9,568.0,942.52,0
2004-01-22,00:00,1074.23,1425.22,561.52,1063.24,0
2004-01-23,00:00,1611.21,2349.98,1340.13,1780.16,0
2004-01-26,00:00,-159.96,291.99,-658.03,-210.86,0
2004-01-27,00:00,-657.22,-179.19,-1175.54,-646.45,0
2004-01-28,00:00,992.92,1166.92,251.09,845.37,0
2004-01-29,00:00,103.64,352.5,-328.8,-8.65,0
2004-01-30,00:00,818.72,1307.37,123.88,767.01,0
2004-02-02,00:00,-195.0,417.93,-533.41,-134.92,0
2004-02-03,00:00,524.94,769.23,263.4,525.29,0
2004-02-04,00:00,52.46,343.36,-499.21,-85.52,0
2004-02-05,00:00,534.34,743.47,-29.84,359.83,0
2004-02-06,00:00,530.06,876.52,47.05,435.01,0
2004-02-09,00:00,1307.46,1442.57,779.26,1181.63,0
2004-02-10,00:00,323.11,699.52,-260.55,247.1,0
2004-02-11,00:00,391.03,551.67,104.21,297.68,0
2004-02-12,00:00,744.46,1160.18,39.8,557.81,0
2004-02-13,00:00,356.32,945.74,-35.26,430.93,0
2004-02-16,00:00,124.83,610.71,-341.99,140.41,0
2004-02-17,00:00,79.2,583.6,-410.37,43.28,0
2004-02-18,00:00,-431.69,189.93,-711.58,-364.26,0
2004-02-19,00:00,-86.3,200.35,-514.75,-103.87,0
2004-02-20,00:00,650.63,778.44,199.48,536.1,0
2004-02-23,00:00,822.6,1048.83,276.28,780.12,0
2004-02-24,00:00,-162.8,328.53,-527.03,-181.19,0
2004-02-25,00:00,-252.58,228.91,-728.34,-305.48,0
2004-02-26,00:00,430.46,921.38,29.86,437.64,0
2004-02-27,00:00,599.76,1014.99,276.2,643.22,0
2004-03-01,00:00,71.99,519.76,-244.74,185.32,0
2004-03-02,00:00,194.74,550.73,-307.08,196.32,0
2004-03-03,00:00,203.76,702.19,-120.84,159.89,0
2004-03-04,00:00,-485.39,-12.91,-564.62,-306.01,0
2004-03-05,00:00,886.53,1622.9,470.21,1022.88,0
2004-03-08,00:00,419.21,640.12,-122.05,336.99,0
2004-03-09,00:00,880.43,1381.75,402.38,857.11,0
2004-03-10,00:00,490.01,1126.03,203.45,600.37,0
2004-03-11,00:00,419.54,932.84,136.46,549.34,0
2004-03-12,00:00,379.18,635.4,-107.07,280.46,0
2004-03-15,00:00,690.3,987.24,65.84,666.33,0
2004-03-16,00:00,515.29,1129.59,293.31,642.87,0
2004-03-17,00:00,0.44,364.46,-374.62,65.16,0
2004-03-18,00:00,448.29,699.61,-88.46,342.22,0
2004-03-19,00:00,735.88,917.04,437.29,615.18,0
2004-03-22,00:00,761.61,1137.84,311.71,658.9,0
2004-03-23,00:00,827.55,878.69,216.05,660.72,0
2004-03-24,00:00,-267.36,188.95,-803.1,-282.41,0
2004-03-25,00:00,711.43,1040.41,132.18,609.34,0
2004-03-26,00:00,2149.15,2423.33,1644.67,2172.98,0
2004-03-29,00:00,-575.15,-66.57,-994.49,-490.14,0
2004-03-30,00:00,-1041.57,-535.15,-1445.59,-1029.96,0
2004-03-31,00:00,-223.59,218.5,-667.24,-224.58,0
2004-04-01,00:00,1312.75,1901.13,782.84,1377.66,0
2004-04-02,00:00,1042.11,1578.45,898.49,1161.55,0
2004-04-05,00:00,-211.89,69.08,-527.55,-232.35,0
2004-04-06,00:00,233.7,703.28,-225.74,262.94,0
2004-04-07,00:00,-74.58,262.7,-285.95,-69.68,0
2004-04-08,00:00,458.99,935.34,237.44,521.22,0
2004-04-09,00:00,-477.95,-241.95,-1023.76,-569.77,0
2004-04-12,00:00,127.1,542.26,-336.8,135.6,0
2004-04-13,00:00,729.98,1205.37,280.73,624.21,0
2004-04-14,00:00,1345.84,1648.79,977.95,1324.26,0
2004-04-15,00:00,571.85,1116.66,181.81,610.6,0
2004-04-16,00:00,1152.94,1496.41,830.46,1134.99,0
2004-04-19,00:00,-438.62,38.18,-883.95,-467.7,0
2004-04-20,00:00,538.32,680.85,-156.34,326.75,0
2004-04-21,00:00,278.88,696.17,-128.29,318.99,0
2004-04-22,00:00,-683.58,-429.73,-991.67,-756.12,0
2004-04-23,00:00,936.57,1628.98,720.57,1116.5,0
2004-04-26,00:00,-203.38,-5.46,-432.53,-184.36,0
2004-04-27,00:00,82.52,464.75,-205.93,218.08,0
2004-04-28,00:00,213.74,946.18,-272.37,274.51,0
2004-04-29,00:00,592.68,1176.82,187.85,593.03,0
2004-04-30,00:00,218.15,959.08,-128.09,277.39,0
2004-05-03,00:00,-841.24,-638.01,-1122.47,-915.91,0
2004-05-04,00:00,1502.14,1931.81,880.95,1441.11,0
2004-05-05,00:00,1421.57,1653.03,1280.33,1510.07,0
2004-05-06,00:00,-700.45,-29.63,-1240.01,-682.68,0
2004-05-07,00:00,964.75,1357.57,490.75,1008.57,0
2004-05-10,00:00,-165.98,-35.28,-711.94,-332.76,0
2004-05-11,00:00,-656.07,-342.97,-1046.44,-700.01,0
2004-05-12,00:00,563.39,844.19,166.66,632.62,0
2004-05-13,00:00,637.31,706.44,443.91,541.12,0
2004-05-14,00:00,-87.02,445.21,-788.2,-86.92,0
2004-05-17,00:00,-14.88,578.01,-450.51,130.53,0
2004-05-18,00:00,776.33,1202.77,316.72,728.72,0
2004-05-19,00:00,432.06,876.44,65.32,459.21,0
2004-05-20,00:00,-717.48,-463.23,-1043.53,-783.61,0
2004-05-21,00:00,-893.72,-505.12,-1228.23,-846.7,0
2004-05-24,00:00,899.31,1174.75,312.39,857.17,0
2004-05-25,00:00,44.89,448.08,-172.05,120.61,0
2004-05-26,00:00,1474.8,1766.37,1094.61,1361.79,0
2004-05-27,00:00,930.99,1342.71,260.06,918.86,0
2004-05-28,00:00,351.44,737.72,198.84,501.41,0
2004-05-31,00:00,1487.8,1893.07,1152.05,1555.74,0
2004-06-01,00:00,183.68,853.01,-150.42,335.32,0
2004-06-02,00:00,1509.84,2149.58,792.21,1559.67,0
2004-06-03,00:00,464.22,857.46,156.78,427.76,0
2004-06-04,00:00,756.66,1185.63,475.51,810.58,0
2004-06-07,00:00,-280.59,228.47,-786.64,-251.34,0
2004-06-08,00:00,-38.66,382.53,-548.67,-187.97,0
2004-06-09,00:00,-19.62,273.48,-395.32,-23.29,0
2004-06-10,00:00,782.76,1274.43,313.5,768.95,0
2004-06-11,00:00,1148.38,1472.66,845.56,1116.92,0
2004-06-14,00:00,1051.97,1432.56,493.9,987.49,0
2004-06-15,00:00,1644.2,2062.48,1447.08,1795.01,0
2004-06-16,00:00,800.39,1488.19,443.78,874.92,0
2004-06-17,00:00,-96.51,398.2,-485.19,-23.24,0
2004-06-18,00:00,-4.06,300.14,-355.0,4.59,0
2004-06-21,00:00,304.26,593.54,32.74,358.87,0
2004-06-22,00:00,186.76,585.06,-313.73,113.96,0
2004-06-23,00:00,1298.01,1626.04,961.59,1292.57,0
2004-06-24,00:00,962.25,1656.09,673.65,1129.31,0
2004-06-25,00:00,18.43,193.23,-662.38,-222.79,0
2004-06-28,00:00,647.56,1121.71,436.46,757.28,0
2004-06-29,00:00,146.6,309.06,-190.54,90.97,0
2004-06-30,00:00,660.86,952.13,192.59,575.47,0
2004-07-01,00:00,931.29,1336.98,475.99,1044.96,0
2004-07-02,00:00,-644.51,-267.23,-940.74,-623.76,0
2004-07-05,00:00,1072.55,1484.54,653.64,1052.72,0
2004-07-06,00:00,527.31,731.55,323.83,536.95,0
2004-07-07,00:00,1437.52,1836.45,1072.37,1483.91,0
2004-07-08,00:00,484.09,1026.6,34.09,529.78,0
2004-07-09,00:00,15.75,402.39,-312.39,-8.72,0
2004-07-12,00:00,657.6,1282.54,45.63,660.21,0
2004-07-13,00:00,-180.44,456.3,-761.39,-244.87,0
2004-07-14,00:00,-23.46,26.74,-350.67,-148.68,0
2004-07-15,00:00,834.76,1251.0,651.24,898.71,0
2004-07-16,00:00,487.52,852.34,34.19,432.23,0
2004-07-19,00:00,116.0,424.54,-309.33,86.4,0
2004-07-20,00:00,764.46,1031.19,341.9,718.51,0
2004-07-21,00:00,894.54,1382.14,682.85,994.52,0
2004-07-22,00:00,153.46,536.25,-143.6,210.2,0
2004-07-23,00:00,1128.58,1751.18,720.71,1281.48,0
2004-07-26,00:00,324.53,571.16,136.44,376.19,0
2004-07-27,00:00,-837.8,-674.1,-1113.68,-920.68,0
2004-07-28,00:00,1097.26,1673.79,600.06,1012.42,0
2004-07-29,00:00,464.55,1046.31,135.36,450.0,0
2004-07-30,00:00,1206.18,1602.47,450.61,1076.34,0
2004-08-02,00:00,712.88,1056.37,308.16,690.34,0
2004-08-03,00:00,33.84,441.5,-405.89,-44.17,0
2004-08-04,00:00,-941.33,-395.17,-1381.37,-831.06,0
2004-08-05,00:00,-684.79,-122.2,-948.66,-560.51,0
2004-08-06,00:00,318.14,855.55,-43.73,343.94,0
2004-08-09,00:00,-863.14,-605.63,-1436.62,-904.33,0
2004-08-10,00:00,993.65,1372.98,315.95,860.46,0
2004-08-11,00:00,-95.12,111.47,-390.04,-89.82,0
2004-08-12,00:00,-274.33,373.43,-822.22,-256.55,0
2004-08-13,00:00,947.75,1547.92,542.72,950.37,0
2004-08-16,00:00,1434.97,1955.04,922.29,1527.65,0
2004-08-17,00:00,-282.91,66.72,-704.85,-384.4,0
2004-08-18,00:00,571.09,654.24,64.43,442.92,0
2004-08-19,00:00,489.54,963.07,172.35,543.66,0
2004-08-20,00:00,705.31,1134.44,204.42,645.14,0
2004-08-23,00:00,-278.97,77.01,-652.99,-275.69,0
2004-08-24,00:00,705.17,1302.85,146.73,693.56,0
2004-08-25,00:00,432.92,876.96,-18.74,400.98,0
2004-08-26,00:00,-459.13,-162.87,-537.41,-413.66,0
2004-08-27,00:00,-601.79,-165.4,-782.0,-625.11,0
2004-08-30,00:00,227.77,755.53,-204.84,238.39,0
2004-08-31,00:00,1144.07,1418.52,865.89,1205.27,0
2004-09-01,00:00,497.63,932.4,251.31,554.33,0
2004-09-02,00:00,681.73,989.73,227.69,643.57,0
2004-09-03,00:00,-179.84,304.17,-406.02,-10.3,0
2004-09-06,00:00,-232.59,397.66,-750.94,-277.91,0
2004-09-07,00:00,814.14,1268.11,481.01,782.12,0
2004-09-08,00:00,524.16,808.08,-20.95,446.17,0
2004-09-09,00:00,629.41,904.54,325.97,645.63,0
2004-09-10,00:00,994.19,1381.25,557.66,925.04,0
2004-09-13,00:00,-438.45,91.03,-924.56,-384.11,0
2004-09-14,00:00,-837.81,-544.98,-1569.86,-1011.64,0
2004-09-15,00:00,-18.69,416.51,-590.31,-70.66,0
2004-09-16,00:00,324.46,572.19,-39.07,251.3,0
2004-09-17,00:00,751.71,1124.29,293.23,699.86,0
2004-09-20,00:00,589.99,1078.87,-92.03,586.37,0
2004-09-21,00:00,-572.09,-157.98,-1152.86,-568.37,0
2004-09-22,00:00,926.71,1420.45,372.02,895.03,0
2004-09-23,00:00,506.83,783.37,21.9,410.29,0
2004-09-24,00:00,-36.08,232.99,-353.76,-45.65,0
2004-09-27,00:00,113.62,558.71,-401.53,180.99,0
2004-09-28,00:00,589.34,864.11,169.09,592.89,0
2004-09-29,00:00,-10.29,485.39,-227.3,112.47,0
2004-09-30,00:00,-653.45,-301.3,-1239.72,-689.0,0
2004-10-01,00:00,-157.54,178.38,-513.04,-180.92,0
2004-10-04,00:00,704.18,1132.57,115.92,728.48,0
2004-10-05,00:00,1128.21,1646.88,689.47,1127.93,0
2004-10-06,00:00,949.22,1336.02,502.63,881.32,0
2004-10-07,00:00,279.26,760.01,24.09,449.46,0
2004-10-08,00:00,-124.95,279.84,-502.24,-138.98,0
2004-10-11,00:00,567.23,961.28,398.26,648.78,0
2004-10-12,00:00,1049.34,1521.1,595.43,1051.56,0
2004-10-13,00:00,209.98,429.24,-463.44,106.97,0
2004-10-14,00:00,194.65,508.77,-34.79,179.35,0
2004-10-15,00:00,330.28,921.1,38.69,319.93,0
2004-10-18,00:00,869.32,1390.11,637.99,941.88,0
2004-10-19,00:00,-1476.52,-997.6,-2071.24,-1528.48,0
2004-10-20,00:00,1203.07,1586.28,1068.82,1330.78,0
2004-10-21,00:00,305.9,867.47,-53.31,356.16,0
2004-10-22,00:00,348.68,808.37,-90.63,365.24,0
2004-10-25,00:00,1423.97,1614.27,952.06,1350.61,0
2004-10-26,00:00,698.64,1113.46,101.17,670.16,0
2004-10-27,00:00,254.29,515.92,20.96,223.93,0
2004-10-28,00:00,833.12,1258.42,389.4,741.51,0
2004-10-29,00:00,-352.67,53.97,-1265.29,-460.44,0
2004-11-01,00:00,90.52,575.17,-301.34,190.27,0
2004-11-02,00:00,1030.72,1361.46,503.74,985.7,0
2004-11-03,00:00,799.86,1164.42,492.28,775.04,0
2004-11-04,00:00,531.18,703.4,-106.71,325.1,0
2004-11-05,00:00,1107.67,1662.16,753.62,1246.45,0
2004-11-08,00:00,1520.62,1929.26,1348.81,1678.05,0
2004-11-09,00:00,401.23,1035.59,40.55,446.38,0
2004-11-10,00:00,-592.96,-210.03,-961.68,-511.82,0
2004-11-11,00:00,804.28,1248.74,463.91,848.59,0
2004-11-12,00:00,1492.8,2078.93,1077.42,1675.66,0
2004-11-15,00:00,860.11,1353.62,455.17,759.08,0
2004-11-16,00:00,784.96,1267.39,539.55,890.42,0
2004-11-17,00:00,1077.85,1643.41,639.41,1155.33,0
2004-11-18,00:00,-581.4,63.03,-1005.8,-540.14,0
2004-11-19,00:00,913.55,1255.69,442.14,893.15,0
2004-11-22,00:00,807.64,1121.71,350.38,787.49,0
2004-11-23,00:00,1475.5,1997.95,996.01,1489.07,0
2004-11-24,00:00,266.94,857.09,-424.04,294.54,0
2004-11-25,00:00,-118.87,114.4,-584.25,-245.61,0
2004-11-26,00:00,1239.76,1691.59,683.74,1188.11,0
2004-11-29,00:00,884.14,1202.84,479.43,838.73,0
2004-11-30,00:00,589.8,985.59,45.27,471.84,0
2004-12-01,00:00,1146.14,1535.85,622.87,1109.55,0
2004-12-02,00:00,709.16,1039.16,432.97,762.73,0
2004-12-03,00:00,1717.2,2187.12,1503.87,1846.7,0
2004-12-06,00:00,168.08,444.28,-307.69,95.07,0
2004-12-07,00:00,-113.27,398.8,-481.93,-90.94,0
2004-12-08,00:00,-409.17,-132.99,-877.46,-536.75,0
2004-12-09,00:00,160.14,658.69,-218.45,220.71,0
2004-12-10,00:00,1673.37,1957.22,1518.37,1668.64,0
2004-12-13,00:00,876.98,1153.23,666.26,987.69,0
2004-12-14,00:00,978.55,1220.09,594.82,903.61,0
2004-12-15,00:00,1049.5,1538.14,484.45,1027.61,0
2004-12-16,00:00,-908.72,-540.86,-1365.58,-953.47,0
2004-12-17,00:00,1483.34,1821.0,976.79,1349.21,0
2004-12-20,00:00,857.21,1343.39,391.72,854.22,0
2004-12-21,00:00,-449.28,-35.91,-955.77,-536.04,0
2004-12-22,00:00,-411.77,118.54,-974.45,-403.79,0
2004-12-23,00:00,-211.77,306.4,-768.07,-243.8,0
2004-12-24,00:00,1012.04,1373.6,414.79,910.96,0
2004-12-27,00:00,23.45,410.18,-441.71,-110.1,0
2004-12-28,00:00,1005.17,1465.23,618.36,1018.97,0
2004-12-29,00:00,1133.08,1494.42,944.64,1157.04,0
2004-12-30,00:00,456.0,844.68,184.4,506.88,0
2004-12-31,00:00,-41.54,326.3,-411.43,-83.33,0
2005-01-03,00:00,-764.92,-597.79,-1311.46,-905.41,0
2005-01-04,00:00,759.32,1275.49,272.36,749.2,0
2005-01-05,00:00,362.62,1122.75,-79.49,461.77,0
2005-01-06,00:00,900.45,1167.01,487.73,858.62,0
2005-01-07,00:00,892.32,1273.05,302.55,785.31,0
2005-01-10,00:00,1192.43,1527.79,718.56,1091.86,0
2005-01-11,00:00,1028.89,1381.12,647.17,966.28,0
2005-01-12,00:00,-285.57,47.17,-619.1,-273.15,0
2005-01-13,00:00,-166.82,37.65,-461.79,-179.58,0
2005-01-14,00:00,248.68,523.14,-245.82,133.57,0
2005-01-17,00:00,525.86,1048.3,54.38,694.15,0
2005-01-18,00:00,582.12,830.81,319.14,519.16,0
2005-01-19,00:00,376.34,800.9,136.38,442.97,0
2005-01-20,00:00,-608.49,-80.24,-1178.92,-765.19,0
2005-01-21,00:00,519.39,780.8,28.11,410.69,0
2005-01-24,00:00,768.38,1121.46,253.09,674.03,0
2005-01-25,00:00,967.75,1469.54,487.2,1008.47,0
2005-01-26,00:00,898.27,1277.6,215.58,717.66,0
2005-01-27,00:00,439.11,1033.9,-130.8,410.63,0
2005-01-28,00:00,563.5,1116.68,299.34,631.14,0
2005-01-31,00:00,781.01,1297.32,237.89,824.82,0
2005-02-01,00:00,433.79,702.35,-290.72,238.06,0
2005-02-02,00:00,-220.22,397.75,-673.26,-234.87,0
2005-02-03,00:00,625.33,1149.01,231.18,713.46,0
2005-02-04,00:00,1026.62,1503.27,815.02,1095.86,0
2005-02-07,00:00,218.43,848.56,-58.9,356.4,0
2005-02-08,00:00,236.23,489.96,-479.83,171.89,0
2005-02-09,00:00,1433.5,1978.64,1116.99,1498.31,0
2005-02-10,00:00,-87.05,311.83,-508.59,-47.2,0
2005-02-11,00:00,208.79,923.18,-245.19,222.39,0
2005-02-14,00:00,184.35,563.48,-448.27,147.62,0
2005-02-15,00:00,25.51,461.29,-27.54,93.38,0
2005-02-16,00:00,237.66,690.18,-274.06,266.36,0
2005-02-17,00:00,1195.24,1748.79,758.75,1277.53,0
2005-02-18,00:00,-378.97,141.52,-688.37,-259.49,0
2005-02-21,00:00,-213.87,418.24,-746.77,-257.4,0
2005-02-22,00:00,155.53,542.06,-291.15,148.34,0
2005-02-23,00:00,394.97,736.69,-503.9,209.08,0
2005-02-24,00:00,998.38,1301.48,477.4,886.74,0
2005-02-25,00:00,-79.29,360.44,-564.98,-151.64,0
2005-02-28,00:00,469.06,1008.62,70.87,634.21,0
2005-03-01,00:00,-629.57,-74.42,-953.53,-588.35,0
2005-03-02,00:00,837.72,1044.78,247.29,714.88,0
2005-03-03,00:00,-485.04,-73.41,-838.82,-431.93,0
2005-03-04,00:00,775.52,1290.2,266.48,772.71,0
2005-03-07,00:00,498.5,857.98,-49.73,514.02,0
2005-03-08,00:00,1262.08,1594.83,705.82,1123.84,0
2005-03-09,00:00,86.64,743.57,-456.6,311.84,0
2005-03-10,00:00,878.87,1059.78,241.39,725.72,0
2005-03-11,00:00,502.33,710.21,42.03,444.11,0
2005-03-14,00:00,-448.63,-55.9,-864.57,-450.79,0
2005-03-15,00:00,-219.01,351.24,-667.92,-226.75,0
2005-03-16,00:00,-61.98,214.85,-566.89,-175.24,0
2005-03-17,00:00,152.32,612.65,-412.85,83.65,0
2005-03-18,00:00,227.87,624.77,-361.04,256.5,0
2005-03-21,00:00,603.86,883.89,124.26,606.0,0
2005-03-22,00:00,554.69,994.53,343.45,643.64,0
2005-03-23,00:00,941.94,1432.81,489.03,895.02,0
2005-03-24,00:00,1452.89,1812.05,1330.53,1556.73,0
2005-03-25,00:00,52.23,540.28,-607.69,64.92,0
2005-03-28,00:00,159.71,649.56,-368.24,61.69,0
2005-03-29,00:00,1066.07,1555.89,667.4,1068.65,0
2005-03-30,00:00,53.96,332.69,-571.09,-181.16,0
2005-03-31,00:00,590.36,905.2,110.63,594.31,0
2005-04-01,00:00,-319.73,270.0,-1088.41,-345.2,0
2005-04-04,00:00,314.34,623.61,-204.71,178.56,0
2005-04-05,00:00,63.25,536.76,-631.54,53.22,0
2005-04-06,00:00,577.32,1071.16,81.42,544.33,0
2005-04-07,00:00,283.67,625.44,-369.31,235.11,0
2005-04-08,00:00,675.75,1008.36,338.63,643.09,0
2005-04-11,00:00,1044.26,1272.55,684.9,1099.49,0
2005-04-12,00:00,-51.04,264.99,-431.42,-79.51,0
2005-04-13,00:00,-173.38,303.84,-333.34,-135.69,0
2005-04-14,00:00,321.74,823.95,-52.08,313.91,0
2005-04-15,00:00,-424.72,112.56,-722.02,-334.05,0
2005-04-18,00:00,700.44,1085.81,292.39,643.52,0
2005-04-19,00:00,1043.2,1463.4,562.28,1023.46,0
2005-04-20,00:00,1060.92,1631.74,977.89,1240.81,0
2005-04-21,00:00,1206.4,1535.3,691.08,1111.06,0
2005-04-22,00:00,538.06,843.59,225.2,499.44,0
2005-04-25,00:00,-496.43,-71.9,-826.67,-440.73,0
2005-04-26,00:00,889.58,1153.13,438.35,752.87,0
2005-04-27,00:00,679.25,1224.79,516.7,911.75,0
2005-04-28,00:00,1175.43,1565.17,748.93,1083.7,0
2005-04-29,00:00,348.8,789.42,-244.01,335.01,0
2005-05-02,00:00,-234.12,96.89,-761.39,-279.41,0
2005-05-03,00:00,656.78,1164.73,116.75,548.44,0
2005-05-04,00:00,-457.45,-129.79,-929.03,-466.51,0
2005-05-05,00:00,-292.03,288.22,-1027.86,-366.48,0
2005-05-06,00:00,346.53,571.67,17.21,337.72,0
2005-05-09,00:00,229.44,721.74,-280.78,315.49,0
2005-05-10,00:00,950.61,1503.32,463.81,935.47,0
2005-05-11,00:00,219.4,838.21,-225.48,298.15,0
2005-05-12,00:00,94.7,690.47,-235.57,102.28,0
2005-05-13,00:00,1892.59,2201.16,1580.55,1821.55,0
2005-05-16,00:00,973.23,1503.32,809.75,1125.21,0
2005-05-17,00:00,258.02,806.34,-298.68,308.44,0
2005-05-18,00:00,425.55,897.54,-92.96,363.53,0
2005-05-19,00:00,352.94,446.8,-183.6,274.43,0
2005-05-20,00:00,1208.07,1589.35,714.01,1240.73,0
2005-05-23,00:00,424.16,843.21,-91.33,503.88,0
2005-05-24,00:00,280.69,728.35,-166.19,220.16,0
2005-05-25,00:00,-127.93,296.61,-489.55,-247.41,0
2005-05-26,00:00,-439.72,-60.06,-1083.74,-488.9,0
2005-05-27,00:00,484.8,1037.7,102.8,611.98,0
2005-05-30,00:00,-709.21,-498.14,-930.45,-776.42,0
2005-05-31,00:00,425.19,854.84,256.16,528.44,0
2005-06-01,00:00,1285.87,1648.93,653.72,1241.65,0
2005-06-02,00:00,252.07,819.71,-97.82,374.38,0
2005-06-03,00:00,354.54,803.16,135.16,318.32,0
2005-06-06,00:00,742.2,981.59,389.08,724.45,0
2005-06-07,00:00,620.6,1263.9,390.71,798.48,0
2005-06-08,00:00,31.75,475.26,-434.13,54.26,0
2005-06-09,00:00,487.39,967.42,20.75,575.04,0
2005-06-10,00:00,-65.38,506.64,-494.44,17.33,0
2005-06-13,00:00,1034.36,1505.88,754.74,1113.74,0
2005-06-14,00:00,742.74,1283.19,251.52,831.3,0
2005-06-15,00:00,1389.46,2017.83,1066.43,1525.07,0
2005-06-16,00:00,1400.71,1833.49,938.87,1400.46,0
2005-06-17,00:00,-375.29,-13.06,-488.75,-230.75,0
2005-06-20,00:00,-71.64,328.19,-547.03,-102.68,0
2005-06-21,00:00,330.22,543.14,-283.29,118.43,0
2005-06-22,00:00,638.12,1170.84,139.62,736.98,0
2005-06-23,00:00,-433.57,-60.4,-683.52,-304.63,0
2005-06-24,00:00,-1000.32,-586.25,-1297.89,-910.01,0
2005-06-27,00:00,425.42,568.42,23.21,287.64,0
2005-06-28,00:00,-667.49,46.96,-1214.47,-546.9,0
2005-06-29,00:00,448.11,959.62,61.97,485.99,0
2005-06-30,00:00,-144.63,217.9,-603.7,-193.5,0
2005-07-01,00:00,-613.4,-109.77,-1014.32,-577.17,0
2005-07-04,00:00,41.77,542.09,-259.56,163.23,0
2005-07-05,00:00,-277.61,249.84,-1025.85,-412.43,0
2005-07-06,00:00,-542.52,72.73,-674.92,-362.59,0
2005-07-07,00:00,-39.96,507.51,-528.06,-15.98,0
2005-07-08,00:00,751.69,1401.41,375.78,709.76,0
2005-07-11,00:00,177.47,651.15,-231.07,220.01,0
2005-07-12,00:00,510.94,1016.91,-26.11,560.55,0
2005-07-13,00:00,475.19,924.84,-18.34,415.01,0
2005-07-14,00:00,469.11,964.84,433.19,701.54,0
2005-07-15,00:00,-315.8,274.14,-633.12,-220.67,0
2005-07-18,00:00,343.34,677.73,-136.96,290.46,0
2005-07-19,00:00,688.84,899.85,186.94,635.38,0
2005-07-20,00:00,870.6,1316.69,720.94,879.6,0
2005-07-21,00:00,869.67,1633.05,195.16,884.46,0
2005-07-22,00:00,-1026.76,-405.18,-1496.38,-924.51,0
2005-07-25,00:00,1195.49,1606.2,1018.93,1225.79,0
2005-07-26,00:00,492.78,1074.3,-81.46,422.17,0
2005-07-27,00:00,80.87,710.92,-281.29,194.28,0
2005-07-28,00:00,246.2,803.86,-252.52,344.57,0
2005-07-29,00:00,736.63,1151.35,525.93,808.67,0
2005-08-01,00:00,-141.2,366.54,-435.82,-53.1,0
2005-08-02,00:00,898.95,1317.34,695.32,1031.79,0
2005-08-03,00:00,464.13,890.53,-222.06,351.14,0
2005-08-04,00:00,786.49,1202.32,329.9,818.36,0
2005-08-05,00:00,-574.12,-156.5,-1012.74,-588.37,0
2005-08-08,00:00,1376.23,1775.73,880.73,1371.75,0
2005-08-09,00:00,-444.43,-21.75,-775.16,-379.73,0
2005-08-10,00:00,-465.31,-57.7,-1023.46,-571.66,0
2005-08-11,00:00,-390.66,347.63,-892.35,-326.27,0
2005-08-12,00:00,830.84,1331.21,324.07,787.9,0
2005-08-15,00:00,-150.1,389.44,-737.37,-56.07,0
2005-08-16,00:00,270.26,724.99,-364.2,309.84,0
2005-08-17,00:00,360.11,787.4,52.71,379.37,0
2005-08-18,00:00,1034.35,1646.18,580.7,1010.65,0
2005-08-19,00:00,520.07,1094.75,277.63,631.75,0
2005-08-22,00:00,729.21,1208.03,442.07,723.05,0
2005-08-23,00:00,1119.36,1579.32,611.87,1117.24,0
2005-08-24,00:00,342.77,659.24,-134.53,269.31,0
2005-08-25,00:00,494.98,867.72,-89.48,326.63,0
2005-08-26,00:00,995.86,1239.78,552.22,919.33,0
2005-08-29,00:00,476.94,749.15,130.98,392.33,0
2005-08-30,00:00,936.7,1465.28,339.5,1052.33,0
2005-08-31,00:00,577.56,915.4,316.06,579.01,0
2005-09-01,00:00,-390.03,116.85,-977.97,-400.53,0
2005-09-02,00:00,551.95,928.56,396.23,671.0,0
2005-09-05,00:00,76.69,508.95,-444.14,76.86,0
2005-09-06,00:00,1086.15,1563.18,453.61,1046.45,0
2005-09-07,00:00,213.28,556.16,-203.25,191.58,0
2005-09-08,00:00,-340.96,-29.74,-869.09,-361.59,0
2005-09-09,00:00,-531.1,-16.55,-928.05,-411.68,0
2005-09-12,00:00,696.36,1173.68,237.88,678.58,0
2005-09-13,00:00,896.87,1339.92,241.19,795.99,0
2005-09-14,00:00,449.32,1011.97,73.22,477.48,0
2005-09-15,00:00,47.41,529.45,-244.44,168.2,0
2005-09-16,00:00,302.8,509.96,-118.88,202.92,0
2005-09-19,00:00,392.09,684.56,165.91,446.78,0
2005-09-20,00:00,315.8,814.65,-307.17,344.8,0
2005-09-21,00:00,-34.2,372.09,-548.91,-52.62,0
2005-09-22,00:00,678.43,1008.28,269.9,637.8,0
2005-09-23,00:00,29.95,442.42,-512.78,24.81,0
2005-09-26,00:00,-587.4,124.93,-1075.9,-618.54,0
2005-09-27,00:00,499.21,1146.14,117.23,665.06,0
2005-09-28,00:00,209.13,474.79,-79.05,189.4,0
2005-09-29,00:00,-110.99,380.76,-760.55,-166.53,0
2005-09-30,00:00,-139.27,-30.72,-747.59,-334.02,0
2005-10-03,00:00,-528.13,-326.39,-1071.09,-566.26,0
2005-10-04,00:00,526.18,902.28,28.06,437.34,0
2005-10-05,00:00,204.74,510.53,-367.48,123.12,0
2005-10-06,00:00,-19.47,373.75,-497.52,-86.31,0
2005-10-07,00:00,1853.15,2304.52,1378.07,1783.35,0
2005-10-10,00:00,-839.78,-216.94,-1347.86,-757.18,0
2005-10-11,00:00,711.02,1203.32,229.08,710.29,0
2005-10-12,00:00,518.52,827.47,277.74,560.34,0
2005-10-13,00:00,497.7,993.59,95.91,618.12,0
2005-10-14,00:00,275.42,703.91,-322.63,144.08,0
2005-10-17,00:00,1166.47,1387.85,783.01,1114.0,0
2005-10-18,00:00,1079.53,1637.91,769.31,1122.96,0
2005-10-19,00:00,246.33,643.68,-252.47,203.31,0
2005-10-20,00:00,835.06,1329.08,232.67,839.09,0
2005-10-21,00:00,92.51,831.9,-461.96,196.54,0
2005-10-24,00:00,672.89,1001.1,175.73,612.07,0
2005-10-25,00:00,1425.54,1736.96,1171.22,1462.54,0
2005-10-26,00:00,-574.62,-106.39,-875.86,-461.54,0
2005-10-27,00:00,1077.26,1493.41,551.61,978.67,0
2005-10-28,00:00,1126.87,1512.31,798.0,1142.89,0
2005-10-31,00:00,641.62,1076.78,292.01,721.61,0
2005-11-01,00:00,1242.52,1625.5,718.4,1182.74,0
2005-11-02,00:00,140.86,454.05,-412.11,-7.66,0
2005-11-03,00:00,1459.55,1764.71,1168.38,1473.04,0
2005-11-04,00:00,-312.81,133.11,-546.29,-236.57,0
2005-11-07,00:00,-526.03,-236.8,-897.9,-577.2,0
2005-11-08,00:00,-139.21,210.2,-594.13,-308.22,0
2005-11-09,00:00,78.09,499.26,-135.23,105.93,0
2005-11-10,00:00,1102.89,1639.24,748.44,1140.03,0
2005-11-11,00:00,901.68,1334.48,579.51,927.09,0
2005-11-14,00:00,879.47,1324.9,508.87,903.33,0
2005-11-15,00:00,-108.66,209.45,-661.99,-284.37,0
2005-11-16,00:00,269.78,646.54,16.73,221.42,0
2005-11-17,00:00,-1012.17,-552.11,-1286.23,-963.88,0
2005-11-18,00:00,495.33,996.36,140.72,527.33,0
2005-11-21,00:00,910.85,1440.09,461.36,897.84,0
2005-11-22,00:00,1146.25,1366.29,430.29,883.93,0
2005-11-23,00:00,818.12,1170.76,132.41,735.26,0
2005-11-24,00:00,196.64,626.75,-108.76,284.55,0
2005-11-25,00:00,1583.86,1977.97,1261.4,1660.72,0
2005-11-28,00:00,569.46,995.54,46.14,534.38,0
2005-11-29,00:00,140.94,492.9,-381.88,210.13,0
2005-11-30,00:00,304.05,747.52,-164.45,282.1,0
2005-12-01,00:00,214.69,882.51,-35.97,312.03,0
2005-12-02,00:00,201.45,490.07,-271.2,93.06,0
2005-12-05,00:00,1162.02,1486.63,744.48,1143.45,0
2005-12-06,00:00,570.34,695.02,140.37,403.04,0
2005-12-07,00:00,-1073.93,-542.15,-1591.5,-1071.66,0
2005-12-08,00:00,319.05,886.93,8.93,418.41,0
2005-12-09,00:00,704.38,1039.94,167.32,641.37,0
2005-12-12,00:00,1064.45,1644.67,627.22,1128.3,0
2005-12-13,00:00,917.66,1282.65,389.78,865.07,0
2005-12-14,00:00,-129.51,453.46,-594.98,-116.31,0
2005-12-15,00:00,880.53,1087.39,253.4,738.86,0
2005-12-16,00:00,1045.26,1439.63,548.31,1046.68,0
2005-12-19,00:00,1093.53,1474.39,662.12,1054.39,0
2005-12-20,00:00,1224.64,1732.8,882.59,1314.44,0
2005-12-21,00:00,664.85,803.44,63.94,515.77,0
2005-12-22,00:00,890.35,1269.87,766.87,1011.08,0
2005-12-23,00:00,1024.39,1591.52,544.51,979.85,0
2005-12-26,00:00,1136.04,1535.06,746.54,1107.06,0
2005-12-27,00:00,347.52,788.11,-261.69,220.52,0
2005-12-28,00:00,827.9,1187.35,574.11,882.69,0
2005-12-29,00:00,973.47,1358.73,628.09,1034.73,0
2005-12-30,00:00,359.49,512.34,-117.92,247.64,0
2006-01-02,00:00,375.0,802.45,-67.34,426.73,0
2006-01-03,00:00,675.11,857.92,258.21,654.92,0
2006-01-04,00:00,-199.12,73.53,-873.36,-361.47,0
2006-01-05,00:00,1675.32,2046.67,1208.81,1658.73,0
2006-01-06,00:00,642.77,968.91,354.12,606.1,0
2006-01-09,00:00,1750.72,2253.15,1262.75,1635.99,0
2006-01-10,00:00,825.15,1362.06,489.91,884.44,0
2006-01-11,00:00,962.52,1441.58,806.12,1136.46,0
2006-01-12,00:00,692.91,1295.04,305.92,730.54,0
2006-01-13,00:00,1162.02,1426.78,884.73,1142.6,0
2006-01-16,00:00,930.68,1347.84,157.59,783.71,0
2006-01-17,00:00,841.64,1305.11,593.56,959.75,0
2006-01-18,00:00,873.1,1265.43,648.29,902.61,0
2006-01-19,00:00,-245.84,-43.35,-450.25,-194.14,0
2006-01-20,00:00,-147.12,388.23,-401.82,-203.31,0
2006-01-23,00:00,416.15,794.22,93.35,478.75,0
2006-01-24,00:00,1171.78,1449.45,599.53,1092.78,0
2006-01-25,00:00,295.3,754.62,-129.74,360.21,0
2006-01-26,00:00,-884.5,-300.3,-1143.96,-784.38,0
2006-01-27,00:00,-108.28,395.71,-320.46,-13.13,0
2006-01-30,00:00,563.3,662.97,94.54,340.54,0
2006-01-31,00:00,953.61,1365.58,487.64,1001.98,0
2006-02-01,00:00,1173.92,1564.55,659.93,1188.43,0
2006-02-02,00:00,199.0,453.49,-105.53,207.23,0
2006-02-03,00:00,1035.54,1448.49,510.61,980.24,0
2006-02-06,00:00,924.13,1421.07,498.5,982.27,0
2006-02-07,00:00,582.97,1069.98,334.34,589.65,0
2006-02-08,00:00,114.94,391.01,-314.16,117.92,0
2006-02-09,00:00,-209.07,439.82,-551.77,-42.7,0
2006-02-10,00:00,20.42,344.83,-370.08,19.89,0
2006-02-13,00:00,-26.69,307.55,-324.79,67.99,0
2006-02-14,00:00,1149.07,1233.89,691.3,1051.33,0
2006-02-15,00:00,803.25,986.91,413.83,775.75,0
2006-02-16,00:00,-160.13,178.79,-173.38,-20.14,0
2006-02-17,00:00,306.02,700.35,-126.86,280.62,0
2006-02-20,00:00,1126.02,1412.46,785.27,1073.69,0
2006-02-21,00:00,314.12,796.66,-191.55,327.28,0
2006-02-22,00:00,169.35,615.27,-301.53,94.55,0
2006-02-23,00:00,117.41,733.23,-560.4,141.15,0
2006-02-24,00:00,298.81,910.61,-236.51,377.25,0
2006-02-27,00:00,279.41,667.49,166.36,394.96,0
2006-02-28,00:00,-376.93,-88.88,-613.15,-410.66,0
2006-03-01,00:00,572.84,895.51,220.0,655.18,0
2006-03-02,00:00,643.28,1166.23,182.59,711.18,0
2006-03-03,00:00,44.76,467.44,-416.61,154.96,0
2006-03-06,00:00,-95.99,347.69,-501.76,-70.03,0
2006-03-07,00:00,1232.57,1303.08,662.19,1134.46,0
2006-03-08,00:00,327.74,728.3,-229.65,437.77,0
2006-03-09,00:00,695.11,1043.44,243.5,626.77,0
2006-03-10,00:00,-394.07,109.35,-811.52,-372.79,0
2006-03-13,00:00,225.02,676.27,-65.91,242.0,0
2006-03-14,00:00,843.6,1153.32,523.76,771.62,0
2006-03-15,00:00,296.22,495.68,-29.04,342.06,0
2006-03-16,00:00,-439.52,148.48,-1011.09,-409.74,0
2006-03-17,00:00,721.18,1290.93,252.93,660.25,0
2006-03-20,00:00,357.52,870.79,-133.13,376.78,0
2006-03-21,00:00,-365.49,-72.43,-909.7,-500.09,0
2006-03-22,00:00,421.47,838.61,76.93,443.52,0
2006-03-23,00:00,1670.25,2182.66,1394.76,1757.39,0
2006-03-24,00:00,374.94,643.29,-111.62,374.99,0
2006-03-27,00:00,1075.7,1436.01,618.5,1104.88,0
2006-03-28,00:00,375.48,734.48,241.86,422.4,0
2006-03-29,00:00,1083.17,1569.08,615.92,1212.48,0
2006-03-30,00:00,-453.69,-90.61,-856.19,-551.26,0
2006-03-31,00:00,1786.82,2264.08,1255.18,1734.04,0
2006-04-03,00:00,-58.78,523.22,-447.36,-5.23,0
2006-04-04,00:00,379.99,762.37,294.59,474.32,0
2006-04-05,00:00,27.28,489.85,-402.5,102.79,0
2006-04-06,00:00,634.79,909.35,245.92,622.14,0
2006-04-07,00:00,49.6,428.98,-705.73,-87.21,0
2006-04-10,00:00,245.86,648.81,-137.5,212.86,0
2006-04-11,00:00,261.18,816.98,-40.14,340.0,0
2006-04-12,00:00,-94.06,432.22,-548.3,-96.73,0
2006-04-13,00:00,-140.49,403.7,-632.9,-92.48,0
2006-04-14,00:00,1138.03,1715.4,648.25,1183.18,0
2006-04-17,00:00,982.91,1464.45,470.6,877.51,0
2006-04-18,00:00,50.35,668.72,-405.93,36.06,0
2006-04-19,00:00,-1429.72,-864.63,-1686.81,-1354.08,0
2006-04-20,00:00,1092.15,1395.38,936.05,1217.2,0
2006-04-21,00:00,-107.05,382.28,-651.85,-126.91,0
2006-04-24,00:00,82.04,542.81,-50.46,236.28,0
2006-04-25,00:00,-146.42,182.14,-387.04,-106.34,0
2006-04-26,00:00,1701.66,2006.79,1182.59,1618.93,0
2006-04-27,00:00,239.98,462.81,-319.8,72.93,0
2006-04-28,00:00,-292.57,212.27,-854.56,-358.66,0
2006-05-01,00:00,591.51,908.31,126.75,608.53,0
2006-05-02,00:00,908.68,1335.57,217.07,784.08,0
2006-05-03,00:00,632.35,1178.19,232.42,725.86,0
2006-05-04,00:00,-452.32,81.92,-798.5,-515.02,0
2006-05-05,00:00,484.0,747.48,-20.11,302.91,0
2006-05-08,00:00,670.12,1310.8,4.15,650.38,0
2006-05-09,00:00,19.13,412.87,-601.81,-108.18,0
2006-05-10,00:00,547.23,941.86,-103.44,364.14,0
2006-05-11,00:00,-212.98,383.91,-508.67,-130.77,0
2006-05-12,00:00,315.84,655.69,-108.61,202.16,0
2006-05-15,00:00,198.17,658.86,-100.81,207.38,0
2006-05-16,00:00,188.24,530.07,-218.96,252.73,0
2006-05-17,00:00,-132.67,692.35,-547.67,14.16,0
2006-05-18,00:00,-96.98,629.92,-544.05,-161.77,0
2006-05-19,00:00,1481.18,1772.77,1062.91,1548.07,0
2006-05-22,00:00,1642.64,2302.15,1418.95,1765.14,0
2006-05-23,00:00,-467.08,-263.45,-679.18,-503.94,0
2006-05-24,00:00,-137.57,65.94,-583.12,-312.1,0
2006-05-25,00:00,807.62,1271.41,536.78,864.91,0
2006-05-26,00:00,-450.27,12.37,-703.32,-368.42,0
2006-05-29,00:00,568.15,1211.92,199.5,743.2,0
2006-05-30,00:00,961.39,1150.29,456.71,905.83,0
2006-05-31,00:00,75.57,275.14,-196.51,114.86,0
2006-06-01,00:00,581.68,1016.37,162.55,583.33,0
2006-06-02,00:00,453.79,725.75,-319.57,187.24,0
2006-06-05,00:00,-693.72,-310.76,-1196.39,-702.63,0
2006-06-06,00:00,440.36,739.63,61.58,385.0,0
2006-06-07,00:00,-189.81,254.32,-522.76,-18.69,0
2006-06-08,00:00,590.28,1184.75,-69.84,565.21,0
2006-06-09,00:00,-263.29,122.04,-767.14,-287.37,0
2006-06-12,00:00,421.09,1041.24,111.09,481.4,0
2006-06-13,00:00,585.58,1158.38,16.44,590.67,0
2006-06-14,00:00,-56.87,371.49,-655.0,-87.13,0
2006-06-15,00:00,1622.92,2140.0,1238.8,1713.26,0
2006-06-16,00:00,543.17,940.69,437.56,725.92,0
2006-06-19,00:00,393.84,565.96,-274.33,260.58,0
2006-06-20,00:00,649.67,1197.29,128.89,580.57,0
2006-06-21,00:00,1101.7,1402.28,652.42,1126.52,0
2006-06-22,00:00,-25.66,303.26,-499.28,-139.09,0
2006-06-23,00:00,41.08,496.7,-469.52,20.1,0
2006-06-26,00:00,1055.16,1588.88,344.86,970.62,0
2006-06-27,00:00,1277.83,1637.79,966.16,1338.61,0
2006-06-28,00:00,488.79,1027.86,156.67,683.73,0
2006-06-29,00:00,417.93,903.2,-157.04,358.59,0
2006-06-30,00:00,240.67,852.95,-139.08,221.44,0
2006-07-03,00:00,692.99,1271.52,92.51,623.87,0
2006-07-04,00:00,616.91,1056.64,107.63,498.4,0
2006-07-05,00:00,171.42,668.36,-515.72,23.08,0
2006-07-06,00:00,570.4,892.49,175.66,508.19,0
2006-07-07,00:00,238.89,662.85,-220.37,284.2,0
2006-07-10,00:00,-460.8,-6.06,-1052.64,-485.43,0
2006-07-11,00:00,583.14,944.62,363.95,633.05,0
2006-07-12,00:00,784.82,1263.66,438.18,795.77,0
2006-07-13,00:00,915.1,1194.26,473.85,801.34,0
2006-07-14,00:00,-650.15,-477.53,-990.58,-582.96,0
2006-07-17,00:00,389.73,806.61,-489.41,336.83,0
2006-07-18,00:00,65.84,561.27,-313.75,161.66,0
2006-07-19,00:00,-144.12,404.37,-484.19,25.56,0
2006-07-20,00:00,-424.39,62.42,-812.58,-392.3,0
2006-07-21,00:00,983.17,1369.96,801.19,1032.25,0
2006-07-24,00:00,-1020.48,-583.39,-1315.63,-957.37,0
2006-07-25,00:00,-54.26,274.46,-731.63,-154.75,0
2006-07-26,00:00,667.05,928.88,244.49,595.2,0
2006-07-27,00:00,1400.58,1549.13,799.07,1179.02,0
2006-07-28,00:00,601.31,905.32,169.14,588.19,0
2006-07-31,00:00,-292.84,233.1,-606.34,-235.79,0
2006-08-01,00:00,767.78,1037.51,208.05,643.66,0
2006-08-02,00:00,986.86,1407.38,418.38,955.31,0
2006-08-03,00:00,242.83,350.65,-29.75,154.88,0
2006-08-04,00:00,-191.58,402.86,-552.61,-3.97,0
2006-08-07,00:00,1568.31,2013.03,995.2,1454.46,0
2006-08-08,00:00,143.02,423.15,102.28,279.42,0
2006-08-09,00:00,323.16,907.5,-38.02,459.95,0
2006-08-10,00:00,660.81,1099.02,54.14,577.74,0
2006-08-11,00:00,-5.35,517.29,-599.51,23.18,0
2006-08-14,00:00,1046.43,1394.08,756.48,1011.16,0
2006-08-15,00:00,825.67,1410.48,393.06,956.78,0
2006-08-16,00:00,-1111.01,-820.78,-1535.39,-1145.7,0
2006-08-17,00:00,632.74,1134.6,312.14,688.84,0
2006-08-18,00:00,846.92,1113.34,320.4,840.91,0
2006-08-21,00:00,938.75,1211.34,479.15,799.68,0
2006-08-22,00:00,746.6,1159.74,577.73,796.68,0
2006-08-23,00:00,372.01,531.51,-35.3,238.21,0
2006-08-24,00:00,919.4,1352.79,614.81,931.86,0
2006-08-25,00:00,-627.4,-19.87,-816.89,-437.49,0
2006-08-28,00:00,654.95,1267.05,282.81,845.28,0
2006-08-29,00:00,-407.2,170.78,-621.2,-350.0,0
2006-08-30,00:00,-251.51,104.95,-754.27,-335.97,0
2006-08-31,00:00,-195.88,297.02,-583.71,-100.61,0
2006-09-01,00:00,-265.15,125.76,-474.65,-254.53,0
2006-09-04,00:00,671.58,1051.19,381.19,707.45,0
2006-09-05,00:00,570.18,830.65,-22.35,443.13,0
2006-09-06,00:00,280.62,381.49,-183.08,104.19,0
2006-09-07,00:00,216.41,663.9,-330.45,186.68,0
2006-09-08,00:00,1015.85,1449.83,713.41,1080.05,0
2006-09-11,00:00,530.55,1044.14,220.29,595.69,0
2006-09-12,00:00,1206.77,1576.35,482.88,1056.98,0
2006-09-13,00:00,876.03,1261.98,726.7,926.54,0
2006-09-14,00:00,281.16,807.9,-133.03,236.19,0
2006-09-15,00:00,40.27,469.16,-365.42,95.72,0
2006-09-18,00:00,-615.11,-188.21,-886.03,-599.5,0
2006-09-19,00:00,490.65,1110.48,153.76,563.65,0
2006-09-20,00:00,73.23,420.92,-184.69,153.94,0
2006-09-21,00:00,-113.44,453.74,-654.04,-88.45,0
2006-09-22,00:00,127.1,577.56,-34.47,222.8,0
2006-09-25,00:00,379.44,856.23,-1.96,426.9,0
2006-09-26,00:00,323.76,853.06,-78.95,404.32,0
2006-09-27,00:00,151.58,644.79,-349.79,248.87,0
2006-09-28,00:00,1801.82,2133.07,1329.82,1831.61,0
2006-09-29,00:00,379.78,609.38,107.23,346.79,0
2006-10-02,00:00,253.32,684.24,-55.56,391.05,0
2006-10-03,00:00,-399.45,-249.42,-835.85,-392.39,0
2006-10-04,00:00,-993.36,-711.54,-1278.33,-1023.89,0
2006-10-05,00:00,1006.7,1531.83,769.5,1211.78,0
2006-10-06,00:00,117.74,716.84,-387.31,228.89,0
2006-10-09,00:00,257.76,715.88,-184.55,284.3,0
2006-10-10,00:00,434.13,807.23,151.44,448.51,0
2006-10-11,00:00,63.51,589.61,-599.34,33.48,0
2006-10-12,00:00,254.68,810.03,-25.76,283.1,0
2006-10-13,00:00,-641.07,-90.97,-1055.64,-573.65,0
2006-10-16,00:00,453.38,969.26,120.61,462.88,0
2006-10-17,00:00,451.38,982.03,151.95,551.56,0
2006-10-18,00:00,672.04,1428.41,246.83,856.66,0
2006-10-19,00:00,1452.78,1487.15,940.35,1242.03,0
2006-10-20,00:00,80.66,680.15,-381.59,204.91,0
2006-10-23,00:00,1562.46,1960.61,1158.79,1591.07,0
2006-10-24,00:00,1403.05,1715.23,939.45,1446.6,0
2006-10-25,00:00,-407.66,265.6,-821.4,-343.09,0
2006-10-26,00:00,350.5,671.12,-118.96,303.31,0
2006-10-27,00:00,-66.89,439.49,-585.45,-32.94,0
2006-10-30,00:00,1078.71,1510.36,763.17,1144.45,0
2006-10-31,00:00,145.13,431.15,-198.55,-83.89,0
2006-11-01,00:00,78.34,327.57,-339.4,16.87,0
2006-11-02,00:00,875.94,1499.18,458.48,966.61,0
2006-11-03,00:00,253.21,660.49,-154.64,271.23,0
2006-11-06,00:00,1220.82,1757.07,791.93,1207.48,0
2006-11-07,00:00,1728.03,2004.48,1493.11,1702.72,0
2006-11-08,00:00,547.39,757.56,223.35,494.87,0
2006-11-09,00:00,1190.24,1577.96,776.11,1137.38,0
2006-11-10,00:00,831.78,1372.1,516.65,841.45,0
2006-11-13,00:00,1021.8,1303.01,490.21,910.0,0
2006-11-14,00:00,-473.92,-13.35,-832.18,-455.68,0
2006-11-15,00:00,-97.82,365.01,-325.54,19.14,0
2006-11-16,00:00,-330.03,110.97,-843.58,-402.62,0
2006-11-17,00:00,31.93,456.98,-564.4,83.42,0
2006-11-20,00:00,1377.99,1756.91,769.11,1389.49,0
2006-11-21,00:00,-408.47,92.66,-971.63,-455.89,0
2006-11-22,00:00,-59.74,366.19,-508.0,47.23,0
2006-11-23,00:00,1369.25,1832.81,870.95,1365.37,0
2006-11-24,00:00,438.67,776.09,-232.44,293.25,0
2006-11-27,00:00,1309.82,1456.05,768.0,1150.11,0
2006-11-28,00:00,1049.64,1500.46,781.01,1054.27,0
2006-11-29,00:00,-244.15,434.32,-729.35,-180.94,0
2006-11-30,00:00,126.01,699.15,-191.85,227.65,0
2006-12-01,00:00,-305.35,-77.58,-720.35,-323.44,0
2006-12-04,00:00,-378.99,73.24,-810.04,-402.1,0
2006-12-05,00:00,-4.4,476.54,-623.93,-108.68,0
2006-12-06,00:00,-455.18,-39.08,-882.13,-469.14,0
2006-12-07,00:00,-350.31,243.51,-598.61,-314.72,0
2006-12-08,00:00,361.21,778.83,-56.71,362.67,0
2006-12-11,00:00,428.92,757.36,146.01,461.18,0
2006-12-12,00:00,287.53,675.36,-87.09,260.41,0
2006-12-13,00:00,1111.16,1756.7,635.84,1137.55,0
2006-12-14,00:00,727.18,1160.86,383.6,790.13,0
2006-12-15,00:00,227.38,660.58,-284.01,228.99,0
2006-12-18,00:00,1078.09,1721.1,772.09,1182.79,0
2006-12-19,00:00,1369.65,2099.02,1293.44,1661.11,0
2006-12-20,00:00,42.55,361.03,-287.92,-23.56,0
2006-12-21,00:00,1263.17,1461.77,613.14,1170.43,0
2006-12-22,00:00,259.7,730.37,-54.72,188.57,0
2006-12-25,00:00,1627.06,2078.76,1175.27,1614.26,0
2006-12-26,00:00,914.17,1519.12,290.6,894.65,0
2006-12-27,00:00,132.76,589.05,-229.51,201.99,0
2006-12-28,00:00,631.61,1125.78,369.43,597.86,0
2006-12-29,00:00,-512.36,95.04,-809.19,-342.36,0
2007-01-01,00:00,-66.67,201.39,-617.41,-93.31,0
2007-01-02,00:00,210.85,590.88,-83.74,297.37,0
2007-01-03,00:00,-724.7,-310.79,-1356.9,-902.67,0
2007-01-04,00:00,879.01,1220.1,400.25,943.57,0
2007-01-05,00:00,583.1,812.59,371.25,589.66,0
2007-01-08,00:00,1034.74,1570.6,762.68,1135.87,0
2007-01-09,00:00,2400.54,2801.53,2021.71,2366.53,0
2007-01-10,00:00,677.28,1058.26,152.47,619.75,0
2007-01-11,00:00,-822.46,-428.09,-1353.84,-801.39,0
2007-01-12,00:00,401.09,809.96,14.92,446.65,0
2007-01-15,00:00,727.7,1304.76,182.35,741.34,0
2007-01-16,00:00,295.57,754.89,-54.16,234.94,0
2007-01-17,00:00,674.66,1233.69,206.65,704.74,0
2007-01-18,00:00,328.75,906.1,-74.78,370.27,0
2007-01-19,00:00,-265.01,220.86,-820.05,-298.6,0
2007-01-22,00:00,690.84,1086.12,-8.38,671.86,0
2007-01-23,00:00,1951.48,2370.31,1605.25,1993.34,0
2007-01-24,00:00,1265.98,1501.98,606.36,1187.1,0
2007-01-25,00:00,1088.16,1236.59,480.24,844.91,0
2007-01-26,00:00,276.48,904.8,111.9,262.27,0
2007-01-29,00:00,342.09,1242.9,29.61,467.97,0
2007-01-30,00:00,790.28,1217.0,272.76,764.86,0
2007-01-31,00:00,590.56,1224.93,86.06,563.35,0
2007-02-01,00:00,718.25,1078.8,178.52,684.08,0
2007-02-02,00:00,361.01,943.73,-40.12,428.17,0
2007-02-05,00:00,506.51,931.78,13.21,446.44,0
2007-02-06,00:00,632.24,1136.19,383.41,687.1,0
2007-02-07,00:00,-559.72,-178.88,-994.06,-608.09,0
2007-02-08,00:00,359.3,727.1,-99.81,366.87,0
2007-02-09,00:00,615.46,1262.49,206.58,682.05,0
2007-02-12,00:00,740.73,1230.82,385.94,804.62,0
2007-02-13,00:00,174.05,423.0,37.29,230.36,0
2007-02-14,00:00,585.73,1053.03,348.53,597.46,0
2007-02-15,00:00,256.76,752.85,-442.15,198.27,0
2007-02-16,00:00,912.83,1411.51,370.47,878.64,0
2007-02-19,00:00,390.95,863.52,-65.2,402.57,0
2007-02-20,00:00,760.65,1195.55,395.13,827.85,0
2007-02-21,00:00,146.45,582.06,-425.3,104.3,0
2007-02-22,00:00,1095.97,1268.08,617.55,976.31,0
2007-02-23,00:00,275.88,577.95,-182.64,184.87,0
2007-02-26,00:00,-131.35,286.14,-421.35,-111.06,0
2007-02-27,00:00,266.5,699.06,-233.23,246.27,0
2007-02-28,00:00,214.32,508.92,-265.29,235.32,0
2007-03-01,00:00,1288.4,1647.26,1028.44,1411.71,0
2007-03-02,00:00,445.11,850.22,60.5,495.23,0
2007-03-05,00:00,-724.18,-211.18,-1092.25,-623.99,0
2007-03-06,00:00,317.97,553.77,-65.86,235.93,0
2007-03-07,00:00,-28.6,369.63,-518.59,-111.86,0
2007-03-08,00:00,1702.58,2052.26,1351.23,1651.41,0
2007-03-09,00:00,255.11,800.92,-94.01,230.12,0
2007-03-12,00:00,804.52,1096.9,178.95,821.44,0
2007-03-13,00:00,983.88,1408.75,196.99,865.44,0
2007-03-14,00:00,1201.6,1455.7,734.9,1118.09,0
2007-03-15,00:00,-527.86,-142.07,-1072.63,-639.03,0
2007-03-16,00:00,882.65,1341.54,556.36,878.46,0
2007-03-19,00:00,698.68,1219.24,346.64,743.8,0
2007-03-20,00:00,253.37,896.09,12.04,375.36,0
2007-03-21,00:00,1117.33,1267.0,594.96,1031.7,0
2007-03-22,00:00,1009.76,1427.22,434.59,850.73,0
2007-03-23,00:00,381.04,874.63,-224.94,339.81,0
2007-03-26,00:00,758.01,1109.04,500.42,853.39,0
2007-03-27,00:00,303.55,724.55,-83.18,254.22,0
2007-03-28,00:00,-71.21,106.63,-589.2,-190.04,0
2007-03-29,00:00,218.85,548.85,-293.9,197.3,0
2007-03-30,00:00,759.94,1499.05,547.26,858.69,0
2007-04-02,00:00,788.0,1277.39,319.57,721.66,0
2007-04-03,00:00,562.37,1009.48,74.41,608.68,0
2007-04-04,00:00,757.77,1095.31,408.74,677.82,0
2007-04-05,00:00,1021.09,1160.61,744.19,961.06,0
2007-04-06,00:00,1112.9,1487.36,678.75,1060.09,0
2007-04-09,00:00,615.14,1069.97,320.7,691.43,0
2007-04-10,00:00,-392.88,18.84,-698.75,-424.32,0
2007-04-11,00:00,415.67,816.93,239.76,484.14,0
2007-04-12,00:00,807.53,1261.41,510.35,935.12,0
2007-04-13,00:00,995.48,1627.15,455.41,998.1,0
2007-04-16,00:00,398.13,577.4,-64.85,303.29,0
2007-04-17,00:00,22.68,291.42,-294.95,65.78,0
2007-04-18,00:00,859.72,1460.34,453.25,1032.89,0
2007-04-19,00:00,448.96,803.86,237.75,560.98,0
2007-04-20,00:00,2.17,637.25,-250.34,132.65,0
2007-04-23,00:00,-601.14,17.43,-1010.79,-578.92,0
2007-04-24,00:00,804.63,1257.48,288.68,811.7,0
2007-04-25,00:00,788.1,1391.6,319.16,840.06,0
2007-04-26,00:00,331.33,758.99,-143.94,398.95,0
2007-04-27,00:00,620.6,1068.62,5.85,608.6,0
2007-04-30,00:00,236.63,627.06,-203.72,156.34,0
2007-05-01,00:00,1019.87,1371.56,715.8,1068.19,0
2007-05-02,00:00,958.89,1237.98,485.7,1012.88,0
2007-05-03,00:00,655.21,1058.76,156.45,549.29,0
2007-05-04,00:00,168.34,527.77,-67.94,163.33,0
2007-05-07,00:00,1268.57,1684.03,943.59,1290.83,0
2007-05-08,00:00,-91.02,124.42,-555.62,-206.09,0
2007-05-09,00:00,378.27,661.76,-74.59,291.8,0
2007-05-10,00:00,479.16,790.82,87.69,379.54,0
2007-05-11,00:00,487.54,815.27,63.38,447.84,0
2007-05-14,00:00,1044.43,1541.08,694.71,1170.45,0
2007-05-15,00:00,897.54,1414.92,253.03,846.61,0
2007-05-16,00:00,900.68,1372.68,612.32,954.29,0
2007-05-17,00:00,1837.43,2098.71,1539.11,1757.86,0
2007-05-18,00:00,173.01,714.91,-237.21,176.27,0
2007-05-21,00:00,21.66,576.14,-504.33,6.02,0
2007-05-22,00:00,117.44,705.64,-366.72,96.56,0
2007-05-23,00:00,594.97,1174.62,274.09,690.63,0
2007-05-24,00:00,516.94,1032.55,84.92,516.87,0
2007-05-25,00:00,-303.25,260.91,-971.76,-319.98,0
2007-05-28,00:00,123.32,510.06,-209.19,71.1,0
2007-05-29,00:00,-67.31,151.14,-287.06,-18.09,0
2007-05-30,00:00,-54.72,291.78,-500.18,-116.64,0
2007-05-31,00:00,509.09,961.38,79.23,582.54,0
2007-06-01,00:00,1776.33,2276.45,1394.94,1813.13,0
2007-06-04,00:00,980.36,1239.95,443.02,864.76,0
2007-06-05,00:00,557.77,1039.24,188.62,496.02,0
2007-06-06,00:00,371.05,901.14,-95.13,415.38,0
2007-06-07,00:00,1082.96,1660.86,516.02,1112.41,0
2007-06-08,00:00,288.49,698.98,-247.23,226.27,0
2007-06-11,00:00,-86.66,515.92,-545.33,13.81,0
2007-06-12,00:00,-258.44,469.59,-570.04,-196.07,0
2007-06-13,00:00,597.33,909.44,-10.99,506.66,0
2007-06-14,00:00,1101.05,1738.86,705.17,1216.02,0
2007-06-15,00:00,371.07,744.87,161.29,514.27,0
2007-06-18,00:00,-224.66,200.82,-487.14,-151.09,0
2007-06-19,00:00,165.27,649.95,-310.4,78.6,0
2007-06-20,00:00,281.33,805.97,-37.1,367.05,0
2007-06-21,00:00,762.02,1066.69,412.53,785.99,0
2007-06-22,00:00,-28.21,356.11,-600.28,-82.81,0
2007-06-25,00:00,165.28,563.07,-211.73,123.15,0
2007-06-26,00:00,-327.84,113.21,-636.74,-321.52,0
2007-06-27,00:00,19.9,475.31,-566.04,10.18,0
2007-06-28,00:00,1089.09,1573.23,591.1,1067.46,0
2007-06-29,00:00,594.39,948.46,168.64,557.51,0
2007-07-02,00:00,-45.5,442.87,-388.69,53.78,0
2007-07-03,00:00,196.99,539.92,-365.65,215.81,0
2007-07-04,00:00,627.85,1295.69,175.79,636.23,0
2007-07-05,00:00,947.2,1396.13,427.26,1051.85,0
2007-07-06,00:00,103.67,699.0,-568.16,78.82,0
2007-07-09,00:00,346.67,814.38,-362.44,203.13,0
2007-07-10,00:00,497.11,998.11,115.5,536.49,0
2007-07-11,00:00,1150.01,1435.15,861.68,1192.78,0
2007-07-12,00:00,496.23,933.76,80.82,605.1,0
2007-07-13,00:00,868.92,1398.07,397.94,940.52,0
2007-07-16,00:00,295.84,762.76,-262.44,281.45,0
2007-07-17,00:00,-458.84,-76.76,-842.25,-536.67,0
2007-07-18,00:00,1311.68,1909.57,927.9,1372.78,0
2007-07-19,00:00,-68.05,319.88,-574.93,-130.56,0
2007-07-20,00:00,464.54,805.57,-83.96,477.4,0
2007-07-23,00:00,955.2,1516.8,528.45,1022.65,0
2007-07-24,00:00,58.49,470.99,-375.69,26.9,0
2007-07-25,00:00,774.48,1193.09,187.04,621.33,0
2007-07-26,00:00,1131.85,1427.54,586.28,1020.53,0
2007-07-27,00:00,-487.1,46.79,-876.79,-512.45,0
2007-07-30,00:00,253.72,854.6,-3.66,380.93,0
2007-07-31,00:00,754.51,1117.21,491.05,848.14,0
2007-08-01,00:00,-254.21,-111.82,-757.98,-342.65,0
2007-08-02,00:00,401.61,852.91,-4.5,448.81,0
2007-08-03,00:00,1425.85,2045.87,1049.57,1527.17,0
2007-08-06,00:00,1033.07,1609.61,621.67,1133.52,0
2007-08-07,00:00,583.59,967.37,136.91,535.5,0
2007-08-08,00:00,1334.65,1779.47,1053.02,1377.05,0
2007-08-09,00:00,1477.9,1793.57,1145.0,1489.94,0
2007-08-10,00:00,283.37,851.1,79.11,379.77,0
2007-08-13,00:00,524.78,961.98,20.87,436.94,0
2007-08-14,00:00,985.02,1427.22,687.42,997.56,0
2007-08-15,00:00,690.67,1056.27,292.11,604.43,0
2007-08-16,00:00,665.2,904.85,330.19,579.79,0
2007-08-17,00:00,700.81,1258.56,36.29,701.38,0
2007-08-20,00:00,345.05,865.1,-89.75,340.57,0
2007-08-21,00:00,186.41,598.97,54.06,272.97,0
2007-08-22,00:00,701.34,1096.84,117.87,764.49,0
2007-08-23,00:00,-277.58,-50.03,-702.68,-335.51,0
2007-08-24,00:00,801.05,1368.01,523.13,822.94,0
2007-08-27,00:00,331.65,640.11,-22.85,218.53,0
2007-08-28,00:00,382.46,963.14,-274.02,281.13,0
2007-08-29,00:00,1128.45,1681.84,725.9,1287.61,0
2007-08-30,00:00,-330.27,171.65,-716.09,-218.2,0
2007-08-31,00:00,771.49,1277.85,277.96,802.39,0
2007-09-03,00:00,1388.32,1910.74,861.79,1334.41,0
2007-09-04,00:00,808.1,1054.98,416.13,747.75,0
2007-09-05,00:00,248.6,744.31,-283.03,232.98,0
2007-09-06,00:00,820.61,1131.89,421.27,751.97,0
2007-09-07,00:00,-35.69,419.3,-757.51,-187.32,0
2007-09-10,00:00,-358.46,34.85,-739.31,-430.53,0
2007-09-11,00:00,338.5,732.22,135.79,346.62,0
2007-09-12,00:00,-262.05,283.44,-809.58,-146.8,0
2007-09-13,00:00,465.98,688.57,75.62,481.77,0
2007-09-14,00:00,348.18,564.65,-92.82,186.68,0
2007-09-17,00:00,-242.74,279.34,-555.42,-219.09,0
2007-09-18,00:00,-644.7,-283.12,-755.52,-581.03,0
2007-09-19,00:00,1180.5,1624.29,811.54,1094.99,0
2007-09-20,00:00,858.93,1170.15,501.04,790.53,0
2007-09-21,00:00,549.86,882.73,-16.11,356.82,0
2007-09-24,00:00,-72.82,319.47,-622.45,-112.66,0
2007-09-25,00:00,-340.56,189.31,-525.3,-181.39,0
2007-09-26,00:00,328.99,873.33,-47.46,365.86,0
2007-09-27,00:00,1064.5,1166.51,654.18,995.9,0
2007-09-28,00:00,72.04,444.61,-460.86,95.04,0
2007-10-01,00:00,984.0,1247.37,329.81,888.89,0
2007-10-02,00:00,-480.0,4.96,-864.76,-332.16,0
2007-10-03,00:00,-262.33,186.33,-666.03,-250.65,0
2007-10-04,00:00,527.87,900.87,164.28,512.82,0
2007-10-05,00:00,-126.09,187.43,-449.81,-81.36,0
2007-10-08,00:00,154.31,597.72,-309.85,191.5,0
2007-10-09,00:00,272.29,680.14,-113.83,240.23,0
2007-10-10,00:00,588.3,837.95,59.72,508.9,0
2007-10-11,00:00,511.42,884.08,298.77,625.83,0
2007-10-12,00:00,-89.17,440.89,-536.41,-36.9,0
2007-10-15,00:00,251.21,685.28,-219.05,322.6,0
2007-10-16,00:00,1184.23,1541.68,969.71,1263.5,0
2007-10-17,00:00,227.65,895.9,-139.49,331.58,0
2007-10-18,00:00,456.38,1000.03,87.16,602.34,0
2007-10-19,00:00,-405.55,96.63,-893.01,-482.74,0
2007-10-22,00:00,1049.13,1608.96,727.25,1154.57,0
2007-10-23,00:00,461.47,906.64,-114.22,492.09,0
2007-10-24,00:00,970.83,1300.95,503.17,974.54,0
2007-10-25,00:00,502.17,837.09,-8.15,483.72,0
2007-10-26,00:00,910.22,1460.54,699.88,1025.92,0
2007-10-29,00:00,1062.29,1582.25,614.18,1041.55,0
2007-10-30,00:00,-312.21,246.92,-757.56,-294.26,0
2007-10-31,00:00,777.46,1246.65,242.69,861.21,0
2007-11-01,00:00,-666.43,-142.05,-1159.7,-787.34,0
2007-11-02,00:00,1096.75,1439.55,678.61,1018.39,0
2007-11-05,00:00,-135.06,217.59,-327.7,-133.34,0
2007-11-06,00:00,334.67,700.25,-144.32,325.19,0
2007-11-07,00:00,-474.19,162.38,-868.9,-487.95,0
2007-11-08,00:00,287.2,601.87,-266.15,108.11,0
2007-11-09,00:00,72.91,622.36,-282.02,165.69,0
2007-11-12,00:00,757.61,1114.82,219.62,655.63,0
2007-11-13,00:00,-818.81,-274.29,-1021.53,-716.95,0
2007-11-14,00:00,589.55,1139.47,232.87,631.78,0
2007-11-15,00:00,341.1,780.86,154.87,497.65,0
2007-11-16,00:00,-1103.11,-515.57,-1303.38,-1029.7,0
2007-11-19,00:00,1106.84,1592.36,497.49,1112.33,0
2007-11-20,00:00,719.36,1059.15,187.38,678.84,0
2007-11-21,00:00,128.09,451.77,-158.07,104.1,0
2007-11-22,00:00,465.5,928.1,24.22,515.81,0
2007-11-23,00:00,149.48,530.5,-234.84,147.29,0
2007-11-26,00:00,10.46,511.27,-368.64,86.94,0
2007-11-27,00:00,-102.63,125.5,-262.91,-31.75,0
2007-11-28,00:00,-34.51,478.07,-479.85,-28.06,0
2007-11-29,00:00,318.72,803.2,-187.67,300.69,0
2007-11-30,00:00,1118.77,1465.32,658.21,1116.38,0
2007-12-03,00:00,58.63,436.7,-400.17,68.35,0
2007-12-04,00:00,1050.22,1459.1,419.86,918.75,0
2007-12-05,00:00,938.26,1191.1,682.7,957.87,0
2007-12-06,00:00,683.73,922.43,385.84,729.97,0
2007-12-07,00:00,447.04,666.93,25.74,404.89,0
2007-12-10,00:00,1332.52,1705.62,626.23,1200.6,0
2007-12-11,00:00,748.31,1271.35,285.17,654.73,0
2007-12-12,00:00,-0.6,426.53,-395.86,-84.82,0
2007-12-13,00:00,-14.42,281.69,-462.23,-56.71,0
2007-12-14,00:00,371.14,650.92,-188.8,244.77,0
2007-12-17,00:00,666.67,1023.55,463.41,757.93,0
2007-12-18,00:00,135.74,419.3,-400.05,177.8,0
2007-12-19,00:00,31.15,418.84,-150.04,132.47,0
2007-12-20,00:00,684.85,1028.72,153.7,671.36,0
2007-12-21,00:00,27.51,184.82,-218.13,-4.41,0
2007-12-24,00:00,1099.74,1449.62,588.12,1001.22,0
2007-12-25,00:00,-37.9,629.93,-438.59,16.39,0
2007-12-26,00:00,585.45,893.23,186.26,500.54,0
2007-12-27,00:00,470.0,1088.09,-27.81,522.96,0
2007-12-28,00:00,450.94,634.12,109.17,376.99,0
2007-12-31,00:00,-210.08,247.73,-545.6,-149.97,0
2008-01-01,00:00,-387.41,-61.48,-882.92,-428.7,0
2008-01-02,00:00,684.12,1179.89,157.92,604.37,0
2008-01-03,00:00,-260.83,26.85,-924.99,-319.83,0
2008-01-04,00:00,-4069.72,-3686.13,-4612.7,-4214.11,0
2008-01-07,00:00,-599.5,-255.25,-990.91,-648.13,0
2008-01-08,00:00,-1697.03,-1397.28,-1948.08,-1791.61,0
2008-01-09,00:00,13.27,260.36,-359.23,21.19,0
2008-01-10,00:00,1356.88,1880.3,1000.78,1488.61,0
2008-01-11,00:00,-535.4,-115.28,-989.05,-584.34,0
2008-01-14,00:00,-1816.57,-1274.66,-2405.24,-1756.45,0
2008-01-15,00:00,373.06,844.2,96.22,372.68,0
2008-01-16,00:00,248.74,678.91,-134.34,329.82,0
2008-01-17,00:00,-701.24,-36.41,-1132.35,-576.34,0
2008-01-18,00:00,686.06,1214.48,384.02,807.16,0
2008-01-21,00:00,-3325.49,-2848.22,-4051.98,-3369.6,0
2008-01-22,00:00,1886.68,2394.89,1595.18,1932.8,0
2008-01-23,00:00,-5957.02,-5538.88,-6240.76,-5917.1,0
2008-01-24,00:00,570.7,889.91,138.94,462.26,0
2008-01-25,00:00,507.48,825.96,117.19,594.9,0
2008-01-28,00:00,-887.2,-753.8,-1404.75,-1033.66,0
2008-01-29,00:00,-1620.43,-1181.47,-1988.0,-1665.02,0
2008-01-30,00:00,-4409.52,-3682.27,-4944.06,-4346.62,0
2008-01-31,00:00,394.6,1090.8,-122.57,428.85,0
2008-02-01,00:00,-1269.86,-833.41,-1592.64,-1323.6,0
2008-02-04,00:00,-1323.44,-911.75,-1780.64,-1288.61,0
2008-02-05,00:00,1531.33,1973.93,1002.89,1580.67,0
2008-02-06,00:00,-29.39,359.8,-812.0,-153.23,0
2008-02-07,00:00,-710.28,-355.29,-1421.26,-730.85,0
2008-02-08,00:00,-110.27,262.0,-602.78,-17.39,0
2008-02-11,00:00,-1950.75,-1580.74,-2423.98,-2047.73,0
2008-02-12,00:00,-135.19,84.6,-366.83,-63.1,0
2008-02-13,00:00,-2364.08,-1938.04,-2863.56,-2316.78,0
2008-02-14,00:00,-3079.73,-2698.26,-3529.0,-3061.33,0
2008-02-15,00:00,-873.35,-672.82,-1080.16,-958.79,0
2008-02-18,00:00,-2417.02,-1867.28,-2952.41,-2421.94,0
2008-02-19,00:00,423.21,755.9,-27.38,350.23,0
2008-02-20,00:00,-715.03,-218.6,-1086.21,-704.33,0
2008-02-21,00:00,-475.42,-45.18,-1014.61,-453.09,0
2008-02-22,00:00,-2936.73,-2578.73,-3412.37,-2925.52,0
2008-02-25,00:00,741.73,1077.82,491.47,833.59,0
2008-02-26,00:00,-2643.24,-2205.81,-2904.99,-2502.96,0
2008-02-27,00:00,-531.08,-58.47,-1031.09,-475.9,0
2008-02-28,00:00,-2268.61,-1795.5,-2749.8,-2312.21,0
2008-02-29,00:00,1300.9,1792.46,797.84,1316.21,0
2008-03-03,00:00,-162.03,240.29,-536.08,-77.67,0
2008-03-04,00:00,927.15,1370.04,521.92,869.33,0
2008-03-05,00:00,1421.32,1904.97,742.68,1341.74,0
2008-03-06,00:00,-2858.22,-2265.77,-3309.87,-2848.19,0
2008-03-07,00:00,443.89,710.56,-65.59,425.97,0
2008-03-10,00:00,-2787.93,-2489.53,-3082.72,-2792.63,0
2008-03-11,00:00,-166.31,101.72,-698.14,-257.82,0
2008-03-12,00:00,-2594.19,-2413.86,-2920.86,-2627.05,0
2008-03-13,00:00,-1171.68,-784.62,-1689.32,-1274.14,0
2008-03-14,00:00,1717.44,2222.31,1414.69,1874.21,0
2008-03-17,00:00,320.02,802.08,-257.46,368.26,0
2008-03-18,00:00,967.7,1427.62,784.54,1071.66,0
2008-03-19,00:00,-737.95,-345.76,-1375.77,-897.32,0
2008-03-20,00:00,-893.64,-313.51,-1197.93,-792.1,0
2008-03-21,00:00,-398.6,-19.6,-1158.7,-553.78,0
2008-03-24,00:00,-191.07,215.21,-326.57,-160.23,0
2008-03-25,00:00,136.31,688.5,-184.34,131.77,0
2008-03-26,00:00,-1704.08,-1201.88,-2071.45,-1686.89,0
2008-03-27,00:00,-1690.05,-1245.56,-2144.97,-1717.36,0
2008-03-28,00:00,-951.39,-367.87,-1259.21,-838.7,0
2008-03-31,00:00,-981.08,-668.0,-1559.41,-1140.2,0
2008-04-01,00:00,48.42,448.31,-196.38,60.29,0
2008-04-02,00:00,-4393.9,-3908.72,-4879.07,-4426.96,0
2008-04-03,00:00,-1386.95,-980.17,-1942.25,-1430.51,0
2008-04-04,00:00,-2731.78,-2572.05,-3088.14,-2703.04,0
2008-04-07,00:00,-2002.21,-1549.94,-2595.86,-2134.41,0
2008-04-08,00:00,1426.05,1774.07,930.13,1393.08,0
2008-04-09,00:00,659.29,944.52,329.13,614.79,0
2008-04-10,00:00,557.68,896.63,198.3,593.44,0
2008-04-11,00:00,-484.95,-84.61,-920.1,-434.16,0
2008-04-14,00:00,-395.51,-293.03,-735.1,-450.24,0
2008-04-15,00:00,-1606.77,-1257.77,-1938.55,-1605.09,0
2008-04-16,00:00,-27.71,375.94,-405.84,74.36,0
2008-04-17,00:00,4168.9,4520.73,3740.08,4179.25,0
2008-04-18,00:00,-1335.42,-1094.17,-1791.95,-1377.64,0
2008-04-21,00:00,45.8,535.44,-327.26,-72.11,0
2008-04-22,00:00,-2471.48,-1963.93,-2638.73,-2390.94,0
2008-04-23,00:00,-3311.12,-2900.68,-3951.67,-3243.07,0
2008-04-24,00:00,-1690.22,-1188.41,-1833.98,-1681.37,0
2008-04-25,00:00,395.6,799.84,-32.39,390.74,0
2008-04-28,00:00,-1447.1,-946.03,-1503.06,-1335.06,0
2008-04-29,00:00,-2352.34,-1875.2,-3086.31,-2500.39,0
2008-04-30,00:00,-3088.49,-2983.64,-3380.46,-3142.07,0
2008-05-01,00:00,-1314.46,-998.6,-1802.56,-1229.24,0
2008-05-02,00:00,-3843.2,-3526.08,-4144.07,-3785.94,0
2008-05-05,00:00,-426.78,-158.18,-829.29,-424.66,0
2008-05-06,00:00,-1152.04,-718.43,-1741.75,-1158.05,0
2008-05-07,00:00,-9.78,398.88,-273.16,75.73,0
2008-05-08,00:00,-3324.26,-2832.86,-3401.43,-3130.84,0
2008-05-09,00:00,-114.64,166.2,-382.41,-83.24,0
2008-05-12,00:00,49.58,560.88,-309.75,172.16,0
2008-05-13,00:00,-3362.03,-3167.44,-3755.7,-3412.65,0
2008-05-14,00:00,-2356.67,-1802.94,-2731.31,-2236.58,0
2008-05-15,00:00,-743.31,-29.72,-1375.81,-730.9,0
2008-05-16,00:00,-2709.83,-2390.19,-3011.15,-2697.76,0
2008-05-19,00:00,-589.35,31.74,-856.43,-455.01,0
2008-05-20,00:00,1603.4,2205.51,1075.21,1605.78,0
2008-05-21,00:00,-5220.85,-5088.39,-5572.18,-5358.39,0
2008-05-22,00:00,-2800.25,-2493.25,-3123.84,-2830.25,0
2008-05-23,00:00,-251.06,227.72,-622.55,-117.45,0
2008-05-26,00:00,-2762.34,-2238.71,-3461.71,-2858.37,0
2008-05-27,00:00,-2495.49,-1938.7,-3107.99,-2444.37,0
2008-05-28,00:00,789.33,1222.28,357.56,760.46,0
2008-05-29,00:00,-341.56,48.59,-881.44,-344.27,0
2008-05-30,00:00,-1533.59,-1035.57,-1827.26,-1517.45,0
2008-06-02,00:00,417.66,610.87,185.44,449.91,0
2008-06-03,00:00,-5507.65,-5003.3,-6140.16,-5504.52,0
2008-06-04,00:00,-2768.41,-2310.83,-3241.51,-2834.15,0
2008-06-05,00:00,-756.19,-434.06,-1234.75,-813.72,0
2008-06-06,00:00,-1282.23,-858.67,-1941.65,-1377.92,0
2008-06-09,00:00,-4603.35,-4171.16,-4959.94,-4519.79,0
2008-06-10,00:00,2.97,420.81,-471.82,-33.64,0
2008-06-11,00:00,1091.24,1564.83,669.79,1142.17,0
2008-06-12,00:00,-1887.84,-1495.09,-2331.12,-1983.21,0
2008-06-13,00:00,-496.06,-192.62,-1049.32,-601.85,0
2008-06-16,00:00,-2422.23,-1977.16,-2711.23,-2357.86,0
2008-06-17,00:00,-793.7,-621.11,-1381.34,-986.11,0
2008-06-18,00:00,-396.73,37.89,-853.14,-424.17,0
2008-06-19,00:00,333.9,530.18,-87.36,192.18,0
2008-06-20,00:00,710.46,1387.74,389.0,880.27,0
2008-06-23,00:00,-882.7,-256.76,-966.63,-650.07,0
2008-06-24,00:00,-898.14,-679.79,-1293.38,-949.42,0
2008-06-25,00:00,322.23,442.94,-243.01,268.27,0
2008-06-26,00:00,160.24,627.59,-91.9,326.0,0
2008-06-27,00:00,-1513.74,-1298.52,-1768.38,-1464.1,0
2008-06-30,00:00,-432.37,84.44,-949.98,-404.27,0
2008-07-01,00:00,2412.1,2755.05,1999.02,2392.27,0
2008-07-02,00:00,-2306.52,-1819.65,-2907.42,-2327.21,0
2008-07-03,00:00,-2589.41,-2253.11,-3022.25,-2637.34,0
2008-07-04,00:00,-1240.04,-576.41,-1828.07,-1230.55,0
2008-07-07,00:00,996.24,1530.94,440.01,971.11,0
2008-07-08,00:00,-274.05,209.43,-648.36,-206.32,0
2008-07-09,00:00,-25.88,315.03,-375.27,-79.32,0
2008-07-10,00:00,-762.38,-249.12,-1081.85,-618.22,0
2008-07-11,00:00,-2054.49,-1556.89,-2366.41,-2055.04,0
2008-07-14,00:00,-77.7,285.65,-838.77,-242.04,0
2008-07-15,00:00,929.31,1313.29,131.52,803.22,0
2008-07-16,00:00,-1325.43,-881.82,-1571.8,-1219.51,0
2008-07-17,00:00,-2182.7,-1975.5,-2583.31,-2206.58,0
2008-07-18,00:00,1076.5,1615.5,811.76,1157.07,0
2008-07-21,00:00,-3142.82,-2733.6,-3674.3,-3183.5,0
2008-07-22,00:00,-2990.19,-2661.91,-3324.68,-2826.53,0
2008-07-23,00:00,-2901.23,-2330.53,-3443.14,-2948.93,0
2008-07-24,00:00,-834.75,-302.24,-1189.18,-837.96,0
2008-07-25,00:00,-861.33,-264.98,-1117.81,-745.09,0
2008-07-28,00:00,-1414.88,-939.7,-1794.79,-1417.94,0
2008-07-29,00:00,-615.82,-422.25,-1082.61,-718.83,0
2008-07-30,00:00,473.12,1094.59,-136.68,529.58,0
2008-07-31,00:00,71.97,346.41,-351.88,38.95,0
2008-08-01,00:00,-1577.45,-1063.8,-2000.29,-1638.47,0
2008-08-04,00:00,-936.59,-720.8,-1322.15,-955.12,0
2008-08-05,00:00,-1143.08,-832.41,-1614.1,-1250.1,0
2008-08-06,00:00,-271.69,39.35,-781.44,-294.67,0
2008-08-07,00:00,-509.84,-255.16,-1147.38,-730.75,0
2008-08-08,00:00,-4309.33,-3962.52,-4714.46,-4284.73,0
2008-08-11,00:00,2010.37,2668.2,1728.25,2172.84,0
2008-08-12,00:00,-2898.99,-2168.73,-3249.07,-2715.61,0
2008-08-13,00:00,-1360.89,-783.6,-1682.17,-1310.18,0
2008-08-14,00:00,-2234.03,-1609.11,-2673.37,-2039.05,0
2008-08-15,00:00,-59.0,311.14,-560.07,-47.66,0
2008-08-18,00:00,-93.32,582.98,-774.32,-83.0,0
2008-08-19,00:00,2165.89,2746.05,1669.73,2134.61,0
2008-08-20,00:00,-2407.25,-1949.59,-2979.19,-2503.82,0
2008-08-21,00:00,-2413.92,-2036.68,-2981.12,-2394.79,0
2008-08-22,00:00,-2307.54,-1850.26,-2682.45,-2222.52,0
2008-08-25,00:00,444.95,950.21,178.92,488.99,0
2008-08-26,00:00,-810.46,-322.38,-1173.31,-776.62,0
2008-08-27,00:00,-761.48,-204.33,-1388.74,-790.42,0
2008-08-28,00:00,84.87,548.47,-360.05,85.65,0
2008-08-29,00:00,-1355.04,-1126.08,-1792.24,-1485.99,0
2008-09-01,00:00,-471.1,-105.45,-1051.86,-605.91,0
2008-09-02,00:00,-1031.41,-744.53,-1288.9,-1031.47,0
2008-09-03,00:00,633.42,1400.47,287.25,731.91,0
2008-09-04,00:00,781.25,880.89,184.44,673.56,0
2008-09-05,00:00,262.12,584.29,-50.15,181.35,0
2008-09-08,00:00,-284.78,-87.37,-723.57,-359.37,0
2008-09-09,00:00,183.69,645.02,107.25,346.53,0
2008-09-10,00:00,-925.35,-778.48,-1466.85,-1156.7,0
2008-09-11,00:00,137.92,511.14,-299.34,150.83,0
2008-09-12,00:00,-860.8,-328.91,-1374.58,-773.87,0
2008-09-15,00:00,-1135.9,-576.97,-1276.08,-1070.15,0
2008-09-16,00:00,-2203.94,-2057.86,-2698.82,-2312.73,0
2008-09-17,00:00,-234.71,172.24,-581.14,-291.95,0
2008-09-18,00:00,488.74,675.32,-44.0,353.83,0
2008-09-19,00:00,-2078.75,-1683.5,-2662.49,-2169.5,0
2008-09-22,00:00,-1110.25,-687.89,-1721.05,-1141.8,0
2008-09-23,00:00,550.79,858.99,207.39,608.54,0
2008-09-24,00:00,-1273.06,-618.96,-1788.77,-1157.17,0
2008-09-25,00:00,-3221.87,-2859.12,-3931.13,-3267.52,0
2008-09-26,00:00,-2272.37,-1892.44,-2689.15,-2275.72,0
2008-09-29,00:00,-1723.43,-1297.58,-2182.2,-1640.0,0
2008-09-30,00:00,-473.05,-29.07,-845.14,-411.12,0
2008-10-01,00:00,469.46,949.35,-78.41,509.75,0
2008-10-02,00:00,220.14,979.58,-315.91,256.75,0
2008-10-03,00:00,1515.8,2187.25,799.57,1493.9,0
2008-10-06,00:00,-2356.58,-2088.87,-2547.15,-2307.45,0
2008-10-07,00:00,-1324.78,-1015.85,-1801.24,-1391.68,0
2008-10-08,00:00,1413.67,1704.47,880.66,1332.55,0
2008-10-09,00:00,-2056.33,-1561.65,-2566.8,-2004.75,0
2008-10-10,00:00,-2523.55,-2129.39,-2771.08,-2436.82,0
2008-10-13,00:00,-373.08,52.5,-648.12,-280.24,0
2008-10-14,00:00,351.15,733.44,-101.63,418.56,0
2008-10-15,00:00,1242.04,1756.24,792.66,1201.72,0
2008-10-16,00:00,-4441.37,-3898.16,-5013.35,-4422.0,0
2008-10-17,00:00,862.56,1159.34,398.11,712.05,0
2008-10-20,00:00,-3088.96,-2792.38,-3573.61,-3129.48,0
2008-10-21,00:00,-221.24,270.26,-683.93,-158.11,0
2008-10-22,00:00,892.43,1382.71,455.06,865.62,0
2008-10-23,00:00,-3699.8,-3425.97,-4527.75,-3929.0,0
2008-10-24,00:00,-140.84,268.23,-506.15,-71.27,0
2008-10-27,00:00,214.97,941.9,-353.66,293.78,0
2008-10-28,00:00,2010.81,2325.29,1511.8,1956.26,0
2008-10-29,00:00,-1213.63,-977.81,-1509.74,-1104.04,0
2008-10-30,00:00,-1998.1,-1486.9,-2284.78,-1888.39,0
2008-10-31,00:00,-2638.04,-2097.45,-2885.38,-2504.57,0
2008-11-03,00:00,-1660.34,-1424.51,-1984.93,-1651.9,0
2008-11-04,00:00,-425.41,-182.35,-853.14,-513.81,0
2008-11-05,00:00,385.28,976.55,1.59,419.87,0
2008-11-06,00:00,-802.28,-139.33,-1149.65,-716.44,0
2008-11-07,00:00,-1023.66,-450.18,-1572.82,-1104.55,0
2008-11-10,00:00,1577.17,1961.96,1153.06,1630.99,0
2008-11-11,00:00,-3219.88,-3179.79,-3693.01,-3375.84,0
2008-11-12,00:00,-1469.05,-970.79,-1899.28,-1442.43,0
2008-11-13,00:00,161.64,500.41,-134.45,179.69,0
2008-11-14,00:00,-2906.62,-2409.23,-3277.15,-2857.31,0
2008-11-17,00:00,-843.69,-613.01,-1316.09,-934.37,0
2008-11-18,00:00,1907.02,2515.94,1464.32,1920.25,0
2008-11-19,00:00,-2811.53,-2298.33,-3056.54,-2730.22,0
2008-11-20,00:00,-107.45,269.88,-751.16,-159.25,0
2008-11-21,00:00,-651.14,-278.56,-1069.94,-602.48,0
2008-11-24,00:00,-1918.37,-1325.58,-2579.23,-2002.41,0
2008-11-25,00:00,-1325.34,-799.34,-1841.81,-1307.22,0
2008-11-26,00:00,595.61,957.69,158.66,556.48,0
2008-11-27,00:00,115.51,670.78,-402.95,173.99,0
2008-11-28,00:00,-4825.27,-4390.47,-5371.13,-4885.93,0
2008-12-01,00:00,-832.04,-505.37,-1101.81,-821.01,0
2008-12-02,00:00,-1608.6,-1281.58,-2173.13,-1658.68,0
2008-12-03,00:00,-3236.07,-2687.5,-3649.58,-3206.8,0
2008-12-04,00:00,-579.41,-198.88,-886.07,-560.78,0
2008-12-05,00:00,-1043.49,-893.2,-1673.79,-1242.93,0
2008-12-08,00:00,-565.19,-102.45,-996.2,-551.35,0
2008-12-09,00:00,-1821.65,-1249.38,-2035.96,-1771.25,0
2008-12-10,00:00,-2561.94,-2012.43,-2949.66,-2416.91,0
2008-12-11,00:00,665.6,1011.87,342.98,684.07,0
2008-12-12,00:00,-545.8,107.86,-929.75,-444.13,0
2008-12-15,00:00,-890.76,-518.81,-1102.2,-831.4,0
2008-12-16,00:00,-2031.5,-1606.22,-2376.46,-1945.49,0
2008-12-17,00:00,2333.04,2735.93,1677.13,2266.68,0
2008-12-18,00:00,2009.84,2431.25,1548.92,1869.26,0
2008-12-19,00:00,-279.89,18.65,-695.54,-285.36,0
2008-12-22,00:00,-1271.29,-920.04,-1684.25,-1282.19,0
2008-12-23,00:00,-1356.65,-841.66,-1815.9,-1384.59,0
2008-12-24,00:00,427.62,744.38,-52.5,285.06,0
2008-12-25,00:00,251.75,818.78,-250.35,356.04,0
2008-12-26,00:00,626.4,809.78,85.7,397.81,0
2008-12-29,00:00,-880.0,-446.68,-1440.28,-918.82,0
2008-12-30,00:00,-2913.65,-2552.63,-3291.62,-2967.3,0
2008-12-31,00:00,-642.45,-256.8,-1043.28,-715.32,0
2009-01-01,00:00,1004.44,1202.36,331.7,835.37,0
2009-01-02,00:00,1180.24,1713.86,833.85,1233.52,0
2009-01-05,00:00,590.63,940.03,124.7,624.62,0
2009-01-06,00:00,375.08,541.31,6.11,230.63,0
2009-01-07,00:00,899.8,1219.69,294.8,778.85,0
2009-01-08,00:00,1600.05,2053.58,1010.23,1637.28,0
2009-01-09,00:00,648.72,989.37,112.49,534.14,0
2009-01-12,00:00,-431.18,-158.13,-1136.26,-449.13,0
2009-01-13,00:00,288.32,768.71,-74.07,198.88,0
2009-01-14,00:00,273.16,520.69,-260.44,115.01,0
2009-01-15,00:00,1813.34,2279.81,1437.92,1804.02,0
2009-01-16,00:00,-38.02,289.7,-476.01,-101.75,0
2009-01-19,00:00,297.78,580.81,-143.86,238.96,0
2009-01-20,00:00,479.55,761.64,27.28,429.36,0
2009-01-21,00:00,795.67,1274.42,287.37,703.43,0
2009-01-22,00:00,-975.43,-573.76,-1146.42,-779.47,0
2009-01-23,00:00,-487.16,-37.47,-635.89,-412.37,0
2009-01-26,00:00,170.27,778.95,-256.84,244.23,0
2009-01-27,00:00,1296.58,1532.8,914.28,1295.19,0
2009-01-28,00:00,1705.15,2083.55,1356.76,1651.43,0
2009-01-29,00:00,-100.88,227.96,-587.36,-108.66,0
2009-01-30,00:00,-253.43,-54.19,-683.07,-242.16,0
2009-02-02,00:00,1070.19,1591.44,735.85,1100.65,0
2009-02-03,00:00,1018.95,1728.4,687.33,1093.06,0
2009-02-04,00:00,419.36,621.41,344.22,552.5,0
2009-02-05,00:00,1193.13,1778.45,628.17,1138.94,0
2009-02-06,00:00,957.22,1463.3,508.62,981.46,0
2009-02-09,00:00,2216.15,2604.83,1946.13,2115.84,0
2009-02-10,00:00,1027.66,1475.26,527.89,978.25,0
2009-02-11,00:00,2554.31,3016.65,1948.41,2493.63,0
2009-02-12,00:00,360.37,764.66,89.51,366.85,0
2009-02-13,00:00,928.33,1399.66,532.93,989.65,0
2009-02-16,00:00,1753.73,2068.12,1664.35,1785.0,0
2009-02-17,00:00,-263.37,201.19,-488.62,-146.94,0
2009-02-18,00:00,1340.14,1815.74,973.3,1367.04,0
2009-02-19,00:00,147.62,561.81,-279.42,48.77,0
2009-02-20,00:00,1080.91,1668.33,704.66,1142.19,0
2009-02-23,00:00,1833.35,2328.84,1255.57,1846.84,0
2009-02-24,00:00,677.91,992.88,319.39,666.91,0
2009-02-25,00:00,318.1,792.65,-91.69,334.6,0
2009-02-26,00:00,-969.97,-480.35,-1282.14,-829.73,0
2009-02-27,00:00,2062.66,2393.33,1602.47,1987.2,0
2009-03-02,00:00,-236.76,225.34,-791.82,-307.73,0
2009-03-03,00:00,649.11,900.6,314.73,625.93,0
2009-03-04,00:00,818.67,1036.05,449.5,681.61,0
2009-03-05,00:00,294.84,1023.88,-200.96,365.63,0
2009-03-06,00:00,1404.87,1895.93,907.58,1340.11,0
2009-03-09,00:00,282.93,844.15,-91.11,324.85,0
2009-03-10,00:00,-1041.38,-612.47,-1478.31,-1084.19,0
2009-03-11,00:00,990.98,1302.89,494.16,944.14,0
2009-03-12,00:00,608.04,1044.64,161.6,532.99,0
2009-03-13,00:00,-803.13,-432.91,-1409.64,-832.61,0
2009-03-16,00:00,-910.69,-483.27,-972.51,-723.3,0
2009-03-17,00:00,238.69,763.45,-428.31,230.18,0
2009-03-18,00:00,-197.12,315.36,-706.04,-250.57,0
2009-03-19,00:00,1379.98,1431.02,860.32,1258.25,0
2009-03-20,00:00,13.63,539.8,-634.81,-21.42,0
2009-03-23,00:00,580.87,1057.2,158.35,603.1,0
2009-03-24,00:00,-24.78,189.73,-510.14,-104.82,0
2009-03-25,00:00,960.63,1232.4,514.93,847.9,0
2009-03-26,00:00,-876.82,-524.58,-1364.79,-844.27,0
2009-03-27,00:00,-293.8,122.95,-800.03,-298.98,0
2009-03-30,00:00,1266.5,1743.95,755.71,1231.26,0
2009-03-31,00:00,1490.43,2017.62,1108.29,1545.72,0
2009-04-01,00:00,1623.57,2137.8,1160.07,1651.5,0
2009-04-02,00:00,1792.97,2213.69,1254.64,1751.42,0
2009-04-03,00:00,394.99,742.18,-174.84,302.94,0
2009-04-06,00:00,1590.1,1814.63,1129.91,1393.82,0
2009-04-07,00:00,-92.37,267.52,-642.6,-213.05,0
2009-04-08,00:00,1997.15,2429.72,1130.43,1838.1,0
2009-04-09,00:00,832.08,1034.56,621.3,793.9,0
2009-04-10,00:00,1153.32,1673.01,651.38,1114.97,0
2009-04-13,00:00,1377.39,1943.52,706.98,1307.99,0
2009-04-14,00:00,-682.72,-81.94,-900.78,-575.47,0
2009-04-15,00:00,1191.13,1804.9,718.56,1238.34,0
2009-04-16,00:00,1602.68,1876.63,1159.0,1466.22,0
2009-04-17,00:00,1402.26,2154.67,1047.78,1708.21,0
2009-04-20,00:00,1430.5,1924.61,1054.54,1493.42,0
2009-04-21,00:00,590.36,1038.27,142.89,581.57,0
2009-04-22,00:00,1823.46,2305.38,1449.01,1841.66,0
2009-04-23,00:00,136.15,280.21,-333.33,74.66,0
2009-04-24,00:00,1187.69,1640.87,767.85,1165.95,0
2009-04-27,00:00,165.72,414.45,-200.34,37.67,0
2009-04-28,00:00,545.59,1045.34,144.31,507.59,0
2009-04-29,00:00,976.07,1440.98,253.58,949.97,0
2009-04-30,00:00,1682.89,2234.99,1157.05,1605.44,0
2009-05-01,00:00,1602.97,2052.95,1170.07,1668.47,0
2009-05-04,00:00,113.86,538.84,-171.69,266.27,0
2009-05-05,00:00,-357.16,-187.95,-719.94,-358.18,0
2009-05-06,00:00,747.12,1081.73,112.87,695.55,0
2009-05-07,00:00,-709.07,-149.41,-991.56,-639.85,0
2009-05-08,00:00,-908.48,-415.74,-1364.94,-854.34,0
2009-05-11,00:00,302.56,491.72,-211.11,62.05,0
2009-05-12,00:00,-1044.53,-453.78,-1383.19,-996.31,0
2009-05-13,00:00,2411.17,2660.5,1993.63,2323.01,0
2009-05-14,00:00,312.04,895.13,-140.63,339.21,0
2009-05-15,00:00,-495.72,-73.85,-954.09,-441.43,0
2009-05-18,00:00,-963.81,-445.12,-1337.81,-875.93,0
2009-05-19,00:00,412.56,963.88,132.42,458.13,0
2009-05-20,00:00,-176.05,369.53,-709.11,-136.56,0
2009-05-21,00:00,-417.68,71.59,-687.92,-460.68,0
2009-05-22,00:00,837.15,1220.56,451.82,759.1,0
2009-05-25,00:00,407.12,1074.96,181.38,534.07,0
2009-05-26,00:00,-426.97,-193.13,-701.95,-457.39,0
2009-05-27,00:00,197.48,818.28,-400.6,194.34,0
2009-05-28,00:00,741.95,1211.32,431.97,766.53,0
2009-05-29,00:00,470.52,1148.22,-261.99,479.35,0
2009-06-01,00:00,299.22,769.27,-285.76,299.94,0
2009-06-02,00:00,-400.38,162.82,-1003.85,-379.09,0
2009-06-03,00:00,-198.67,293.06,-371.54,-133.8,0
2009-06-04,00:00,208.22,718.69,-247.24,207.23,0
2009-06-05,00:00,802.15,1159.87,343.08,699.9,0
2009-06-08,00:00,986.56,1488.06,329.9,883.6,0
2009-06-09,00:00,326.1,862.99,-210.94,384.79,0
2009-06-10,00:00,1889.9,2396.73,1528.11,1916.09,0
2009-06-11,00:00,-663.01,-380.76,-1193.57,-797.92,0
2009-06-12,00:00,597.64,1011.02,52.38,559.38,0
2009-06-15,00:00,1695.3,1836.53,1340.07,1632.34,0
2009-06-16,00:00,558.99,937.36,150.99,556.47,0
2009-06-17,00:00,-1125.56,-691.35,-1540.38,-1130.22,0
2009-06-18,00:00,533.88,1298.93,17.11,511.04,0
2009-06-19,00:00,1052.47,1669.76,844.94,1195.56,0
2009-06-22,00:00,606.22,968.08,-71.78,476.58,0
2009-06-23,00:00,1709.55,2015.46,1345.42,1693.95,0
2009-06-24,00:00,364.44,776.18,54.93,246.25,0
2009-06-25,00:00,-434.82,129.87,-715.88,-375.79,0
2009-06-26,00:00,573.85,860.75,-26.9,564.59,0
2009-06-29,00:00,2217.84,2590.54,2105.2,2340.72,0
2009-06-30,00:00,1079.86,1575.64,484.06,1132.22,0
2009-07-01,00:00,984.95,1414.57,788.93,1036.9,0
2009-07-02,00:00,953.2,1680.66,462.68,1043.56,0
2009-07-03,00:00,59.33,403.06,-318.69,-58.31,0
2009-07-06,00:00,2308.49,2714.42,1989.83,2264.23,0
2009-07-07,00:00,292.88,505.74,-202.71,180.11,0
2009-07-08,00:00,1107.59,1397.41,639.36,1028.87,0
2009-07-09,00:00,987.79,1381.0,661.27,960.29,0
2009-07-10,00:00,281.28,704.24,-122.31,287.31,0
2009-07-13,00:00,1403.16,1809.21,1130.39,1469.6,0
2009-07-14,00:00,1356.97,1682.33,944.0,1309.46,0
2009-07-15,00:00,1774.37,2261.28,1343.08,1814.45,0
2009-07-16,00:00,-193.6,346.74,-522.08,-86.55,0
2009-07-17,00:00,-615.72,-292.49,-939.47,-499.79,0
2009-07-20,00:00,1396.24,1903.86,972.29,1450.4,0
2009-07-21,00:00,-409.53,15.42,-661.62,-356.65,0
2009-07-22,00:00,1059.05,1569.14,579.21,1052.8,0
2009-07-23,00:00,386.11,652.44,-18.51,340.61,0
2009-07-24,00:00,671.54,1017.0,476.19,707.84,0
2009-07-27,00:00,1616.14,2074.55,1291.7,1664.19,0
2009-07-28,00:00,262.46,718.63,-198.31,299.03,0
2009-07-29,00:00,1373.33,1556.08,987.6,1252.02,0
2009-07-30,00:00,1461.43,1703.19,1119.27,1397.54,0
2009-07-31,00:00,-131.26,270.52,-592.54,-140.64,0
2009-08-03,00:00,857.51,1198.74,378.88,909.06,0
2009-08-04,00:00,529.56,590.93,364.4,465.59,0
2009-08-05,00:00,1005.24,1592.67,541.6,1000.52,0
2009-08-06,00:00,1170.02,1504.48,725.05,1189.19,0
2009-08-07,00:00,-933.81,-352.39,-1492.48,-1005.18,0
2009-08-10,00:00,-710.1,-283.73,-1305.55,-822.27,0
2009-08-11,00:00,-222.86,135.07,-992.66,-411.79,0
2009-08-12,00:00,1050.69,1609.82,684.56,1120.49,0
2009-08-13,00:00,1085.87,1404.89,547.17,1035.55,0
2009-08-14,00:00,-136.93,139.83,-512.54,-72.83,0
2009-08-17,00:00,477.11,828.62,-92.15,469.45,0
2009-08-18,00:00,2468.99,2837.71,2121.18,2384.31,0
2009-08-19,00:00,815.51,1307.98,373.17,652.51,0
2009-08-20,00:00,167.24,672.87,-620.77,62.72,0
2009-08-21,00:00,-255.03,284.53,-644.53,-117.22,0
2009-08-24,00:00,1204.54,1434.51,643.78,1096.68,0
2009-08-25,00:00,-867.09,-357.9,-1399.06,-969.27,0
2009-08-26,00:00,-50.81,449.78,-564.58,-85.56,0
2009-08-27,00:00,703.15,1211.39,84.96,620.02,0
2009-08-28,00:00,252.34,744.19,-155.28,297.63,0
2009-08-31,00:00,-998.83,-518.82,-1373.09,-928.76,0
2009-09-01,00:00,318.28,665.07,-191.58,226.56,0
2009-09-02,00:00,1192.73,1643.24,603.74,1171.47,0
2009-09-03,00:00,-1668.97,-1023.95,-2260.9,-1695.8,0
2009-09-04,00:00,890.86,1437.73,442.83,923.8,0
2009-09-07,00:00,506.76,805.34,257.32,457.27,0
2009-09-08,00:00,-1519.58,-1144.01,-1872.41,-1427.04,0
2009-09-09,00:00,-1126.32,-256.86,-1566.01,-1066.43,0
2009-09-10,00:00,516.68,920.45,184.92,553.32,0
2009-09-11,00:00,-1218.44,-984.97,-1428.57,-1276.23,0
2009-09-14,00:00,901.71,1693.9,608.78,1065.92,0
2009-09-15,00:00,247.65,809.05,-565.25,91.49,0
2009-09-16,00:00,-97.87,334.37,-276.33,-2.1,0
2009-09-17,00:00,1680.22,1878.09,1406.57,1614.68,0
2009-09-18,00:00,1041.18,1247.75,440.94,909.19,0
2009-09-21,00:00,-88.84,266.82,-406.76,-6.5,0
2009-09-22,00:00,31.5,425.23,-411.35,100.4,0
2009-09-23,00:00,723.31,1220.43,373.06,699.06,0
2009-09-24,00:00,348.19,1163.85,-395.81,368.6,0
2009-09-25,00:00,2885.26,3252.16,2566.52,2908.91,0
2009-09-28,00:00,469.85,995.65,-265.75,461.62,0
2009-09-29,00:00,-37.57,534.81,-507.18,74.84,0
2009-09-30,00:00,694.3,1060.91,369.26,749.41,0
2009-10-01,00:00,1212.43,1783.88,862.32,1238.11,0
2009-10-02,00:00,-27.78,630.89,-443.08,55.77,0
2009-10-05,00:00,-386.62,-140.71,-776.85,-546.73,0
2009-10-06,00:00,523.41,1067.24,-5.32,608.67,0
2009-10-07,00:00,-198.32,113.78,-444.12,-215.45,0
2009-10-08,00:00,554.78,1059.47,213.11,617.99,0
2009-10-09,00:00,215.71,733.03,-128.43,216.82,0
2009-10-12,00:00,1073.55,1467.07,737.29,1036.81,0
2009-10-13,00:00,-299.81,255.84,-498.8,-230.69,0
2009-10-14,00:00,-401.34,28.19,-936.87,-407.74,0
2009-10-15,00:00,549.25,1100.34,130.73,547.06,0
2009-10-16,00:00,-467.91,71.02,-1020.69,-480.87,0
2009-10-19,00:00,-635.53,-218.49,-1276.51,-756.45,0
2009-10-20,00:00,1301.99,1626.86,797.8,1174.97,0
2009-10-21,00:00,-490.97,-65.98,-793.16,-549.32,0
2009-10-22,00:00,-377.98,188.66,-914.61,-349.0,0
2009-10-23,00:00,1735.81,1930.29,1192.74,1541.81,0
2009-10-26,00:00,259.04,600.08,-2.8,283.13,0
2009-10-27,00:00,1893.22,2392.38,1181.37,1872.62,0
2009-10-28,00:00,1039.96,2026.6,854.57,1271.6,0
2009-10-29,00:00,887.73,1375.57,575.66,988.2,0
2009-10-30,00:00,2344.34,2773.79,1838.92,2221.92,0
2009-11-02,00:00,-564.04,-7.47,-818.04,-337.02,0
2009-11-03,00:00,1009.58,1479.64,399.67,1004.67,0
2009-11-04,00:00,2197.19,2711.12,1804.66,2233.78,0
2009-11-05,00:00,2180.62,2776.79,1772.2,2211.02,0
2009-11-06,00:00,1585.87,1992.61,917.23,1494.18,0
2009-11-09,00:00,2290.09,2631.28,1622.18,2153.66,0
2009-11-10,00:00,221.73,684.82,-303.05,131.86,0
2009-11-11,00:00,260.99,681.14,-135.16,258.44,0
2009-11-12,00:00,1569.76,2049.75,1213.69,1640.42,0
2009-11-13,00:00,-435.82,-64.17,-964.24,-482.26,0
2009-11-16,00:00,999.35,1096.75,660.57,985.82,0
2009-11-17,00:00,802.12,1122.07,656.37,911.39,0
2009-11-18,00:00,-193.25,380.36,-744.54,-109.51,0
2009-11-19,00:00,162.99,539.69,-293.81,137.08,0
2009-11-20,00:00,-782.73,-254.88,-1366.83,-766.72,0
2009-11-23,00:00,1154.77,1539.18,704.05,1129.44,0
2009-11-24,00:00,594.17,945.63,77.62,452.56,0
2009-11-25,00:00,193.02,619.53,-203.14,137.21,0
2009-11-26,00:00,655.0,1049.56,375.15,557.92,0
2009-11-27,00:00,-377.34,102.4,-935.65,-403.71,0
2009-11-30,00:00,1658.94,2041.48,856.62,1476.22,0
2009-12-01,00:00,2491.05,3127.19,2047.31,2590.01,0
2009-12-02,00:00,298.27,378.76,16.51,205.0,0
2009-12-03,00:00,803.89,1420.61,436.93,885.85,0
2009-12-04,00:00,211.72,820.5,-221.02,211.39,0
2009-12-07,00:00,126.84,596.64,-314.99,19.36,0
2009-12-08,00:00,3192.15,3513.45,2623.8,3127.75,0
2009-12-09,00:00,-30.66,391.08,-349.26,21.32,0
2009-12-10,00:00,-115.05,380.55,-357.36,-32.16,0
2009-12-11,00:00,-1245.18,-772.73,-1638.09,-1244.61,0
2009-12-14,00:00,288.38,731.83,-358.92,197.71,0
2009-12-15,00:00,2502.06,2853.84,2324.41,2603.68,0
2009-12-16,00:00,817.91,1352.77,330.83,817.47,0
2009-12-17,00:00,1970.2,2472.4,1776.82,2121.93,0
2009-12-18,00:00,-209.98,337.55,-425.32,-62.69,0
2009-12-21,00:00,1053.65,1539.64,390.29,981.09,0
2009-12-22,00:00,-180.84,208.34,-420.61,-167.4,0
2009-12-23,00:00,882.0,1311.51,471.69,961.45,0
2009-12-24,00:00,204.65,607.52,-432.66,125.06,0
2009-12-25,00:00,52.24,472.37,-269.23,151.0,0
2009-12-28,00:00,2053.91,2598.44,1573.82,2181.16,0
2009-12-29,00:00,-670.31,-183.69,-1000.49,-599.35,0
2009-12-30,00:00,-596.5,-60.19,-960.13,-589.35,0
2009-12-31,00:00,1973.16,2329.24,1745.41,2055.13,0
2010-01-01,00:00,1759.04,2375.75,1400.3,1838.92,0
2010-01-04,00:00,1235.54,1525.47,890.46,1193.19,0
2010-01-05,00:00,1425.55,1948.9,998.78,1363.41,0
2010-01-06,00:00,-388.12,101.86,-691.65,-396.95,0
2010-01-07,00:00,1301.46,1816.23,771.48,1271.54,0
2010-01-08,00:00,-0.01,484.45,-211.97,67.61,0
2010-01-11,00:00,795.97,1364.75,182.36,797.02,0
2010-01-12,00:00,1715.38,2123.7,1407.06,1767.06,0
2010-01-13,00:00,-680.92,-430.01,-1006.28,-676.99,0
2010-01-14,00:00,-126.52,271.15,-603.11,-129.27,0
2010-01-15,00:00,-213.55,392.27,-341.88,22.18,0
2010-01-18,00:00,631.04,793.36,75.74,566.52,0
2010-01-19,00:00,-138.03,285.81,-740.89,-113.49,0
2010-01-20,00:00,758.38,1221.07,162.24,752.0,0
2010-01-21,00:00,1803.43,2280.35,1294.85,1700.27,0
2010-01-22,00:00,580.56,937.62,105.79,494.51,0
2010-01-25,00:00,1028.4,1688.76,479.14,1149.08,0
2010-01-26,00:00,1230.67,1869.66,941.02,1368.09,0
2010-01-27,00:00,1594.16,1977.37,1197.24,1605.76,0
2010-01-28,00:00,-286.12,128.11,-585.23,-255.25,0
2010-01-29,00:00,1059.28,1378.4,464.81,1036.98,0
2010-02-01,00:00,345.96,645.8,-125.87,243.17,0
2010-02-02,00:00,-1063.98,-678.58,-1577.63,-1066.45,0
2010-02-03,00:00,56.93,550.03,-39.55,179.96,0
2010-02-04,00:00,44.17,500.87,-461.58,-34.77,0
2010-02-05,00:00,-792.31,-332.3,-1223.54,-736.64,0
2010-02-08,00:00,1251.82,1762.28,897.9,1374.83,0
2010-02-09,00:00,-778.54,-243.06,-904.93,-701.63,0
2010-02-10,00:00,479.67,665.91,157.1,329.84,0
2010-02-11,00:00,766.85,1338.39,299.95,854.88,0
2010-02-12,00:00,2095.3,2510.71,1738.25,2142.04,0
2010-02-15,00:00,169.15,726.76,-417.87,112.84,0
2010-02-16,00:00,1083.76,1622.84,646.16,1149.4,0
2010-02-17,00:00,-1263.78,-755.82,-1764.79,-1263.23,0
2010-02-18,00:00,673.03,1058.45,117.67,581.9,0
2010-02-19,00:00,-1489.86,-973.04,-2058.34,-1556.29,0
2010-02-22,00:00,-1498.88,-995.43,-1789.33,-1475.46,0
2010-02-23,00:00,-1635.21,-1376.37,-1949.94,-1709.73,0
2010-02-24,00:00,-202.03,255.9,-703.86,-224.21,0
2010-02-25,00:00,-339.23,261.67,-829.26,-252.12,0
2010-02-26,00:00,116.47,199.92,-322.52,55.55,0
2010-03-01,00:00,721.75,1248.35,218.95,642.06,0
2010-03-02,00:00,265.44,962.51,-172.49,280.0,0
2010-03-03,00:00,762.49,1141.72,214.09,637.49,0
2010-03-04,00:00,-447.64,-120.95,-899.17,-470.33,0
2010-03-05,00:00,1447.66,1954.89,1035.96,1524.63,0
2010-03-08,00:00,1548.01,2413.9,1152.07,1798.58,0
2010-03-09,00:00,1925.96,2483.8,1543.21,1972.98,0
2010-03-10,00:00,-286.21,31.96,-967.57,-469.99,0
2010-03-11,00:00,141.06,428.28,-157.63,23.75,0
2010-03-12,00:00,48.46,456.62,-384.77,61.15,0
2010-03-15,00:00,36.72,502.39,-299.51,147.99,0
2010-03-16,00:00,187.36,607.09,-296.66,154.97,0
2010-03-17,00:00,-393.05,26.8,-1020.67,-511.73,0
2010-03-18,00:00,54.53,685.2,-512.85,105.04,0
2010-03-19,00:00,558.61,882.94,329.45,662.09,0
2010-03-22,00:00,-866.01,-326.15,-1451.06,-949.23,0
2010-03-23,00:00,681.69,1332.32,278.11,703.21,0
2010-03-24,00:00,322.52,474.38,-246.68,150.87,0
2010-03-25,00:00,996.56,1082.59,306.5,794.54,0
2010-03-26,00:00,497.46,902.87,-159.02,459.2,0
2010-03-29,00:00,2.99,541.05,-619.46,-17.51,0
2010-03-30,00:00,-531.84,-269.91,-1074.66,-577.2,0
2010-03-31,00:00,475.29,843.79,72.85,333.2,0
2010-04-01,00:00,842.0,1316.9,344.99,869.56,0
2010-04-02,00:00,-1246.15,-873.15,-1738.11,-1235.84,0
2010-04-05,00:00,-217.99,20.13,-685.68,-355.76,0
2010-04-06,00:00,-98.48,293.83,-184.83,42.7,0
2010-04-07,00:00,743.8,1115.21,243.61,627.65,0
2010-04-08,00:00,-348.13,91.36,-776.33,-278.26,0
2010-04-09,00:00,934.88,1425.6,386.57,987.41,0
2010-04-12,00:00,905.15,1064.97,486.46,972.77,0
2010-04-13,00:00,739.53,1159.63,206.53,754.73,0
2010-04-14,00:00,841.19,1454.48,463.27,927.67,0
2010-04-15,00:00,-183.72,222.86,-677.63,-223.77,0
2010-04-16,00:00,1274.39,1544.03,965.79,1258.16,0
2010-04-19,00:00,709.28,1137.05,258.59,689.77,0
2010-04-20,00:00,543.36,830.85,143.42,466.24,0
2010-04-21,00:00,64.89,345.3,-441.32,-8.51,0
2010-04-22,00:00,-83.05,222.64,-298.49,-23.16,0
2010-04-23,00:00,-567.85,-92.93,-1025.79,-508.34,0
2010-04-26,00:00,575.6,850.41,-44.65,599.01,0
2010-04-27,00:00,1210.32,1745.38,807.6,1255.27,0
2010-04-28,00:00,636.8,988.85,521.43,700.19,0
2010-04-29,00:00,-118.55,465.66,-602.63,-70.2,0
2010-04-30,00:00,1519.16,2036.07,1151.33,1455.31,0
2010-05-03,00:00,246.43,684.59,-237.76,231.1,0
2010-05-04,00:00,1703.56,1890.25,1315.22,1616.11,0
2010-05-05,00:00,-772.02,-312.78,-1059.77,-690.7,0
2010-05-06,00:00,883.64,1249.02,387.13,865.86,0
2010-05-07,00:00,-2390.7,-2029.35,-2546.27,-2291.92,0
2010-05-10,00:00,468.23,1049.58,215.31,594.2,0
2010-05-11,00:00,-586.62,-234.4,-1038.74,-668.55,0
2010-05-12,00:00,532.03,899.2,-2.26,444.9,0
2010-05-13,00:00,-53.0,499.69,-505.43,-32.59,0
2010-05-14,00:00,-144.47,544.47,-415.84,-48.24,0
2010-05-17,00:00,633.98,926.43,134.3,639.26,0
2010-05-18,00:00,1730.34,2332.83,1347.21,1822.86,0
2010-05-19,00:00,837.51,1394.35,465.04,879.39,0
2010-05-20,00:00,376.21,857.29,60.82,407.23,0
2010-05-21,00:00,182.07,480.42,-400.65,106.51,0
2010-05-24,00:00,-138.3,242.88,-471.69,-62.36,0
2010-05-25,00:00,109.84,432.54,-290.11,72.11,0
2010-05-26,00:00,1205.79,1598.09,679.05,1220.33,0
2010-05-27,00:00,-1149.71,-943.75,-1564.46,-1286.0,0
2010-05-28,00:00,-223.09,450.94,-767.1,-291.78,0
2010-05-31,00:00,-428.89,4.44,-759.24,-476.61,0
2010-06-01,00:00,-232.44,105.4,-500.32,-206.87,0
2010-06-02,00:00,742.65,1077.67,204.46,616.9,0
2010-06-03,00:00,77.33,521.69,-157.0,249.39,0
2010-06-04,00:00,-275.45,277.96,-964.2,-273.19,0
2010-06-07,00:00,1212.43,1756.37,511.49,1189.86,0
2010-06-08,00:00,-529.97,-253.73,-920.2,-567.37,0
2010-06-09,00:00,1143.71,1474.71,610.03,1065.17,0
2010-06-10,00:00,530.57,968.44,187.84,497.99,0
2010-06-11,00:00,297.95,732.46,106.63,426.55,0
2010-06-14,00:00,304.66,775.0,-209.48,336.55,0
2010-06-15,00:00,656.8,663.14,310.95,501.58,0
2010-06-16,00:00,619.33,955.46,137.34,580.83,0
2010-06-17,00:00,2166.89,2555.66,1786.25,2140.06,0
2010-06-18,00:00,931.62,1229.3,692.15,843.93,0
2010-06-21,00:00,2274.72,2684.87,1710.39,2281.2,0
2010-06-22,00:00,357.34,629.17,-91.0,341.26,0
2010-06-23,00:00,1161.81,1363.43,623.57,960.63,0
2010-06-24,00:00,-384.51,42.24,-986.78,-490.48,0
2010-06-25,00:00,240.88,333.34,-7.84,118.48,0
2010-06-28,00:00,460.26,864.2,148.05,515.21,0
2010-06-29,00:00,-209.5,9.0,-376.34,-263.92,0
2010-06-30,00:00,599.36,1106.98,158.06,634.53,0
2010-07-01,00:00,1095.37,1513.14,775.62,1151.27,0
2010-07-02,00:00,132.49,345.73,-112.05,121.98,0
2010-07-05,00:00,763.61,888.26,346.01,782.97,0
2010-07-06,00:00,-287.56,207.93,-474.28,-133.83,0
2010-07-07,00:00,-1149.28,-762.51,-1395.63,-1119.52,0
2010-07-08,00:00,2211.07,2716.5,1600.04,2181.32,0
2010-07-09,00:00,879.88,1384.17,643.85,921.92,0
2010-07-12,00:00,-546.32,-171.03,-776.65,-471.92,0
2010-07-13,00:00,667.71,1281.42,-90.39,647.36,0
2010-07-14,00:00,322.76,1005.14,-145.6,423.91,0
2010-07-15,00:00,890.83,1474.88,213.12,867.89,0
2010-07-16,00:00,1333.9,1939.04,864.59,1418.36,0
2010-07-19,00:00,-368.94,181.57,-858.25,-242.87,0
2010-07-20,00:00,1410.47,1990.65,644.24,1398.32,0
2010-07-21,00:00,120.23,375.55,-185.04,51.82,0
2010-07-22,00:00,1468.91,1876.37,1036.41,1434.82,0
2010-07-23,00:00,863.63,1060.21,518.45,669.59,0
2010-07-26,00:00,-357.2,106.33,-802.95,-401.67,0
2010-07-27,00:00,-73.38,260.14,-534.11,-115.75,0
2010-07-28,00:00,-412.12,-75.21,-699.88,-365.74,0
2010-07-29,00:00,370.05,774.89,-4.37,362.12,0
2010-07-30,00:00,1599.39,2111.99,1311.48,1664.29,0
2010-08-02,00:00,893.54,1353.03,562.9,963.65,0
2010-08-03,00:00,-773.33,-468.83,-1148.22,-714.79,0
2010-08-04,00:00,-127.98,50.43,-214.01,-45.91,0
2010-08-05,00:00,1294.55,1696.1,832.08,1268.53,0
2010-08-06,00:00,428.73,963.64,226.54,531.32,0
2010-08-09,00:00,801.24,1479.68,402.39,1024.09,0
2010-08-10,00:00,-346.49,-6.16,-877.58,-444.18,0
2010-08-11,00:00,834.35,1263.94,564.65,858.29,0
2010-08-12,00:00,313.16,897.66,-72.41,330.93,0
2010-08-13,00:00,148.55,558.6,-197.84,231.72,0
2010-08-16,00:00,-398.43,234.91,-832.72,-200.36,0
2010-08-17,00:00,-96.44,68.6,-404.3,-218.09,0
2010-08-18,00:00,474.59,1019.32,45.5,418.65,0
2010-08-19,00:00,690.16,1292.13,320.41,798.76,0
2010-08-20,00:00,216.91,478.15,-144.76,282.17,0
2010-08-23,00:00,255.96,633.2,-339.13,247.92,0
2010-08-24,00:00,1286.43,1655.09,735.11,1188.72,0
2010-08-25,00:00,-440.5,283.96,-668.63,-359.67,0
2010-08-26,00:00,250.21,875.39,55.92,416.54,0
2010-08-27,00:00,547.66,863.96,72.98,555.2,0
2010-08-30,00:00,-694.11,-326.28,-1059.19,-739.14,0
2010-08-31,00:00,2503.16,3162.1,2257.73,2748.35,0
2010-09-01,00:00,508.04,902.73,90.19,597.86,0
2010-09-02,00:00,-732.51,-81.6,-1017.95,-641.82,0
2010-09-03,00:00,69.47,453.09,-346.89,111.67,0
2010-09-06,00:00,60.46,64.04,-560.61,-147.69,0
2010-09-07,00:00,1565.11,1853.3,1059.88,1505.1,0
2010-09-08,00:00,-424.37,-126.54,-690.42,-365.75,0
2010-09-09,00:00,377.3,845.3,-255.38,330.22,0
2010-09-10,00:00,967.01,1350.38,718.15,995.07,0
2010-09-13,00:00,1236.05,1693.38,803.1,1137.77,0
2010-09-14,00:00,61.33,314.89,-395.09,0.88,0
2010-09-15,00:00,317.03,648.74,-226.86,316.15,0
2010-09-16,00:00,782.39,1389.65,403.23,805.21,0
2010-09-17,00:00,-1533.44,-962.59,-1867.97,-1519.23,0
2010-09-20,00:00,406.14,893.45,-209.01,341.83,0
2010-09-21,00:00,647.58,1035.18,290.35,528.53,0
2010-09-22,00:00,2062.33,2827.07,1424.18,2070.2,0
2010-09-23,00:00,1798.18,2434.99,1422.94,1875.93,0
2010-09-24,00:00,195.01,657.35,-276.29,203.54,0
2010-09-27,00:00,296.39,808.02,-110.35,384.04,0
2010-09-28,00:00,1332.72,1828.52,671.72,1251.51,0
2010-09-29,00:00,-292.43,299.32,-638.26,-212.59,0
2010-09-30,00:00,1145.44,1359.9,721.68,1055.56,0
2010-10-01,00:00,1211.74,1444.41,992.87,1173.28,0
2010-10-04,00:00,82.2,361.38,-394.72,7.55,0
2010-10-05,00:00,-4.94,159.12,-534.1,-183.86,0
2010-10-06,00:00,1723.08,2388.21,1155.13,1744.84,0
2010-10-07,00:00,907.28,1015.9,500.09,766.26,0
2010-10-08,00:00,-1498.45,-1257.92,-2122.31,-1500.57,0
2010-10-11,00:00,991.26,1422.11,794.26,1166.88,0
2010-10-12,00:00,101.68,633.03,-288.28,183.93,0
2010-10-13,00:00,-628.67,-75.69,-916.38,-565.11,0
2010-10-14,00:00,273.74,972.47,-326.24,275.96,0
2010-10-15,00:00,410.61,598.54,-13.01,360.23,0
2010-10-18,00:00,1530.87,1921.49,1391.96,1590.84,0
2010-10-19,00:00,419.45,680.3,47.34,414.92,0
2010-10-20,00:00,197.16,551.39,-121.34,359.27,0
2010-10-21,00:00,-401.74,23.22,-801.53,-409.93,0
2010-10-22,00:00,-448.66,-182.58,-976.12,-545.84,0
2010-10-25,00:00,58.79,385.45,-249.94,27.46,0
2010-10-26,00:00,-618.0,-391.36,-995.44,-703.43,0
2010-10-27,00:00,1345.1,1723.58,924.07,1320.05,0
2010-10-28,00:00,75.87,764.06,-202.59,149.07,0
2010-10-29,00:00,1088.53,1678.99,776.99,1184.01,0
2010-11-01,00:00,1090.11,1639.06,948.82,1204.62,0
2010-11-02,00:00,893.24,1281.33,406.85,771.71,0
2010-11-03,00:00,335.12,629.81,-35.49,303.74,0
2010-11-04,00:00,1955.55,2323.24,1786.79,2066.12,0
2010-11-05,00:00,1442.39,2044.31,1322.67,1535.35,0
2010-11-08,00:00,1278.42,1435.54,860.55,1153.05,0
2010-11-09,00:00,1261.62,1517.91,741.14,1095.53,0
2010-11-10,00:00,552.55,941.22,84.7,630.2,0
2010-11-11,00:00,749.78,1244.24,359.01,818.68,0
2010-11-12,00:00,1781.39,2057.57,1540.82,1877.38,0
2010-11-15,00:00,2338.43,2481.72,1859.76,2288.72,0
2010-11-16,00:00,-68.77,430.03,-317.74,162.61,0
2010-11-17,00:00,462.81,605.35,111.19,399.42,0
2010-11-18,00:00,915.64,1410.63,580.4,916.98,0
2010-11-19,00:00,-667.46,-139.19,-1276.92,-629.09,0
2010-11-22,00:00,-492.62,-135.41,-1180.23,-551.97,0
2010-11-23,00:00,510.51,802.16,172.05,655.05,0
2010-11-24,00:00,-67.85,449.12,-443.98,13.13,0
2010-11-25,00:00,1706.01,2050.74,1427.4,1651.11,0
2010-11-26,00:00,1417.92,1821.24,1160.2,1522.17,0
2010-11-29,00:00,1793.08,2100.56,1487.0,1749.71,0
2010-11-30,00:00,-657.47,-90.31,-1122.98,-619.48,0
2010-12-01,00:00,1562.75,1821.03,903.25,1452.73,0
2010-12-02,00:00,1067.39,1531.64,559.71,1086.74,0
2010-12-03,00:00,1329.22,1813.13,931.93,1379.16,0
2010-12-06,00:00,641.32,953.61,331.33,635.94,0
2010-12-07,00:00,817.83,1549.3,568.59,933.62,0
2010-12-08,00:00,759.3,1179.77,351.43,792.09,0
2010-12-09,00:00,698.04,1235.47,284.48,626.16,0
2010-12-10,00:00,956.83,1353.65,221.53,857.07,0
2010-12-13,00:00,315.2,631.6,-19.17,206.23,0
2010-12-14,00:00,376.08,912.91,-101.27,397.76,0
2010-12-15,00:00,1878.45,2180.9,1163.82,1770.14,0
2010-12-16,00:00,700.81,1174.09,381.42,770.34,0
2010-12-17,00:00,1529.16,2108.95,1392.35,1662.15,0
2010-12-20,00:00,-193.47,142.05,-549.82,-228.85,0
2010-12-21,00:00,319.4,899.12,-110.62,401.94,0
2010-12-22,00:00,1090.46,1698.69,679.32,1115.0,0
2010-12-23,00:00,-911.69,-721.66,-1232.39,-933.09,0
2010-12-24,00:00,-355.61,-61.26,-776.45,-327.34,0
2010-12-27,00:00,519.46,919.44,77.41,449.34,0
2010-12-28,00:00,-802.44,-573.81,-1123.36,-821.2,0
2010-12-29,00:00,813.75,1183.36,302.9,787.2,0
2010-12-30,00:00,114.76,627.06,-298.44,132.75,0
2010-12-31,00:00,1126.05,1712.32,668.48,1093.98,0
2011-01-03,00:00,567.11,1064.72,188.2,657.96,0
2011-01-04,00:00,479.44,795.59,155.76,535.68,0
2011-01-05,00:00,1496.73,1952.5,998.22,1487.88,0
2011-01-06,00:00,-141.71,463.46,-708.03,-50.82,0
2011-01-07,00:00,760.39,1494.3,416.81,941.88,0
2011-01-10,00:00,81.83,706.3,-172.22,231.49,0
2011-01-11,00:00,1035.93,1427.38,586.09,1051.4,0
2011-01-12,00:00,1806.67,2373.66,1298.75,1885.26,0
2011-01-13,00:00,-39.41,552.26,-658.49,-30.43,0
2011-01-14,00:00,1373.83,1790.7,1119.91,1498.65,0
2011-01-17,00:00,1006.8,1326.41,555.97,1030.71,0
2011-01-18,00:00,261.47,527.32,-290.26,191.02,0
2011-01-19,00:00,-46.08,460.87,-488.21,-67.25,0
2011-01-20,00:00,571.8,846.29,12.33,497.39,0
2011-01-21,00:00,212.88,556.62,-318.83,136.61,0
2011-01-24,00:00,836.46,1542.54,488.11,949.15,0
2011-01-25,00:00,375.09,829.79,7.75,517.5,0
2011-01-26,00:00,453.22,652.82,-37.4,437.22,0
2011-01-27,00:00,-1660.43,-1267.44,-1990.74,-1803.32,0
2011-01-28,00:00,-254.22,63.22,-928.7,-425.0,0
2011-01-31,00:00,27.87,319.88,-438.91,-36.4,0
2011-02-01,00:00,551.33,1021.53,47.74,537.83,0
2011-02-02,00:00,1554.44,1831.9,1125.83,1411.78,0
2011-02-03,00:00,604.02,1099.73,210.43,762.84,0
2011-02-04,00:00,1909.53,2317.58,1546.26,1868.7,0
2011-02-07,00:00,-62.02,384.61,-404.43,-83.31,0
2011-02-08,00:00,522.31,1017.12,132.34,478.54,0
2011-02-09,00:00,-21.1,14.33,-681.82,-116.27,0
2011-02-10,00:00,943.61,1300.53,169.83,772.84,0
2011-02-11,00:00,401.19,751.26,35.36,342.0,0
2011-02-14,00:00,115.99,379.21,-254.12,142.73,0
2011-02-15,00:00,452.66,809.34,23.35,382.74,0
2011-02-16,00:00,855.89,1082.2,289.3,755.15,0
2011-02-17,00:00,2018.93,2606.03,1691.08,2094.94,0
2011-02-18,00:00,-285.11,75.81,-642.69,-194.38,0
2011-02-21,00:00,206.94,486.29,-286.91,162.76,0
2011-02-22,00:00,884.75,1499.15,206.78,840.34,0
2011-02-23,00:00,165.47,506.06,-53.63,208.43,0
2011-02-24,00:00,1476.73,1954.09,975.82,1468.62,0
2011-02-25,00:00,1637.82,2138.7,1254.02,1760.57,0
2011-02-28,00:00,-193.72,114.11,-816.43,-225.35,0
2011-03-01,00:00,-246.07,77.78,-335.03,-209.21,0
2011-03-02,00:00,-462.02,-96.19,-773.51,-384.74,0
2011-03-03,00:00,644.44,917.15,119.97,468.85,0
2011-03-04,00:00,1074.8,1599.23,667.27,1141.99,0
2011-03-07,00:00,1556.94,1916.7,1225.88,1529.68,0
2011-03-08,00:00,1332.71,1677.91,1142.02,1352.16,0
2011-03-09,00:00,-1071.85,-602.09,-1466.68,-1001.1,0
2011-03-10,00:00,508.23,873.59,214.79,635.41,0
2011-03-11,00:00,1915.29,2286.78,1658.12,1986.8,0
2011-03-14,00:00,51.43,526.54,-390.33,127.58,0
2011-03-15,00:00,-800.72,-341.85,-1306.84,-734.36,0
2011-03-16,00:00,1596.53,1973.38,1168.27,1585.65,0
2011-03-17,00:00,-521.35,-118.8,-1220.87,-555.98,0
2011-03-18,00:00,-628.32,-2.65,-1262.86,-632.66,0
2011-03-21,00:00,1175.59,1608.8,643.6,1141.9,0
2011-03-22,00:00,1181.63,1635.87,813.85,1280.93,0
2011-03-23,00:00,607.18,1077.83,239.42,606.22,0
2011-03-24,00:00,1530.05,1839.47,1348.79,1559.29,0
2011-03-25,00:00,317.45,812.4,-349.49,308.71,0
2011-03-28,00:00,833.67,1380.47,323.09,952.38,0
2011-03-29,00:00,580.89,1114.59,278.52,698.71,0
2011-03-30,00:00,1386.37,1528.7,946.97,1273.01,0
2011-03-31,00:00,424.86,901.61,28.55,556.57,0
2011-04-01,00:00,1108.27,1380.94,770.27,1107.87,0
2011-04-04,00:00,900.93,1222.15,374.41,782.6,0
2011-04-05,00:00,974.65,1231.23,324.93,903.23,0
2011-04-06,00:00,-962.43,-535.26,-1410.48,-981.98,0
2011-04-07,00:00,1598.96,2132.04,1209.8,1624.05,0
2011-04-08,00:00,883.2,1311.16,218.72,791.28,0
2011-04-11,00:00,959.26,1421.12,539.5,929.67,0
2011-04-12,00:00,-255.8,345.62,-708.64,-167.6,0
2011-04-13,00:00,1142.32,1425.84,803.77,1117.11,0
2011-04-14,00:00,49.07,500.38,-387.0,-8.97,0
2011-04-15,00:00,468.97,911.08,280.0,525.1,0
2011-04-18,00:00,1550.05,1929.47,1081.25,1502.63,0
2011-04-19,00:00,2269.98,2568.34,2047.97,2178.63,0
2011-04-20,00:00,-177.46,240.52,-489.53,-170.02,0
2011-04-21,00:00,761.61,1359.6,320.14,896.15,0
2011-04-22,00:00,2733.52,3181.04,2202.69,2739.91,0
2011-04-25,00:00,894.42,1293.34,640.64,1000.9,0
2011-04-26,00:00,947.21,1250.76,670.78,928.84,0
2011-04-27,00:00,1192.41,1521.03,668.5,1051.17,0
2011-04-28,00:00,1260.41,1913.97,929.37,1405.78,0
2011-04-29,00:00,-760.71,-86.73,-1115.9,-669.26,0
2011-05-02,00:00,148.53,590.65,-279.02,217.93,0
2011-05-03,00:00,513.24,823.69,66.64,422.7,0
2011-05-04,00:00,-666.04,-339.61,-1003.46,-700.94,0
2011-05-05,00:00,-2760.24,-2485.19,-3087.83,-2794.33,0
2011-05-06,00:00,-258.92,75.71,-881.76,-328.68,0
2011-05-09,00:00,219.55,710.59,-13.27,281.35,0
2011-05-10,00:00,903.4,1189.56,574.35,777.91,0
2011-05-11,00:00,536.73,1135.68,16.06,505.24,0
2011-05-12,00:00,1196.17,1903.57,826.95,1425.74,0
2011-05-13,00:00,1295.25,1632.35,821.07,1168.96,0
2011-05-16,00:00,476.45,607.74,76.58,376.85,0
2011-05-17,00:00,-96.84,475.84,-176.76,-0.71,0
2011-05-18,00:00,1198.38,1462.05,873.99,1167.7,0
2011-05-19,00:00,668.35,876.07,160.25,639.35,0
2011-05-20,00:00,-952.13,-669.29,-1418.45,-1088.37,0
2011-05-23,00:00,470.46,1018.25,77.27,589.41,0
2011-05-24,00:00,174.42,444.53,-303.93,215.21,0
2011-05-25,00:00,197.4,396.48,-49.31,250.42,0
2011-05-26,00:00,4058.2,4347.55,3671.67,4100.95,0
2011-05-27,00:00,-498.8,-215.69,-1097.17,-619.98,0
2011-05-30,00:00,-2109.33,-1812.75,-2624.53,-2214.02,0
2011-05-31,00:00,1697.07,2059.56,1309.83,1754.44,0
2011-06-01,00:00,1230.63,1647.08,756.0,1172.16,0
2011-06-02,00:00,2163.01,2698.47,1610.42,2176.86,0
2011-06-03,00:00,-696.15,-135.66,-1124.72,-657.2,0
2011-06-06,00:00,-404.96,-45.93,-1085.85,-550.49,0
2011-06-07,00:00,1273.13,1774.52,821.98,1318.27,0
2011-06-08,00:00,1857.82,2132.45,1182.13,1709.46,0
2011-06-09,00:00,1801.98,2217.41,1400.15,1804.34,0
2011-06-10,00:00,1188.65,1694.4,770.25,1212.93,0
2011-06-13,00:00,1616.67,2269.15,1217.01,1670.36,0
2011-06-14,00:00,-1099.2,-452.36,-1545.86,-996.06,0
2011-06-15,00:00,645.32,1008.11,348.03,719.54,0
2011-06-16,00:00,265.81,473.66,-197.74,139.5,0
2011-06-17,00:00,-1600.65,-1237.62,-1942.34,-1603.56,0
2011-06-20,00:00,-250.16,-3.02,-576.84,-346.31,0
2011-06-21,00:00,1654.68,1992.15,1319.21,1699.71,0
2011-06-22,00:00,-174.09,492.87,-535.97,-100.43,0
2011-06-23,00:00,946.72,1393.9,463.18,912.15,0
2011-06-24,00:00,-822.16,-399.2,-1148.87,-807.93,0
2011-06-27,00:00,2170.3,2401.65,1685.47,2104.25,0
2011-06-28,00:00,-76.12,203.15,-627.96,-213.63,0
2011-06-29,00:00,785.9,1057.33,155.06,667.27,0
2011-06-30,00:00,362.01,872.73,-43.91,372.24,0
2011-07-01,00:00,-1100.63,-841.02,-1459.49,-1097.57,0
2011-07-04,00:00,1223.14,1329.95,700.43,1115.23,0
2011-07-05,00:00,558.99,1094.47,215.75,723.01,0
2011-07-06,00:00,822.5,1159.67,328.73,747.59,0
2011-07-07,00:00,922.19,1225.86,802.84,970.14,0
2011-07-08,00:00,-258.59,480.02,-370.74,-103.37,0
2011-07-11,00:00,-1864.04,-1463.8,-2402.26,-1930.25,0
2011-07-12,00:00,135.47,483.64,-236.69,119.4,0
2011-07-13,00:00,240.55,695.86,-251.53,189.68,0
2011-07-14,00:00,947.93,1325.39,703.13,987.3,0
2011-07-15,00:00,434.02,885.37,89.08,528.51,0
2011-07-18,00:00,3032.75,3170.74,2550.92,2919.18,0
2011-07-19,00:00,635.85,1077.33,533.42,601.62,0
2011-07-20,00:00,968.6,1644.04,563.08,978.15,0
2011-07-21,00:00,-180.6,319.82,-689.74,-154.54,0
2011-07-22,00:00,-528.32,-9.79,-757.23,-502.39,0
2011-07-25,00:00,2742.2,2975.9,2390.29,2666.49,0
2011-07-26,00:00,597.79,736.47,202.39,536.07,0
2011-07-27,00:00,-178.53,52.85,-501.14,-179.6,0
2011-07-28,00:00,1047.5,1324.01,433.42,1007.81,0
2011-07-29,00:00,82.25,635.95,-231.96,174.29,0
2011-08-01,00:00,1261.53,1811.16,802.79,1276.7,0
2011-08-02,00:00,-994.21,-385.03,-1640.9,-1040.64,0
2011-08-03,00:00,1048.49,1543.19,565.07,1128.9,0
2011-08-04,00:00,867.88,1497.87,396.03,892.51,0
2011-08-05,00:00,1755.93,2089.72,1259.7,1790.9,0
2011-08-08,00:00,-810.48,-518.2,-1057.43,-789.41,0
2011-08-09,00:00,625.06,1240.37,165.47,606.21,0
2011-08-10,00:00,202.81,657.93,-194.96,217.18,0
2011-08-11,00:00,-447.54,264.14,-1117.59,-382.93,0
2011-08-12,00:00,150.4,331.72,-364.56,144.33,0
2011-08-15,00:00,538.91,991.91,212.76,624.0,0
2011-08-16,00:00,2606.85,2968.03,2101.26,2516.95,0
2011-08-17,00:00,-577.26,-92.42,-1104.8,-490.6,0
2011-08-18,00:00,759.4,1187.97,252.4,756.0,0
2011-08-19,00:00,602.39,1083.82,267.97,595.78,0
2011-08-22,00:00,24.21,453.23,-290.16,92.91,0
2011-08-23,00:00,1406.6,1795.35,839.7,1292.79,0
2011-08-24,00:00,-1234.32,-819.78,-1671.53,-1206.06,0
2011-08-25,00:00,1240.95,1626.12,938.41,1283.49,0
2011-08-26,00:00,149.09,479.38,-118.03,99.73,0
2011-08-29,00:00,817.97,1217.51,397.04,804.31,0
2011-08-30,00:00,114.64,371.18,-213.23,60.58,0
2011-08-31,00:00,-462.03,-180.93,-914.04,-520.45,0
2011-09-01,00:00,1097.89,1698.16,581.55,1160.25,0
2011-09-02,00:00,-81.13,282.6,-312.66,-80.15,0
2011-09-05,00:00,199.12,856.93,-67.66,253.54,0
2011-09-06,00:00,1778.68,2186.08,1484.97,1839.23,0
2011-09-07,00:00,2032.53,2466.34,1749.06,2152.82,0
2011-09-08,00:00,1134.31,1543.47,760.7,1223.11,0
2011-09-09,00:00,1476.43,1786.48,1121.04,1535.26,0
2011-09-12,00:00,637.96,940.33,297.51,610.45,0
2011-09-13,00:00,430.26,927.96,-104.17,499.37,0
2011-09-14,00:00,1396.02,1609.12,979.13,1359.35,0
2011-09-15,00:00,452.83,997.96,23.0,618.68,0
2011-09-16,00:00,14.87,490.78,-173.85,132.46,0
2011-09-19,00:00,152.35,608.54,-475.39,129.44,0
2011-09-20,00:00,-395.99,39.91,-940.36,-373.16,0
2011-09-21,00:00,-1062.74,-295.19,-1378.17,-859.02,0
2011-09-22,00:00,-688.79,-132.53,-1053.54,-649.81,0
2011-09-23,00:00,1904.1,2421.42,1423.27,1917.28,0
2011-09-26,00:00,1857.57,2182.69,1587.68,1830.27,0
2011-09-27,00:00,374.31,727.29,183.15,369.05,0
2011-09-28,00:00,-222.14,337.18,-835.24,-254.7,0
2011-09-29,00:00,677.07,1037.84,244.56,720.61,0
2011-09-30,00:00,1388.06,1849.17,938.94,1373.3,0
2011-10-03,00:00,1350.71,1574.1,982.71,1263.81,0
2011-10-04,00:00,787.67,1136.12,517.27,829.98,0
2011-10-05,00:00,-25.09,643.58,-149.24,127.47,0
2011-10-06,00:00,2158.21,2453.43,1833.85,2140.06,0
2011-10-07,00:00,-989.66,-730.18,-1551.7,-1110.05,0
2011-10-10,00:00,1256.03,1471.48,925.63,1155.86,0
2011-10-11,00:00,2030.57,2399.95,1661.13,2005.4,0
2011-10-12,00:00,1726.51,2073.62,1279.12,1678.35,0
2011-10-13,00:00,-19.88,469.06,-270.35,148.94,0
2011-10-14,00:00,43.13,369.3,-193.4,40.44,0
2011-10-17,00:00,528.8,816.65,39.48,405.46,0
2011-10-18,00:00,-103.73,647.02,-500.88,18.76,0
2011-10-19,00:00,-729.5,-241.42,-866.68,-597.72,0
2011-10-20,00:00,-69.2,595.03,-507.33,41.77,0
2011-10-21,00:00,-345.48,-130.03,-725.33,-396.41,0
2011-10-24,00:00,1296.01,1723.31,711.03,1184.16,0
2011-10-25,00:00,11.09,229.69,-534.17,-103.64,0
2011-10-26,00:00,152.91,397.39,-53.41,196.19,0
2011-10-27,00:00,456.66,1070.13,-41.57,452.79,0
2011-10-28,00:00,-400.32,241.03,-818.15,-328.52,0
2011-10-31,00:00,430.74,785.26,-51.49,375.42,0
2011-11-01,00:00,-526.63,34.98,-1144.64,-543.67,0
2011-11-02,00:00,-163.26,105.44,-504.35,-163.96,0
2011-11-03,00:00,1159.65,1665.37,641.31,1064.48,0
2011-11-04,00:00,-212.33,49.24,-552.44,-324.78,0
2011-11-07,00:00,1427.92,1730.22,1004.54,1477.91,0
2011-11-08,00:00,741.78,1253.48,433.36,808.82,0
2011-11-09,00:00,-352.89,95.32,-957.43,-494.32,0
2011-11-10,00:00,-36.93,474.05,-624.74,-78.14,0
2011-11-11,00:00,1344.56,1931.61,774.09,1298.09,0
2011-11-14,00:00,-667.29,-310.17,-1047.43,-756.53,0
2011-11-15,00:00,423.36,808.44,-172.75,326.81,0
2011-11-16,00:00,-1400.81,-1111.16,-2093.31,-1552.05,0
2011-11-17,00:00,1032.14,1524.96,812.72,1166.54,0
2011-11-18,00:00,-374.22,-63.25,-877.12,-386.44,0
2011-11-21,00:00,1810.2,2202.64,1540.98,1844.88,0
2011-11-22,00:00,1593.54,2000.98,1183.07,1677.45,0
2011-11-23,00:00,237.56,360.9,-132.31,179.97,0
2011-11-24,00:00,-1179.55,-692.68,-1684.88,-1199.7,0
2011-11-25,00:00,-560.19,-213.01,-967.29,-566.48,0
2011-11-28,00:00,1311.48,1893.48,965.77,1411.03,0
2011-11-29,00:00,-242.91,324.69,-748.11,-229.53,0
2011-11-30,00:00,727.79,1381.16,241.58,754.41,0
2011-12-01,00:00,-305.2,89.87,-938.46,-399.11,0
2011-12-02,00:00,-166.62,184.59,-521.08,-191.67,0
2011-12-05,00:00,-318.38,381.62,-889.6,-256.2,0
2011-12-06,00:00,1444.92,1598.14,987.31,1241.36,0
2011-12-07,00:00,-1123.36,-636.5,-1561.7,-1161.57,0
2011-12-08,00:00,-712.79,-222.73,-1127.34,-660.41,0
2011-12-09,00:00,308.56,463.24,-223.94,144.87,0
2011-12-12,00:00,411.51,754.62,140.37,345.54,0
2011-12-13,00:00,1419.24,1876.3,976.47,1402.68,0
2011-12-14,00:00,50.25,373.97,-472.23,-3.06,0
2011-12-15,00:00,1903.71,2326.36,1408.14,1882.62,0
2011-12-16,00:00,-423.19,-37.18,-680.17,-384.63,0
2011-12-19,00:00,79.91,506.57,8.87,290.57,0
2011-12-20,00:00,5.76,402.21,-239.51,-31.56,0
2011-12-21,00:00,339.69,873.65,-108.94,273.78,0
2011-12-22,00:00,631.53,745.29,-71.16,466.07,0
2011-12-23,00:00,388.13,820.99,-210.98,327.67,0
2011-12-26,00:00,173.02,696.88,-297.91,310.06,0
2011-12-27,00:00,-1535.95,-886.74,-1794.92,-1333.85,0
2011-12-28,00:00,2892.21,3197.56,2759.31,2848.24,0
2011-12-29,00:00,1598.6,2170.96,1220.34,1641.24,0
2011-12-30,00:00,1236.98,1681.89,845.69,1172.67,0
2012-01-02,00:00,567.92,1071.68,115.96,600.12,0
2012-01-03,00:00,-211.46,95.54,-519.94,-102.63,0
2012-01-04,00:00,-974.49,-685.7,-1500.24,-1063.66,0
2012-01-05,00:00,386.98,577.69,85.23,299.54,0
2012-01-06,00:00,2285.22,2760.04,1760.53,2294.35,0
2012-01-09,00:00,982.32,1427.49,633.86,977.13,0
2012-01-10,00:00,-371.56,135.4,-530.32,-286.98,0
2012-01-11,00:00,1064.19,1655.56,716.17,1168.45,0
2012-01-12,00:00,1761.15,2291.72,1401.35,1834.88,0
2012-01-13,00:00,-1046.81,-806.74,-1243.36,-1048.37,0
2012-01-16,00:00,1368.47,2008.6,974.0,1500.07,0
2012-01-17,00:00,1739.2,2174.11,1552.4,1849.28,0
2012-01-18,00:00,-1380.01,-736.2,-1834.93,-1252.57,0
2012-01-19,00:00,-288.75,242.51,-524.07,-183.63,0
2012-01-20,00:00,833.78,1347.84,403.67,925.58,0
2012-01-23,00:00,-32.35,372.93,-407.0,-3.95,0
2012-01-24,00:00,2347.8,2725.13,1666.3,2201.59,0
2012-01-25,00:00,-1459.1,-990.58,-1971.18,-1503.55,0
2012-01-26,00:00,875.13,1306.46,376.25,801.83,0
2012-01-27,00:00,504.84,1043.07,219.87,645.24,0
2012-01-30,00:00,366.74,782.33,-150.89,247.23,0
2012-01-31,00:00,159.07,622.55,-158.1,180.82,0
2012-02-01,00:00,1132.29,1703.47,900.72,1261.24,0
2012-02-02,00:00,1656.13,2037.75,1136.77,1612.57,0
2012-02-03,00:00,-716.32,-241.31,-1074.04,-722.78,0
2012-02-06,00:00,-501.09,1.38,-856.55,-469.31,0
2012-02-07,00:00,762.51,1168.83,300.7,709.63,0
2012-02-08,00:00,268.38,573.18,2.44,179.56,0
2012-02-09,00:00,784.45,1271.4,551.98,855.65,0
2012-02-10,00:00,177.79,494.49,-13.21,203.48,0
2012-02-13,00:00,1091.08,1259.55,682.12,984.1,0
2012-02-14,00:00,219.09,843.2,-267.82,180.63,0
2012-02-15,00:00,-101.51,199.66,-430.51,-79.35,0
2012-02-16,00:00,-1096.05,-790.12,-1244.19,-1015.8,0
2012-02-17,00:00,188.21,631.58,-394.88,170.9,0
2012-02-20,00:00,1918.3,2158.64,1714.36,1872.04,0
2012-02-21,00:00,-154.53,408.9,-692.99,-123.43,0
2012-02-22,00:00,845.68,1437.54,760.87,941.9,0
2012-02-23,00:00,-624.17,-477.26,-1024.29,-617.6,0
2012-02-24,00:00,-702.07,-200.39,-1013.96,-577.1,0
2012-02-27,00:00,455.21,888.57,-95.25,440.75,0
2012-02-28,00:00,1538.26,1921.54,1166.26,1508.12,0
2012-02-29,00:00,-1005.89,-656.69,-1517.53,-1091.67,0
2012-03-01,00:00,153.62,677.56,-273.39,195.98,0
2012-03-02,00:00,1396.68,1887.55,871.22,1400.1,0
2012-03-05,00:00,514.52,970.43,61.87,506.12,0
2012-03-06,00:00,-350.61,-21.05,-750.7,-316.47,0
2012-03-07,00:00,-697.92,-435.72,-1256.23,-803.89,0
2012-03-08,00:00,-168.49,610.09,-592.44,-91.72,0
2012-03-09,00:00,-326.22,-0.49,-534.61,-347.02,0
2012-03-12,00:00,-198.61,239.22,-664.5,-121.04,0
2012-03-13,00:00,1316.76,1518.02,847.93,1307.85,0
2012-03-14,00:00,-638.27,47.55,-1230.04,-603.71,0
2012-03-15,00:00,1336.11,1590.9,856.97,1292.53,0
2012-03-16,00:00,919.47,1298.41,395.54,850.3,0
2012-03-19,00:00,1462.48,1975.13,880.95,1463.35,0
2012-03-20,00:00,-982.82,-462.19,-1508.59,-976.95,0
2012-03-21,00:00,1267.59,1864.79,1042.1,1427.02,0
2012-03-22,00:00,-1787.46,-1470.35,-2139.85,-1805.38,0
2012-03-23,00:00,1477.0,2027.66,1175.59,1593.67,0
2012-03-26,00:00,677.92,1023.57,367.27,670.35,0
2012-03-27,00:00,1122.45,1683.7,745.81,1199.42,0
2012-03-28,00:00,1038.06,1381.09,474.85,1027.99,0
2012-03-29,00:00,-60.32,168.7,-584.61,-187.62,0
2012-03-30,00:00,-876.33,-228.32,-1269.08,-760.17,0
2012-04-02,00:00,-245.72,400.09,-776.44,-120.79,0
2012-04-03,00:00,701.78,1347.06,342.47,838.23,0
2012-04-04,00:00,-1650.47,-1277.59,-2184.28,-1689.55,0
2012-04-05,00:00,-51.27,400.66,-712.19,-122.77,0
2012-04-06,00:00,703.03,973.68,632.48,731.69,0
2012-04-09,00:00,54.57,438.17,-422.45,85.21,0
2012-04-10,00:00,1686.13,1949.28,1470.15,1713.53,0
2012-04-11,00:00,1750.84,2035.56,1299.97,1667.38,0
2012-04-12,00:00,2077.74,2391.18,1856.39,2008.5,0
2012-04-13,00:00,-660.61,-372.78,-1257.94,-759.19,0
2012-04-16,00:00,869.28,1272.45,412.13,889.83,0
2012-04-17,00:00,1370.97,1752.17,925.77,1425.07,0
2012-04-18,00:00,935.32,1489.45,478.82,914.68,0
2012-04-19,00:00,1170.63,1351.72,858.65,1112.62,0
2012-04-20,00:00,352.06,744.41,-32.86,353.31,0
2012-04-23,00:00,-5.17,317.61,-399.54,-1.03,0
2012-04-24,00:00,879.81,1511.91,415.93,942.19,0
2012-04-25,00:00,-544.21,-71.65,-891.33,-448.03,0
2012-04-26,00:00,1422.37,1864.44,986.53,1332.89,0
2012-04-27,00:00,131.63,740.47,-653.91,100.46,0
2012-04-30,00:00,1.98,306.08,-371.42,36.43,0
2012-05-01,00:00,-1122.12,-898.69,-1695.75,-1219.19,0
2012-05-02,00:00,457.41,920.57,-156.68,404.62,0
2012-05-03,00:00,228.97,554.8,-286.77,110.92,0
2012-05-04,00:00,1277.09,1559.5,771.21,1175.0,0
2012-05-07,00:00,1571.38,2185.84,1132.13,1690.02,0
2012-05-08,00:00,543.98,1209.81,-171.45,564.19,0
2012-05-09,00:00,1023.1,1709.18,579.65,1020.01,0
2012-05-10,00:00,563.75,1173.42,142.44,657.42,0
2012-05-11,00:00,-1457.63,-905.44,-2078.3,-1410.88,0
2012-05-14,00:00,-833.83,-417.46,-1271.1,-844.98,0
2012-05-15,00:00,1445.2,2106.67,1225.16,1690.59,0
2012-05-16,00:00,425.44,1040.21,167.19,576.72,0
2012-05-17,00:00,1105.08,1559.53,631.97,1164.26,0
2012-05-18,00:00,758.43,1267.18,253.1,789.85,0
2012-05-21,00:00,403.6,873.26,4.75,393.84,0
2012-05-22,00:00,684.94,976.49,416.15,751.55,0
2012-05-23,00:00,2079.13,2538.36,1704.74,2039.73,0
2012-05-24,00:00,1197.22,1499.78,970.81,1241.15,0
2012-05-25,00:00,-3.32,422.95,-381.32,-82.22,0
2012-05-28,00:00,458.29,846.95,115.33,515.88,0
2012-05-29,00:00,1502.11,1678.12,963.22,1432.22,0
2012-05-30,00:00,1719.64,2296.93,1133.57,1754.92,0
2012-05-31,00:00,-407.67,-193.09,-621.7,-464.42,0
2012-06-01,00:00,856.9,1587.71,355.14,935.94,0
2012-06-04,00:00,-1064.23,-752.0,-1311.77,-1209.4,0
2012-06-05,00:00,451.02,902.73,59.41,422.39,0
2012-06-06,00:00,-393.34,-68.95,-974.42,-498.94,0
2012-06-07,00:00,-539.2,5.08,-824.14,-347.45,0
2012-06-08,00:00,-266.3,35.8,-466.58,-310.29,0
2012-06-11,00:00,-337.62,-122.67,-775.0,-449.97,0
2012-06-12,00:00,812.47,1349.44,366.93,769.0,0
2012-06-13,00:00,303.13,860.27,-275.94,229.62,0
2012-06-14,00:00,1093.16,1413.85,962.05,1158.55,0
2012-06-15,00:00,-910.7,-601.65,-1077.3,-816.49,0
2012-06-18,00:00,877.17,1193.42,480.15,826.37,0
2012-06-19,00:00,-39.18,390.93,-439.4,-0.74,0
2012-06-20,00:00,407.82,890.82,329.4,541.95,0
2012-06-21,00:00,633.52,972.15,109.07,580.27,0
2012-06-22,00:00,973.03,1584.29,502.77,1081.53,0
2012-06-25,00:00,8.5,609.46,-378.22,99.27,0
2012-06-26,00:00,688.87,1295.54,339.29,728.79,0
2012-06-27,00:00,-145.84,396.69,-567.17,-56.62,0
2012-06-28,00:00,1234.5,1485.38,915.2,1202.79,0
2012-06-29,00:00,1058.16,1341.01,656.18,989.78,0
2012-07-02,00:00,195.12,532.36,-280.62,207.56,0
2012-07-03,00:00,1852.97,2185.84,1564.18,1795.02,0
2012-07-04,00:00,2221.38,2728.62,1785.69,2354.93,0
2012-07-05,00:00,1318.8,1579.19,1105.45,1244.44,0
2012-07-06,00:00,1327.45,1983.04,844.46,1413.4,0
2012-07-09,00:00,-143.51,270.65,-842.8,-240.82,0
2012-07-10,00:00,2191.83,2685.44,1870.77,2257.56,0
2012-07-11,00:00,304.11,807.33,60.29,306.13,0
2012-07-12,00:00,540.93,808.15,422.46,606.3,0
2012-07-13,00:00,81.86,436.38,-365.86,79.82,0
2012-07-16,00:00,111.39,385.25,-316.44,-48.84,0
2012-07-17,00:00,-347.28,118.64,-915.58,-351.74,0
2012-07-18,00:00,297.74,759.92,173.92,487.27,0
2012-07-19,00:00,-17.33,400.98,-445.52,-76.29,0
2012-07-20,00:00,-9.87,646.88,-605.69,5.5,0
2012-07-23,00:00,198.67,749.72,-175.41,214.92,0
2012-07-24,00:00,709.15,1181.02,270.91,761.3,0
2012-07-25,00:00,256.43,761.82,-150.62,210.43,0
2012-07-26,00:00,787.59,1219.06,265.91,818.04,0
2012-07-27,00:00,1083.93,1593.38,787.49,1149.47,0
2012-07-30,00:00,76.53,483.66,-202.19,74.54,0
2012-07-31,00:00,-872.35,-429.55,-1289.75,-853.43,0
2012-08-01,00:00,484.68,913.92,-216.73,579.81,0
2012-08-02,00:00,229.66,550.27,-252.76,193.41,0
2012-08-03,00:00,762.65,1076.33,426.89,862.42,0
2012-08-06,00:00,1486.5,1996.3,873.45,1520.51,0
2012-08-07,00:00,-477.21,108.54,-786.97,-450.13,0
2012-08-08,00:00,-203.94,79.27,-668.13,-309.44,0
2012-08-09,00:00,-649.7,-205.88,-1351.21,-633.96,0
2012-08-10,00:00,-512.41,-124.25,-901.9,-468.81,0
2012-08-13,00:00,-542.74,-259.54,-839.51,-542.36,0
2012-08-14,00:00,72.04,731.29,-333.82,219.45,0
2012-08-15,00:00,134.6,449.93,-252.1,20.84,0
2012-08-16,00:00,1090.7,1448.57,905.75,1017.42,0
2012-08-17,00:00,717.38,1366.68,223.03,860.97,0
2012-08-20,00:00,-111.85,368.27,-369.02,76.57,0
2012-08-21,00:00,-717.43,-200.77,-1082.27,-696.28,0
2012-08-22,00:00,-454.98,-152.87,-846.19,-488.32,0
2012-08-23,00:00,568.84,974.93,274.01,576.11,0
2012-08-24,00:00,-497.18,-252.92,-798.95,-465.83,0
2012-08-27,00:00,2327.42,2859.05,1934.36,2384.49,0
2012-08-28,00:00,-645.59,-140.26,-913.29,-516.43,0
2012-08-29,00:00,32.73,357.6,-611.6,-72.63,0
2012-08-30,00:00,1783.96,2239.8,1453.53,1752.41,0
2012-08-31,00:00,-983.28,-492.49,-1684.84,-1035.23,0
2012-09-03,00:00,-337.68,-131.0,-925.89,-528.46,0
2012-09-04,00:00,378.3,702.04,83.11,443.51,0
2012-09-05,00:00,917.84,1286.07,677.65,931.24,0
2012-09-06,00:00,138.71,579.89,-325.58,115.81,0
2012-09-07,00:00,207.01,700.71,-63.57,271.39,0
2012-09-10,00:00,369.32,1000.39,94.18,486.92,0
2012-09-11,00:00,629.23,1044.09,247.81,577.25,0
2012-09-12,00:00,6.25,621.88,-413.93,106.1,0
2012-09-13,00:00,704.27,880.04,166.43,523.66,0
2012-09-14,00:00,1588.03,2124.22,1058.52,1631.16,0
2012-09-17,00:00,813.89,1060.67,313.63,781.49,0
2012-09-18,00:00,2409.31,2885.42,2275.28,2434.98,0
2012-09-19,00:00,-669.83,-472.2,-1184.73,-750.87,0
2012-09-20,00:00,603.81,1372.7,-112.17,634.92,0
2012-09-21,00:00,-437.4,106.98,-891.3,-414.24,0
2012-09-24,00:00,-190.28,253.09,-426.28,-20.09,0
2012-09-25,00:00,430.3,872.0,-92.21,422.47,0
2012-09-26,00:00,780.45,1290.8,421.18,840.59,0
2012-09-27,00:00,-74.62,254.59,-424.44,-45.59,0
2012-09-28,00:00,1328.42,1631.72,1094.65,1257.87,0
2012-10-01,00:00,2018.81,2413.09,1749.4,2061.95,0
2012-10-02,00:00,2374.35,2877.31,2024.62,2370.83,0
2012-10-03,00:00,515.9,964.63,179.77,574.46,0
2012-10-04,00:00,1137.06,1525.76,658.64,1119.97,0
2012-10-05,00:00,70.73,350.72,-389.08,-27.69,0
2012-10-08,00:00,803.55,1553.5,438.76,946.31,0
2012-10-09,00:00,-711.81,-276.47,-1158.36,-732.4,0
2012-10-10,00:00,88.38,625.71,-555.34,-20.61,0
2012-10-11,00:00,2209.35,2685.95,1641.56,2217.54,0
2012-10-12,00:00,305.39,894.02,54.82,436.84,0
2012-10-15,00:00,1001.08,1262.73,358.08,892.9,0
2012-10-16,00:00,1074.17,1586.34,358.19,972.45,0
2012-10-17,00:00,-1321.08,-1018.39,-1785.33,-1350.46,0
2012-10-18,00:00,361.18,986.09,-95.11,367.96,0
2012-10-19,00:00,587.26,909.57,249.53,579.53,0
2012-10-22,00:00,-981.01,-661.53,-1387.1,-1048.04,0
2012-10-23,00:00,-311.58,-10.51,-657.96,-381.43,0
2012-10-24,00:00,994.22,1328.4,619.65,917.14,0
2012-10-25,00:00,481.27,628.08,157.18,374.43,0
2012-10-26,00:00,1038.53,1189.16,469.24,925.9,0
2012-10-29,00:00,2449.08,3107.29,2120.48,2520.14,0
2012-10-30,00:00,-574.7,124.21,-1236.33,-576.85,0
2012-10-31,00:00,-15.33,355.4,-304.18,-26.14,0
2012-11-01,00:00,851.17,1164.87,453.57,812.2,0
2012-11-02,00:00,-1131.05,-688.77,-1336.73,-1056.22,0
2012-11-05,00:00,-215.35,432.84,-724.31,-182.92,0
2012-11-06,00:00,1253.86,1556.08,888.43,1253.82,0
2012-11-07,00:00,1882.01,2490.36,1449.07,1876.48,0
2012-11-08,00:00,-185.1,25.63,-580.99,-276.99,0
2012-11-09,00:00,1096.72,1405.67,530.39,970.31,0
2012-11-12,00:00,-1102.14,-649.2,-1484.55,-1071.32,0
2012-11-13,00:00,-2073.74,-1699.83,-2344.36,-2047.81,0
2012-11-14,00:00,626.36,1036.03,299.34,614.35,0
2012-11-15,00:00,140.24,493.8,-525.34,31.91,0
2012-11-16,00:00,-427.73,315.25,-939.82,-359.32,0
2012-11-19,00:00,1374.25,1990.24,1024.94,1500.96,0
2012-11-20,00:00,-588.11,-143.08,-1004.3,-549.28,0
2012-11-21,00:00,-531.19,33.11,-1153.93,-649.61,0
2012-11-22,00:00,2644.9,3293.22,2348.07,2735.31,0
2012-11-23,00:00,2772.18,3115.86,2259.65,2796.31,0
2012-11-26,00:00,1054.39,1407.78,558.31,973.29,0
2012-11-27,00:00,788.26,949.83,476.74,743.73,0
2012-11-28,00:00,1079.51,1685.58,340.75,1005.08,0
2012-11-29,00:00,1541.65,1989.35,1137.55,1505.5,0
2012-11-30,00:00,-2002.38,-1483.65,-2241.74,-1911.37,0
2012-12-03,00:00,565.75,1270.32,227.62,703.67,0
2012-12-04,00:00,203.3,809.32,-204.44,317.33,0
2012-12-05,00:00,-158.02,176.14,-605.25,-249.7,0
2012-12-06,00:00,936.99,1230.9,640.69,951.14,0
2012-12-07,00:00,-53.9,189.86,-420.78,-186.63,0
2012-12-10,00:00,-618.2,-160.93,-826.52,-586.5,0
2012-12-11,00:00,502.73,910.46,-200.58,369.6,0
2012-12-12,00:00,1671.95,2155.2,995.65,1630.39,0
2012-12-13,00:00,1172.0,1741.61,1037.34,1241.55,0
2012-12-14,00:00,1064.76,1263.28,821.06,963.49,0
2012-12-17,00:00,717.45,1170.27,308.83,642.18,0
2012-12-18,00:00,1910.01,2232.0,1381.35,1873.03,0
2012-12-19,00:00,-1357.53,-898.89,-1715.67,-1427.9,0
2012-12-20,00:00,1419.03,1761.59,1077.57,1334.66,0
2012-12-21,00:00,2201.61,2620.84,1734.26,2189.76,0
2012-12-24,00:00,1005.27,1489.64,631.55,1019.08,0
2012-12-25,00:00,27.22,227.51,-157.94,81.39,0
2012-12-26,00:00,960.48,1433.12,430.01,890.34,0
2012-12-27,00:00,1178.79,1506.65,671.82,1057.33,0
2012-12-28,00:00,63.85,559.54,-465.83,-5.83,0
2012-12-31,00:00,47.3,381.03,-325.75,24.42,0
2013-01-01,00:00,631.37,1228.49,345.48,793.14,0
2013-01-02,00:00,747.42,1310.78,333.31,810.75,0
2013-01-03,00:00,107.31,404.88,-270.44,70.1,0
2013-01-04,00:00,-309.69,-86.1,-561.65,-335.96,0
2013-01-07,00:00,1248.28,1559.4,742.3,1153.85,0
2013-01-08,00:00,1245.31,1716.87,838.86,1284.12,0
2013-01-09,00:00,-440.0,-325.28,-649.25,-459.26,0
2013-01-10,00:00,47.88,512.62,-353.22,90.14,0
2013-01-11,00:00,-1034.26,-729.12,-1439.53,-1029.82,0
2013-01-14,00:00,277.8,580.25,-136.64,213.33,0
2013-01-15,00:00,446.16,1022.15,79.13,445.43,0
2013-01-16,00:00,472.02,935.07,-36.55,379.69,0
2013-01-17,00:00,-865.25,-353.54,-1212.99,-796.35,0
2013-01-18,00:00,313.29,904.52,-220.59,446.88,0
2013-01-21,00:00,998.5,1206.94,595.66,921.75,0
2013-01-22,00:00,1185.49,1710.99,548.88,1173.89,0
2013-01-23,00:00,-225.38,144.59,-621.43,-183.0,0
2013-01-24,00:00,-423.0,358.7,-880.69,-316.23,0
2013-01-25,00:00,875.74,1163.72,735.43,958.58,0
2013-01-28,00:00,5.69,195.18,-382.33,-83.61,0
2013-01-29,00:00,343.05,698.44,-275.1,251.82,0
2013-01-30,00:00,238.91,848.75,-348.13,347.55,0
2013-01-31,00:00,-190.46,295.09,-508.93,-150.27,0
2013-02-01,00:00,520.35,993.14,-49.7,532.46,0
2013-02-04,00:00,881.88,1477.75,550.27,997.86,0
2013-02-05,00:00,582.12,682.24,353.13,565.93,0
2013-02-06,00:00,-117.93,86.03,-709.9,-209.17,0
2013-02-07,00:00,644.04,1034.72,70.01,550.84,0
2013-02-08,00:00,1520.02,1899.8,1061.33,1438.05,0
2013-02-11,00:00,1066.21,1621.39,653.28,1149.93,0
2013-02-12,00:00,19.58,402.68,-453.41,31.56,0
2013-02-13,00:00,564.45,817.77,230.19,490.03,0
2013-02-14,00:00,-998.63,-595.21,-1448.57,-987.33,0
2013-02-15,00:00,-627.67,-71.03,-1281.05,-735.5,0
2013-02-18,00:00,1184.69,1418.4,717.46,1079.24,0
2013-02-19,00:00,41.91,440.58,-444.55,-95.74,0
2013-02-20,00:00,1173.72,1375.06,845.16,1150.61,0
2013-02-21,00:00,-1258.3,-980.11,-1821.13,-1305.07,0
2013-02-22,00:00,315.11,762.44,-99.88,399.13,0
2013-02-25,00:00,669.36,915.87,38.98,523.01,0
2013-02-26,00:00,564.22,1020.06,-1.12,598.61,0
2013-02-27,00:00,2392.09,2835.38,2119.02,2513.47,0
2013-02-28,00:00,721.67,1042.74,358.12,742.89,0
2013-03-01,00:00,-140.95,82.16,-644.61,-280.28,0
2013-03-04,00:00,488.57,925.04,249.06,559.02,0
2013-03-05,00:00,1255.46,1719.8,835.83,1290.53,0
2013-03-06,00:00,554.98,944.81,306.6,402.71,0
2013-03-07,00:00,1776.97,2062.0,1463.8,1833.75,0
2013-03-08,00:00,50.06,429.17,-417.88,24.54,0
2013-03-11,00:00,459.51,833.13,27.24,435.02,0
2013-03-12,00:00,1472.47,1870.35,932.3,1417.8,0
2013-03-13,00:00,416.16,685.32,-1.63,314.8,0
2013-03-14,00:00,501.35,642.48,9.82,434.65,0
2013-03-15,00:00,1058.21,1530.39,460.9,1019.43,0
2013-03-18,00:00,74.36,396.28,-151.43,132.01,0
2013-03-19,00:00,1916.35,2630.54,1253.96,1869.39,0
2013-03-20,00:00,1287.38,1461.45,656.2,1222.29,0
2013-03-21,00:00,929.27,1399.28,373.09,844.38,0
2013-03-22,00:00,-787.09,-554.82,-1045.66,-783.7,0
2013-03-25,00:00,1067.67,1307.96,821.13,1023.57,0
2013-03-26,00:00,2267.21,2408.19,1976.62,2251.41,0
2013-03-27,00:00,908.57,1228.23,376.83,853.82,0
2013-03-28,00:00,306.81,745.51,-110.61,231.67,0
2013-03-29,00:00,643.3,1186.5,19.83,550.56,0
2013-04-01,00:00,-592.41,-86.87,-938.59,-606.4,0
2013-04-02,00:00,1538.07,1752.17,1241.24,1537.09,0
2013-04-03,00:00,-283.42,170.61,-739.28,-159.38,0
2013-04-04,00:00,1747.31,2027.33,1453.59,1836.93,0
2013-04-05,00:00,601.44,959.74,588.62,725.91,0
2013-04-08,00:00,704.53,967.24,242.84,653.55,0
2013-04-09,00:00,1586.21,1942.18,1037.97,1455.23,0
2013-04-10,00:00,727.92,962.88,163.12,670.02,0
2013-04-11,00:00,1530.81,1820.5,1121.01,1483.97,0
2013-04-12,00:00,343.73,747.5,-96.0,323.87,0
2013-04-15,00:00,-24.96,189.58,-481.19,-42.85,0
2013-04-16,00:00,145.5,465.38,-262.15,70.94,0
2013-04-17,00:00,687.53,1009.41,277.1,615.97,0
2013-04-18,00:00,2187.87,2604.97,1727.56,2277.23,0
2013-04-19,00:00,-541.63,-163.12,-768.18,-400.85,0
2013-04-22,00:00,-136.71,217.53,-512.49,-230.44,0
2013-04-23,00:00,1326.14,1782.67,836.7,1187.14,0
2013-04-24,00:00,1401.77,1907.4,955.4,1498.8,0
2013-04-25,00:00,-696.46,-178.8,-1308.24,-803.18,0
2013-04-26,00:00,1195.09,1421.61,844.37,1235.06,0
2013-04-29,00:00,2507.13,2965.22,2272.55,2651.03,0
2013-04-30,00:00,1658.76,1984.49,1267.1,1614.39,0
2013-05-01,00:00,1250.31,1901.03,815.94,1245.71,0
2013-05-02,00:00,991.95,1278.19,686.32,1063.39,0
2013-05-03,00:00,1730.02,2317.23,1082.42,1771.53,0
2013-05-06,00:00,1083.04,1421.54,597.46,1055.78,0
2013-05-07,00:00,-142.29,127.76,-387.7,-163.63,0
2013-05-08,00:00,528.52,853.21,156.92,534.71,0
2013-05-09,00:00,997.13,1415.51,549.94,1026.52,0
2013-05-10,00:00,281.38,881.25,-3.03,352.47,0
2013-05-13,00:00,554.33,967.08,-87.05,507.28,0
2013-05-14,00:00,-753.21,-298.87,-1234.11,-784.57,0
2013-05-15,00:00,1431.63,1719.88,1183.62,1448.89,0
2013-05-16,00:00,287.64,657.79,-139.99,271.4,0
2013-05-17,00:00,2116.05,2207.95,1669.87,1998.91,0
2013-05-20,00:00,831.78,1270.83,484.45,912.95,0
2013-05-21,00:00,288.32,763.1,-172.52,326.77,0
2013-05-22,00:00,158.19,594.1,-419.91,81.92,0
2013-05-23,00:00,-21.81,436.7,-526.76,-63.29,0
2013-05-24,00:00,-375.14,40.66,-969.79,-401.92,0
2013-05-27,00:00,1808.85,2157.61,1256.55,1665.01,0
2013-05-28,00:00,-189.17,2.74,-749.42,-313.48,0
2013-05-29,00:00,-733.65,-595.71,-1006.32,-757.99,0
2013-05-30,00:00,479.4,972.41,62.99,547.81,0
2013-05-31,00:00,632.65,1241.34,79.68,553.2,0
2013-06-03,00:00,-259.45,192.7,-704.23,-174.38,0
2013-06-04,00:00,-116.48,153.08,-405.82,-78.96,0
2013-06-05,00:00,292.32,829.39,-27.67,442.31,0
2013-06-06,00:00,-342.98,138.84,-705.67,-311.0,0
2013-06-07,00:00,-10.69,474.1,-458.41,70.68,0
2013-06-10,00:00,1908.91,2623.46,1545.38,2053.06,0
2013-06-11,00:00,1293.77,1421.66,1007.58,1225.1,0
2013-06-12,00:00,931.95,1414.56,396.9,927.97,0
2013-06-13,00:00,174.48,679.97,-249.28,143.79,0
2013-06-14,00:00,222.65,952.3,-101.32,407.66,0
2013-06-17,00:00,119.16,582.84,-170.94,297.69,0
2013-06-18,00:00,1081.18,1330.07,674.23,1017.68,0
2013-06-19,00:00,610.0,1164.19,34.24,675.07,0
2013-06-20,00:00,-486.57,-117.19,-977.52,-574.97,0
2013-06-21,00:00,179.36,640.67,-243.88,272.12,0
2013-06-24,00:00,975.15,1197.72,402.88,872.37,0
2013-06-25,00:00,1728.54,1977.86,1403.11,1581.23,0
2013-06-26,00:00,206.67,715.89,40.96,239.62,0
2013-06-27,00:00,-216.1,107.24,-910.59,-434.91,0
2013-06-28,00:00,1179.03,1771.17,604.69,1278.08,0
2013-07-01,00:00,448.44,1029.51,-67.92,487.33,0
2013-07-02,00:00,300.89,674.91,-36.12,375.27,0
2013-07-03,00:00,-173.04,92.46,-807.14,-334.79,0
2013-07-04,00:00,875.4,1299.69,377.98,853.96,0
2013-07-05,00:00,-627.3,2.81,-1286.48,-665.98,0
2013-07-08,00:00,529.48,812.37,216.82,596.4,0
2013-07-09,00:00,622.14,1126.63,48.72,529.46,0
2013-07-10,00:00,762.77,1238.21,204.91,660.52,0
2013-07-11,00:00,25.17,611.06,-439.6,25.51,0
2013-07-12,00:00,180.44,800.09,-103.65,317.63,0
2013-07-15,00:00,720.95,1279.91,369.96,835.45,0
2013-07-16,00:00,877.16,1303.42,474.65,826.23,0
2013-07-17,00:00,-602.03,-443.81,-658.99,-642.03,0
2013-07-18,00:00,1051.4,1461.63,688.6,926.66,0
2013-07-19,00:00,1159.18,1663.67,659.93,1171.38,0
2013-07-22,00:00,-482.27,-5.89,-982.42,-500.84,0
2013-07-23,00:00,-336.55,180.96,-961.54,-419.36,0
2013-07-24,00:00,1465.48,1700.46,1145.36,1487.71,0
2013-07-25,00:00,-30.37,60.9,-476.69,-84.15,0
2013-07-26,00:00,-777.15,-535.58,-1215.85,-821.42,0
2013-07-29,00:00,-1592.23,-1385.3,-2178.33,-1739.42,0
2013-07-30,00:00,783.41,1143.83,288.73,718.02,0
2013-07-31,00:00,1328.51,1757.38,765.96,1315.22,0
2013-08-01,00:00,-1288.54,-842.64,-1983.11,-1388.79,0
2013-08-02,00:00,599.35,1101.77,379.92,738.29,0
2013-08-05,00:00,-551.18,-88.34,-821.43,-424.19,0
2013-08-06,00:00,-1534.3,-1262.96,-1959.55,-1726.28,0
2013-08-07,00:00,-129.98,436.76,-549.46,-133.78,0
2013-08-08,00:00,441.51,862.98,306.59,594.72,0
2013-08-09,00:00,-167.78,263.4,-462.2,-56.04,0
2013-08-12,00:00,694.74,1087.57,237.81,746.82,0
2013-08-13,00:00,881.94,1272.94,281.48,794.56,0
2013-08-14,00:00,-1595.1,-1347.52,-2265.93,-1860.76,0
2013-08-15,00:00,-776.93,-361.33,-1271.27,-836.86,0
2013-08-16,00:00,1173.54,1770.78,812.63,1196.47,0
2013-08-19,00:00,788.26,1226.99,441.94,887.46,0
2013-08-20,00:00,-283.44,25.11,-666.24,-397.76,0
2013-08-21,00:00,530.06,682.94,57.14,363.16,0
2013-08-22,00:00,1497.2,1964.51,851.68,1464.91,0
2013-08-23,00:00,-162.12,346.6,-593.97,-156.55,0
2013-08-26,00:00,1399.76,1637.77,785.15,1220.7,0
2013-08-27,00:00,-278.54,127.86,-589.42,-233.77,0
2013-08-28,00:00,1268.12,1406.26,905.19,1198.82,0
2013-08-29,00:00,25.59,497.14,-414.24,0.02,0
2013-08-30,00:00,731.87,1209.13,204.06,721.37,0
2013-09-02,00:00,523.05,717.2,241.89,515.37,0
2013-09-03,00:00,-122.11,256.11,-423.42,-65.75,0
2013-09-04,00:00,1054.93,1326.48,560.25,928.5,0
2013-09-05,00:00,1421.65,2011.01,1129.65,1477.99,0
2013-09-06,00:00,-169.62,371.04,-649.95,-174.41,0
2013-09-09,00:00,-265.97,97.64,-466.85,-341.18,0
2013-09-10,00:00,-563.52,-338.91,-1046.31,-615.86,0
2013-09-11,00:00,-686.13,-430.28,-977.9,-701.4,0
2013-09-12,00:00,63.95,448.85,-381.64,30.37,0
2013-09-13,00:00,291.32,838.18,-221.76,305.16,0
2013-09-16,00:00,905.98,1182.72,503.56,909.84,0
2013-09-17,00:00,161.37,661.88,-275.06,69.92,0
2013-09-18,00:00,-760.18,-380.39,-1243.79,-827.7,0
2013-09-19,00:00,989.84,1512.97,505.03,993.84,0
2013-09-20,00:00,1599.78,1726.88,1103.56,1439.99,0
2013-09-23,00:00,-82.93,222.03,-530.82,-120.32,0
2013-09-24,00:00,-581.41,-142.39,-960.85,-585.54,0
2013-09-25,00:00,142.62,516.93,-261.27,14.87,0
2013-09-26,00:00,360.34,471.48,-144.97,298.01,0
2013-09-27,00:00,-267.79,130.25,-705.51,-175.4,0
2013-09-30,00:00,696.38,1093.43,282.9,690.86,0
2013-10-01,00:00,389.47,814.22,71.27,419.53,0
2013-10-02,00:00,365.96,715.02,-245.48,242.72,0
2013-10-03,00:00,870.77,1147.14,435.59,783.56,0
2013-10-04,00:00,-1305.15,-825.59,-1728.82,-1242.22,0
2013-10-07,00:00,1136.84,1493.77,1040.01,1243.15,0
2013-10-08,00:00,1009.53,1481.93,372.15,1023.91,0
2013-10-09,00:00,27.53,254.76,-574.09,-129.46,0
2013-10-10,00:00,1138.61,1502.62,639.62,1056.15,0
2013-10-11,00:00,558.4,1020.62,106.87,603.17,0
2013-10-14,00:00,1875.27,2505.58,1487.07,1998.18,0
2013-10-15,00:00,278.35,736.03,-8.01,385.37,0
2013-10-16,00:00,1637.52,2134.44,1191.22,1721.19,0
2013-10-17,00:00,571.29,883.8,162.98,601.49,0
2013-10-18,00:00,387.66,700.07,-124.09,258.27,0
2013-10-21,00:00,1645.49,1999.26,1082.47,1683.26,0
2013-10-22,00:00,1081.72,1249.44,582.44,978.06,0
2013-10-23,00:00,150.82,466.67,-358.28,24.89,0
2013-10-24,00:00,-1185.9,-748.32,-1505.61,-1102.97,0
2013-10-25,00:00,85.09,374.97,-305.77,58.18,0
2013-10-28,00:00,-631.76,-372.44,-1084.68,-818.2,0
2013-10-29,00:00,1433.34,1963.45,945.47,1458.2,0
2013-10-30,00:00,861.82,1436.55,404.75,843.58,0
2013-10-31,00:00,-70.98,500.45,-484.35,-49.97,0
2013-11-01,00:00,1111.17,1519.66,654.36,1063.02,0
2013-11-04,00:00,-857.47,-525.64,-1193.57,-895.22,0
2013-11-05,00:00,700.05,1230.83,218.35,742.29,0
2013-11-06,00:00,1172.08,1626.84,547.4,992.62,0
2013-11-07,00:00,-197.52,448.97,-637.2,-156.53,0
2013-11-08,00:00,-38.18,194.08,-553.85,-96.3,0
2013-11-11,00:00,-464.04,15.54,-860.47,-432.71,0
2013-11-12,00:00,1011.5,1360.06,586.33,974.03,0
2013-11-13,00:00,313.51,602.37,10.32,313.94,0
2013-11-14,00:00,343.77,679.67,-146.77,265.58,0
2013-11-15,00:00,1619.97,2033.7,1098.42,1535.33,0
2013-11-18,00:00,-656.33,-61.96,-1230.37,-604.38,0
2013-11-19,00:00,-389.4,151.5,-659.72,-376.17,0
2013-11-20,00:00,1791.96,2194.72,1235.93,1640.39,0
2013-11-21,00:00,1120.36,1524.62,501.49,973.78,0
2013-11-22,00:00,457.77,724.63,180.6,436.95,0
2013-11-25,00:00,439.31,910.74,-15.16,428.61,0
2013-11-26,00:00,1644.23,1822.78,1239.61,1641.95,0
2013-11-27,00:00,2931.86,3345.78,2699.22,3038.08,0
2013-11-28,00:00,-441.21,51.01,-882.47,-392.57,0
2013-11-29,00:00,685.55,1053.94,643.78,795.88,0
2013-12-02,00:00,-787.65,-275.92,-1498.83,-890.94,0
2013-12-03,00:00,481.43,986.18,-38.8,478.3,0
2013-12-04,00:00,-1027.93,-564.24,-1590.5,-1122.92,0
2013-12-05,00:00,1420.08,1895.2,1064.93,1428.83,0
2013-12-06,00:00,1918.96,2452.24,1328.21,1919.07,0
2013-12-09,00:00,-924.71,-490.31,-1483.54,-901.28,0
2013-12-10,00:00,-234.79,313.21,-627.32,-236.17,0
2013-12-11,00:00,230.53,716.28,-204.44,277.74,0
2013-12-12,00:00,360.59,393.24,-33.76,263.88,0
2013-12-13,00:00,708.48,1565.69,223.85,776.98,0
2013-12-16,00:00,-567.19,-419.73,-1287.99,-677.01,0
2013-12-17,00:00,-390.23,-39.43,-868.12,-475.09,0
2013-12-18,00:00,1161.62,1925.17,622.97,1216.99,0
2013-12-19,00:00,1474.36,1840.85,1228.42,1349.11,0
2013-12-20,00:00,919.9,1266.1,446.02,875.99,0
2013-12-23,00:00,1812.81,2231.08,1235.15,1802.64,0
2013-12-24,00:00,-242.32,-91.03,-858.05,-456.02,0
2013-12-25,00:00,-958.51,-511.3,-1434.88,-1019.38,0
2013-12-26,00:00,1637.78,2155.88,1198.71,1707.29,0
2013-12-27,00:00,367.63,933.17,34.8,497.68,0
2013-12-30,00:00,352.1,787.55,-68.56,286.1,0
2013-12-31,00:00,899.95,1327.43,566.37,868.25,0
2014-01-01,00:00,-159.05,287.33,-387.64,-131.7,0
2014-01-02,00:00,1041.81,1502.58,450.32,1033.67,0
2014-01-03,00:00,673.05,1083.75,220.53,634.77,0
2014-01-06,00:00,-272.94,83.51,-499.3,-241.91,0
2014-01-07,00:00,1741.2,2154.57,1396.79,1702.43,0
2014-01-08,00:00,152.27,473.11,-240.44,249.51,0
2014-01-09,00:00,1321.1,1657.79,930.03,1303.15,0
2014-01-10,00:00,320.81,631.99,-284.75,146.45,0
2014-01-13,00:00,-520.6,-96.53,-986.75,-535.13,0
2014-01-14,00:00,219.38,614.55,-18.86,243.37,0
2014-01-15,00:00,-631.03,-239.7,-1337.04,-642.91,0
2014-01-16,00:00,1852.42,2143.83,1434.61,1789.73,0
2014-01-17,00:00,-510.39,-175.37,-1029.87,-542.77,0
2014-01-20,00:00,-765.6,-330.57,-1082.98,-833.55,0
2014-01-21,00:00,-476.46,158.66,-723.45,-392.92,0
2014-01-22,00:00,252.77,822.64,-145.18,303.81,0
2014-01-23,00:00,-331.73,274.17,-896.43,-317.44,0
2014-01-24,00:00,-526.8,-95.44,-941.74,-498.89,0
2014-01-27,00:00,331.2,713.56,-8.79,370.81,0
2014-01-28,00:00,816.63,1386.91,496.43,826.68,0
2014-01-29,00:00,-407.01,116.93,-907.55,-356.12,0
2014-01-30,00:00,137.93,588.62,-458.21,-34.8,0
2014-01-31,00:00,1923.37,2317.62,1422.78,1962.29,0
2014-02-03,00:00,485.89,823.96,138.57,492.16,0
2014-02-04,00:00,1246.28,1698.88,1029.37,1339.43,0
2014-02-05,00:00,-1432.85,-1138.49,-1834.85,-1445.88,0
2014-02-06,00:00,-51.25,333.46,-776.05,-114.57,0
2014-02-07,00:00,2572.14,3060.45,2157.89,2594.3,0
2014-02-10,00:00,2297.41,2906.31,1798.75,2393.73,0
2014-02-11,00:00,-476.59,147.23,-1090.56,-368.5,0
2014-02-12,00:00,-446.88,80.81,-754.81,-351.19,0
2014-02-13,00:00,-441.12,94.43,-820.23,-455.67,0
2014-02-14,00:00,937.13,1385.34,548.69,968.23,0
2014-02-17,00:00,1813.3,2390.77,1402.56,1823.65,0
2014-02-18,00:00,930.01,1406.82,475.49,956.6,0
2014-02-19,00:00,844.26,1215.08,401.09,752.76,0
2014-02-20,00:00,1503.87,1794.36,1222.59,1565.38,0
2014-02-21,00:00,408.54,862.63,-211.0,375.05,0
2014-02-24,00:00,1542.3,1814.44,1036.52,1426.86,0
2014-02-25,00:00,1027.15,1576.24,721.29,1178.04,0
2014-02-26,00:00,1120.46,1584.02,528.83,1096.95,0
2014-02-27,00:00,1473.21,1945.99,707.25,1429.34,0
2014-02-28,00:00,-514.23,-200.47,-1041.3,-573.82,0
2014-03-03,00:00,764.57,1146.83,526.26,694.07,0
2014-03-04,00:00,-848.6,-301.72,-1304.81,-774.58,0
2014-03-05,00:00,-769.68,-182.37,-1087.36,-667.32,0
2014-03-06,00:00,34.63,500.36,-418.79,55.14,0
2014-03-07,00:00,-1006.76,-589.87,-1371.87,-1043.63,0
2014-03-10,00:00,497.6,908.39,-65.31,378.74,0
2014-03-11,00:00,-437.98,307.34,-855.11,-264.9,0
2014-03-12,00:00,1313.28,1585.13,765.09,1224.44,0
2014-03-13,00:00,1535.61,1920.81,1047.93,1571.47,0
2014-03-14,00:00,-860.0,-110.25,-1467.09,-795.52,0
2014-03-17,00:00,-400.31,-58.03,-901.04,-523.87,0
2014-03-18,00:00,358.27,661.65,-175.49,205.68,0
2014-03-19,00:00,445.41,745.75,58.8,355.02,0
2014-03-20,00:00,499.43,914.35,40.7,464.29,0
2014-03-21,00:00,1091.94,1416.82,776.88,1002.08,0
2014-03-24,00:00,1436.73,1692.09,1023.2,1442.27,0
2014-03-25,00:00,554.85,894.8,308.94,520.16,0
2014-03-26,00:00,431.78,719.89,-81.51,275.33,0
2014-03-27,00:00,623.95,826.85,271.55,678.54,0
2014-03-28,00:00,822.51,1349.48,599.8,935.8,0
2014-03-31,00:00,-445.96,-197.98,-740.08,-440.45,0
2014-04-01,00:00,4.98,358.4,-387.7,-36.21,0
2014-04-02,00:00,141.79,262.9,-331.74,-1.46,0
2014-04-03,00:00,-1040.02,-758.37,-1433.24,-1152.31,0
2014-04-04,00:00,1357.62,1898.48,1143.68,1476.98,0
2014-04-07,00:00,-173.47,-91.67,-361.36,-188.82,0
2014-04-08,00:00,-727.48,-437.99,-1078.91,-947.92,0
2014-04-09,00:00,2209.74,2592.56,1608.82,2184.63,0
2014-04-10,00:00,458.7,591.22,-30.7,345.02,0
2014-04-11,00:00,2671.06,3080.92,2117.64,2679.07,0
2014-04-14,00:00,1037.16,1496.09,448.99,919.86,0
2014-04-15,00:00,1381.96,1822.01,790.94,1400.18,0
2014-04-16,00:00,660.09,1116.39,97.99,673.48,0
2014-04-17,00:00,-190.38,154.88,-663.58,-157.81,0
2014-04-18,00:00,1020.76,1390.02,725.57,1009.57,0
2014-04-21,00:00,833.12,1275.95,282.38,811.41,0
2014-04-22,00:00,83.91,636.47,-251.37,167.76,0
2014-04-23,00:00,-984.44,-525.1,-1354.8,-942.92,0
2014-04-24,00:00,-1539.21,-1213.71,-2045.79,-1644.28,0
2014-04-25,00:00,1440.48,1998.16,1143.73,1531.87,0
2014-04-28,00:00,1168.33,1603.63,845.73,1157.37,0
2014-04-29,00:00,1091.03,1687.48,709.68,1223.65,0
2014-04-30,00:00,645.96,1156.63,74.48,558.43,0
2014-05-01,00:00,-145.54,178.28,-736.78,-251.78,0
2014-05-02,00:00,819.78,1253.73,406.62,773.91,0
2014-05-05,00:00,-402.26,-286.82,-789.44,-401.1,0
2014-05-06,00:00,578.34,872.01,130.37,484.64,0
2014-05-07,00:00,286.04,740.17,-251.56,303.65,0
2014-05-08,00:00,843.2,1191.68,225.22,738.39,0
2014-05-09,00:00,781.99,1307.15,291.81,751.75,0
2014-05-12,00:00,2745.79,3394.38,2207.35,2740.2,0
2014-05-13,00:00,570.41,1061.82,135.71,559.7,0
2014-05-14,00:00,-1798.42,-1467.73,-2296.14,-1787.97,0
2014-05-15,00:00,1957.82,2363.32,1692.8,2062.25,0
2014-05-16,00:00,1034.43,1712.01,449.25,1039.66,0
2014-05-19,00:00,86.55,464.69,-151.18,173.42,0
2014-05-20,00:00,656.0,1256.81,366.22,858.75,0
2014-05-21,00:00,1457.73,2032.61,1128.78,1560.68,0
2014-05-22,00:00,810.53,1448.49,599.57,990.18,0
2014-05-23,00:00,1485.7,1983.88,1108.12,1590.6,0
2014-05-26,00:00,503.44,672.72,169.21,497.4,0
2014-05-27,00:00,490.65,941.06,-107.46,383.4,0
2014-05-28,00:00,-25.42,496.02,-293.8,-20.54,0
2014-05-29,00:00,702.78,1209.27,536.26,813.27,0
2014-05-30,00:00,-286.09,210.05,-610.87,-183.96,0
2014-06-02,00:00,-201.3,71.78,-559.8,-220.5,0
2014-06-03,00:00,1525.64,2034.4,1040.3,1546.88,0
2014-06-04,00:00,130.76,700.26,-363.09,179.53,0
2014-06-05,00:00,1581.03,1912.24,1244.1,1581.45,0
2014-06-06,00:00,612.96,878.12,338.14,621.28,0
2014-06-09,00:00,1319.75,1596.89,993.18,1321.69,0
2014-06-10,00:00,540.26,1043.17,-70.1,517.87,0
2014-06-11,00:00,53.9,435.5,-254.07,71.31,0
2014-06-12,00:00,187.09,689.39,-433.13,151.81,0
2014-06-13,00:00,118.42,523.14,-445.81,103.54,0
2014-06-16,00:00,606.36,1022.26,58.43,531.76,0
2014-06-17,00:00,-81.29,282.47,-491.15,-53.77,0
2014-06-18,00:00,2130.56,2668.67,1816.35,2231.17,0
2014-06-19,00:00,921.73,1384.75,441.73,868.16,0
2014-06-20,00:00,2772.93,2873.56,2290.17,2519.82,0
2014-06-23,00:00,563.53,661.75,232.83,521.18,0
2014-06-24,00:00,886.47,1270.32,315.66,794.05,0
2014-06-25,00:00,-237.91,52.95,-480.72,-151.26,0
2014-06-26,00:00,320.97,664.33,-58.55,309.74,0
2014-06-27,00:00,919.55,1490.1,551.14,957.14,0
2014-06-30,00:00,1664.63,2081.39,1170.97,1625.09,0
2014-07-01,00:00,815.39,929.69,406.03,707.98,0
2014-07-02,00:00,557.75,1013.9,-47.43,510.78,0
2014-07-03,00:00,-216.81,159.44,-646.2,-130.21,0
2014-07-04,00:00,-726.82,-206.66,-991.75,-651.26,0
2014-07-07,00:00,-670.69,-288.57,-1288.35,-689.14,0
2014-07-08,00:00,-293.81,21.45,-586.38,-186.88,0
2014-07-09,00:00,-412.88,-253.88,-1069.36,-720.35,0
2014-07-10,00:00,48.74,383.17,-445.05,38.88,0
2014-07-11,00:00,1823.84,2313.06,1725.82,1931.51,0
2014-07-14,00:00,-8.13,498.17,-657.54,-58.94,0
2014-07-15,00:00,1833.62,2207.06,1228.67,1731.68,0
2014-07-16,00:00,990.37,1242.79,292.36,828.79,0
2014-07-17,00:00,969.37,1250.92,657.59,968.85,0
2014-07-18,00:00,-427.99,-235.9,-727.9,-394.31,0
2014-07-21,00:00,1233.15,1739.46,1121.02,1309.57,0
2014-07-22,00:00,-44.02,479.79,-437.83,54.81,0
2014-07-23,00:00,706.87,910.52,236.32,622.6,0
2014-07-24,00:00,1019.68,1264.73,654.65,938.53,0
2014-07-25,00:00,-1400.2,-922.55,-1939.5,-1428.86,0
2014-07-28,00:00,883.6,1076.76,685.39,907.77,0
2014-07-29,00:00,645.05,1099.2,-151.2,461.64,0
2014-07-30,00:00,1706.38,2099.13,1051.32,1590.36,0
2014-07-31,00:00,-752.87,-601.51,-1269.98,-895.3,0
2014-08-01,00:00,1845.93,2292.83,1277.43,1735.41,0
2014-08-04,00:00,1156.27,1654.0,783.61,1106.45,0
2014-08-05,00:00,673.36,1290.02,170.13,670.98,0
2014-08-06,00:00,1019.51,1380.77,631.93,1057.73,0
2014-08-07,00:00,1606.28,1841.61,1174.5,1602.0,0
2014-08-08,00:00,-999.02,-507.41,-1279.27,-869.77,0
2014-08-11,00:00,727.92,1029.89,251.88,666.52,0
2014-08-12,00:00,1602.41,1842.4,1092.91,1510.29,0
2014-08-13,00:00,455.48,853.79,-176.09,470.25,0
2014-08-14,00:00,39.74,467.93,-318.8,129.8,0
2014-08-15,00:00,-108.44,291.31,-705.53,-226.76,0
2014-08-18,00:00,-55.92,441.75,-389.76,7.61,0
2014-08-19,00:00,73.84,453.99,-589.58,-98.12,0
2014-08-20,00:00,945.4,1351.96,509.3,856.38,0
2014-08-21,00:00,-744.38,-331.29,-1227.05,-780.16,0
2014-08-22,00:00,-124.78,104.22,-602.12,-161.57,0
2014-08-25,00:00,-418.49,167.4,-749.21,-355.03,0
2014-08-26,00:00,-962.42,-642.95,-1320.11,-871.62,0
2014-08-27,00:00,478.08,872.66,268.28,471.97,0
2014-08-28,00:00,966.95,1456.26,639.16,1094.14,0
2014-08-29,00:00,2373.51,2771.38,2009.58,2336.83,0
2014-09-01,00:00,1441.83,1691.75,948.07,1263.43,0
2014-09-02,00:00,2130.29,2703.83,1950.15,2211.17,0
2014-09-03,00:00,477.02,1089.68,-39.74,518.06,0
2014-09-04,00:00,1405.51,1571.81,1236.8,1290.84,0
2014-09-05,00:00,-981.09,-574.78,-1622.47,-973.55,0
2014-09-08,00:00,-257.3,204.71,-858.23,-297.25,0
2014-09-09,00:00,139.43,495.97,-434.12,-9.62,0
2014-09-10,00:00,-191.59,465.12,-516.12,-11.05,0
2014-09-11,00:00,-671.78,-566.45,-1242.54,-756.64,0
2014-09-12,00:00,817.99,1095.78,406.82,746.32,0
2014-09-15,00:00,1504.49,1778.01,998.29,1515.34,0
2014-09-16,00:00,964.31,1420.09,396.46,922.68,0
2014-09-17,00:00,787.64,1239.64,332.45,771.76,0
2014-09-18,00:00,425.69,980.92,113.73,539.82,0
2014-09-19,00:00,42.38,187.0,-471.56,-70.23,0
2014-09-22,00:00,-438.11,136.26,-852.51,-485.59,0
2014-09-23,00:00,1237.34,1567.0,739.38,1205.39,0
2014-09-24,00:00,926.6,1209.2,721.04,1066.8,0
2014-09-25,00:00,-1035.57,-484.91,-1787.55,-1136.79,0
2014-09-26,00:00,895.09,1426.18,218.43,891.41,0
2014-09-29,00:00,-370.93,86.09,-593.09,-325.53,0
2014-09-30,00:00,-238.91,213.72,-632.41,-134.35,0
2014-10-01,00:00,-31.3,209.02,-283.86,-61.94,0
2014-10-02,00:00,1593.13,1933.29,1300.11,1625.46,0
2014-10-03,00:00,569.31,1074.01,-56.37,636.62,0
2014-10-06,00:00,226.91,551.84,-133.08,104.07,0
2014-10-07,00:00,-127.93,390.22,-467.29,-28.38,0
2014-10-08,00:00,-206.9,96.57,-629.4,-251.02,0
2014-10-09,00:00,324.34,842.49,-216.54,303.11,0
2014-10-10,00:00,-125.75,176.22,-642.12,-212.77,0
2014-10-13,00:00,-27.68,323.22,-526.88,-32.45,0
2014-10-14,00:00,1932.13,2486.68,1546.61,1953.26,0
2014-10-15,00:00,-887.02,-584.22,-1272.44,-918.15,0
2014-10-16,00:00,-167.43,234.1,-703.93,-284.96,0
2014-10-17,00:00,1140.37,1731.69,785.65,1166.56,0
2014-10-20,00:00,304.72,811.66,-21.28,394.84,0
2014-10-21,00:00,1605.71,2057.53,1397.47,1667.83,0
2014-10-22,00:00,726.33,978.22,253.65,653.02,0
2014-10-23,00:00,-734.47,-534.52,-864.47,-634.81,0
2014-10-24,00:00,1286.03,1437.27,1114.24,1193.96,0
2014-10-27,00:00,-1080.1,-822.35,-1536.25,-1205.51,0
2014-10-28,00:00,610.61,968.35,104.07,621.1,0
2014-10-29,00:00,392.51,870.68,156.43,480.06,0
2014-10-30,00:00,282.61,774.89,-252.76,226.16,0
2014-10-31,00:00,-635.82,-174.33,-1007.9,-523.45,0
2014-11-03,00:00,-479.28,-122.95,-774.4,-439.45,0
2014-11-04,00:00,-13.67,600.38,-517.34,52.29,0
2014-11-05,00:00,93.1,677.98,-380.59,22.53,0
2014-11-06,00:00,1310.66,1737.87,828.83,1321.5,0
2014-11-07,00:00,889.15,1383.62,461.34,863.98,0
2014-11-10,00:00,1231.41,1798.02,770.75,1233.39,0
2014-11-11,00:00,106.67,531.12,-738.86,-72.57,0
2014-11-12,00:00,1878.86,2423.2,1743.8,2070.23,0
2014-11-13,00:00,-816.36,-551.78,-1308.49,-872.9,0
2014-11-14,00:00,452.05,825.3,-60.3,408.16,0
2014-11-17,00:00,1095.91,1390.51,547.4,1060.59,0
2014-11-18,00:00,-809.69,-341.63,-999.58,-732.84,0
2014-11-19,00:00,1686.1,2063.4,1203.47,1662.76,0
2014-11-20,00:00,-568.77,-14.33,-1028.22,-481.53,0
2014-11-21,00:00,507.83,909.97,177.18,635.62,0
2014-11-24,00:00,1892.55,2345.79,1345.95,1814.84,0
2014-11-25,00:00,1158.69,1650.31,972.92,1143.83,0
2014-11-26,00:00,-595.41,-62.0,-1019.73,-597.52,0
2014-11-27,00:00,291.07,698.82,-140.56,301.03,0
2014-11-28,00:00,-176.18,271.71,-558.35,-100.51,0
2014-12-01,00:00,2752.2,3286.82,2330.39,2684.56,0
2014-12-02,00:00,493.72,679.62,300.7,546.95,0
2014-12-03,00:00,-851.5,-472.57,-1680.0,-1003.63,0
2014-12-04,00:00,935.48,1358.32,533.49,944.95,0
2014-12-05,00:00,1498.23,2092.4,1010.92,1490.85,0
2014-12-08,00:00,11.6,309.54,-122.65,72.98,0
2014-12-09,00:00,-674.16,-548.17,-928.02,-681.19,0
2014-12-10,00:00,1431.8,1783.13,1130.41,1515.96,0
2014-12-11,00:00,171.73,759.86,-277.77,131.05,0
2014-12-12,00:00,-1332.2,-947.59,-1917.02,-1406.08,0
2014-12-15,00:00,340.48,623.59,-263.91,208.24,0
2014-12-16,00:00,1508.01,1981.24,1103.21,1548.98,0
2014-12-17,00:00,1527.21,1924.62,1274.04,1609.03,0
2014-12-18,00:00,255.38,863.14,-117.62,250.67,0
2014-12-19,00:00,511.71,973.69,75.24,481.76,0
2014-12-22,00:00,6.87,457.24,-249.07,53.14,0
2014-12-23,00:00,-401.9,-25.37,-1043.21,-410.56,0
2014-12-24,00:00,316.22,541.96,-206.82,241.9,0
2014-12-25,00:00,-407.55,358.56,-588.69,-167.5,0
2014-12-26,00:00,2205.89,2662.92,1575.01,2118.92,0
2014-12-29,00:00,-79.45,235.95,-546.33,-52.96,0
2014-12-30,00:00,-67.85,335.64,-387.41,-66.25,0
2014-12-31,00:00,-109.49,255.89,-759.21,-236.04,0
2015-01-01,00:00,282.3,646.19,-225.22,293.25,0
2015-01-02,00:00,1821.44,2213.31,1204.65,1839.43,0
2015-01-05,00:00,-1416.77,-985.74,-1847.3,-1433.34,0
2015-01-06,00:00,529.81,884.54,107.62,551.95,0
2015-01-07,00:00,-387.11,89.43,-667.99,-395.05,0
2015-01-08,00:00,506.29,779.11,5.28,412.73,0
2015-01-09,00:00,-462.05,-41.19,-903.21,-321.23,0
2015-01-12,00:00,1172.03,1589.63,808.83,1204.95,0
2015-01-13,00:00,2462.16,2914.21,2140.24,2352.75,0
2015-01-14,00:00,-241.32,0.96,-676.01,-252.52,0
2015-01-15,00:00,-1967.68,-1648.2,-2203.7,-1859.8,0
2015-01-16,00:00,-273.47,40.18,-772.55,-345.06,0
2015-01-19,00:00,-931.42,-523.3,-1442.42,-1029.21,0
2015-01-20,00:00,1003.02,1320.23,588.93,1024.81,0
2015-01-21,00:00,231.52,941.93,-79.09,356.77,0
2015-01-22,00:00,-984.94,-395.44,-1488.97,-1005.58,0
2015-01-23,00:00,-286.47,244.4,-567.38,-260.68,0
2015-01-26,00:00,-1145.47,-604.14,-1291.56,-969.0,0
2015-01-27,00:00,-296.32,18.14,-736.98,-281.04,0
2015-01-28,00:00,323.29,652.92,39.86,447.39,0
2015-01-29,00:00,359.5,912.93,21.27,451.0,0
2015-01-30,00:00,1036.91,1759.97,511.05,987.79,0
2015-02-02,00:00,352.44,823.69,-134.78,422.17,0
2015-02-03,00:00,916.32,1139.75,588.0,1023.2,0
2015-02-04,00:00,110.59,510.53,-365.86,149.8,0
2015-02-05,00:00,-588.83,-170.32,-1021.85,-525.35,0
2015-02-06,00:00,583.78,1138.66,161.09,657.1,0
2015-02-09,00:00,-576.54,-219.14,-664.9,-494.6,0
2015-02-10,00:00,127.83,574.35,-377.74,84.56,0
2015-02-11,00:00,-1919.3,-1463.6,-2343.9,-2010.99,0
2015-02-12,00:00,-1201.19,-694.66,-1605.69,-1132.61,0
2015-02-13,00:00,-14.51,184.09,-506.16,-110.85,0
2015-02-16,00:00,-1487.26,-1310.65,-2121.59,-1626.91,0
2015-02-17,00:00,-1332.27,-1055.87,-1684.86,-1376.67,0
2015-02-18,00:00,781.77,1124.66,111.62,712.41,0
2015-02-19,00:00,167.68,504.74,-181.51,85.63,0
2015-02-20,00:00,1190.17,1555.65,1018.03,1327.03,0
2015-02-23,00:00,952.29,1725.55,565.59,1089.45,0
2015-02-24,00:00,1885.23,2618.89,1450.11,1964.08,0
2015-02-25,00:00,-1418.1,-1078.67,-1876.42,-1419.38,0
2015-02-26,00:00,1244.19,1893.06,804.14,1368.21,0
2015-02-27,00:00,663.04,1170.79,357.08,722.87,0
2015-03-02,00:00,1649.98,2056.98,1340.32,1727.41,0
2015-03-03,00:00,1213.09,1739.19,803.68,1256.46,0
2015-03-04,00:00,1753.19,2206.12,1617.17,1854.58,0
2015-03-05,00:00,-635.9,-169.96,-1167.13,-721.81,0
2015-03-06,00:00,-679.38,-582.28,-1252.7,-861.63,0
2015-03-09,00:00,-751.49,-419.8,-997.34,-831.27,0
2015-03-10,00:00,-20.26,539.64,-316.32,3.26,0
2015-03-11,00:00,696.01,1260.95,523.53,920.17,0
2015-03-12,00:00,1253.06,1760.87,770.66,1352.54,0
2015-03-13,00:00,-972.95,-721.6,-1518.45,-1098.49,0
2015-03-16,00:00,-404.71,172.54,-946.4,-480.45,0
2015-03-17,00:00,557.39,1025.63,434.95,705.13,0
2015-03-18,00:00,558.79,1060.05,323.55,712.05,0
2015-03-19,00:00,-724.93,-43.52,-1041.77,-698.39,0
2015-03-20,00:00,717.13,1156.14,451.23,792.31,0
2015-03-23,00:00,1674.44,2018.43,1049.93,1579.53,0
2015-03-24,00:00,1143.19,1720.99,516.41,1214.54,0
2015-03-25,00:00,-922.97,-126.23,-1153.57,-790.2,0
2015-03-26,00:00,-36.99,751.43,-252.5,166.76,0
2015-03-27,00:00,646.46,979.33,247.59,639.45,0
2015-03-30,00:00,311.94,692.23,-318.44,248.51,0
2015-03-31,00:00,-927.38,-741.06,-1283.53,-919.54,0
2015-04-01,00:00,1878.8,2261.75,1553.93,1898.07,0
2015-04-02,00:00,-126.34,24.79,-443.45,-251.92,0
2015-04-03,00:00,-2280.84,-1901.19,-2598.23,-2260.97,0
2015-04-06,00:00,-438.48,-147.9,-815.86,-481.04,0
2015-04-07,00:00,-576.1,-333.92,-883.97,-490.8,0
2015-04-08,00:00,2350.6,2673.13,1854.74,2278.24,0
2015-04-09,00:00,762.33,970.63,664.38,814.69,0
2015-04-10,00:00,884.3,1395.41,346.85,925.55,0
2015-04-13,00:00,-435.02,54.81,-1026.45,-413.45,0
2015-04-14,00:00,250.64,687.09,-362.61,160.86,0
2015-04-15,00:00,-3426.94,-3056.9,-3654.18,-3464.97,0
2015-04-16,00:00,39.01,337.32,-508.85,-28.73,0
2015-04-17,00:00,-423.7,165.53,-980.34,-441.11,0
2015-04-20,00:00,400.89,947.16,134.56,440.21,0
2015-04-21,00:00,1690.28,2131.48,1389.62,1793.62,0
2015-04-22,00:00,-352.02,309.6,-788.1,-331.21,0
2015-04-23,00:00,-2499.03,-2271.46,-3217.03,-2619.59,0
2015-04-24,00:00,-1447.22,-1079.88,-1679.29,-1456.65,0
2015-04-27,00:00,-640.48,-336.56,-1346.58,-847.91,0
2015-04-28,00:00,-953.54,-495.3,-1513.15,-990.28,0
2015-04-29,00:00,2166.7,2621.91,1611.09,2179.98,0
2015-04-30,00:00,-1519.92,-1187.56,-1928.48,-1564.8,0
2015-05-01,00:00,164.23,529.55,-161.1,109.53,0
2015-05-04,00:00,336.38,653.34,-66.25,177.81,0
2015-05-05,00:00,-793.58,-411.6,-1182.38,-771.77,0
2015-05-06,00:00,-953.81,-471.51,-1262.55,-946.47,0
2015-05-07,00:00,536.51,1366.86,338.76,629.35,0
2015-05-08,00:00,1043.92,1471.14,669.18,998.98,0
2015-05-11,00:00,603.15,786.77,250.81,581.55,0
2015-05-12,00:00,-922.85,-700.15,-1264.07,-892.94,0
2015-05-13,00:00,-436.52,-142.26,-673.47,-395.06,0
2015-05-14,00:00,1557.63,1844.07,1467.74,1674.87,0
2015-05-15,00:00,335.52,556.22,-94.41,219.01,0
2015-05-18,00:00,2887.98,3425.85,2517.77,2874.94,0
2015-05-19,00:00,-2484.98,-1954.01,-2907.91,-2538.47,0
2015-05-20,00:00,198.85,412.06,-50.71,172.85,0
2015-05-21,00:00,1120.68,1432.52,707.5,1078.81,0
2015-05-22,00:00,-177.32,232.04,-588.7,-274.93,0
2015-05-25,00:00,219.79,597.59,-47.1,265.2,0
2015-05-26,00:00,-2197.59,-1760.42,-2502.31,-2277.44,0
2015-05-27,00:00,648.65,1031.46,185.63,588.0,0
2015-05-28,00:00,-193.38,384.85,-501.07,-76.26,0
2015-05-29,00:00,-1756.42,-1138.39,-2147.25,-1685.44,0
2015-06-01,00:00,830.05,1259.87,388.42,708.98,0
2015-06-02,00:00,159.28,497.57,-95.93,208.02,0
2015-06-03,00:00,-453.64,-20.0,-879.63,-435.25,0
2015-06-04,00:00,1411.17,1964.22,856.28,1423.54,0
2015-06-05,00:00,-3033.09,-2756.52,-3449.33,-3222.14,0
2015-06-08,00:00,-793.86,-426.41,-1126.88,-837.92,0
2015-06-09,00:00,1162.73,1573.83,734.59,1155.31,0
2015-06-10,00:00,341.82,575.12,-292.25,162.33,0
2015-06-11,00:00,2424.42,2938.17,1986.17,2511.06,0
2015-06-12,00:00,-1587.49,-1087.73,-1797.43,-1461.18,0
2015-06-15,00:00,1279.58,1800.87,679.86,1265.52,0
2015-06-16,00:00,2059.49,2633.12,1673.82,2085.09,0
2015-06-17,00:00,1430.25,1668.47,1209.51,1436.97,0
2015-06-18,00:00,941.69,1494.86,457.14,929.05,0
2015-06-19,00:00,-1383.42,-1011.05,-2074.54,-1397.97,0
2015-06-22,00:00,-729.11,-372.98,-1157.79,-724.2,0
2015-06-23,00:00,-444.97,80.03,-600.32,-340.16,0
2015-06-24,00:00,-648.85,-403.36,-967.9,-639.96,0
2015-06-25,00:00,2744.62,3168.57,2259.38,2644.87,0
2015-06-26,00:00,1952.28,2485.35,1590.37,1943.56,0
2015-06-29,00:00,-444.43,123.67,-945.37,-419.72,0
2015-06-30,00:00,1772.64,2200.76,1518.13,1851.97,0
2015-07-01,00:00,488.72,570.54,-17.08,392.46,0
2015-07-02,00:00,-567.16,-155.37,-1080.12,-587.19,0
2015-07-03,00:00,-1546.04,-1274.78,-2067.16,-1530.48,0
2015-07-06,00:00,-1902.66,-1569.58,-2163.96,-1925.94,0
2015-07-07,00:00,-199.38,197.62,-615.34,-157.99,0
2015-07-08,00:00,-1729.26,-979.52,-1952.74,-1544.49,0
2015-07-09,00:00,1096.78,1490.07,559.41,1024.64,0
2015-07-10,00:00,2897.69,3253.84,2684.19,3052.67,0
2015-07-13,00:00,760.05,1185.11,357.08,746.35,0
2015-07-14,00:00,-157.8,331.76,-553.08,-70.09,0
2015-07-15,00:00,-1840.1,-1276.43,-2441.47,-1935.78,0
2015-07-16,00:00,2120.65,2555.23,1665.67,2119.41,0
2015-07-17,00:00,-2056.59,-1852.4,-2633.74,-2125.29,0
2015-07-20,00:00,-35.37,433.04,-454.94,96.73,0
2015-07-21,00:00,-1632.27,-1136.16,-1944.25,-1585.2,0
2015-07-22,00:00,-442.98,-208.47,-878.62,-480.22,0
2015-07-23,00:00,513.57,741.4,227.85,505.71,0
2015-07-24,00:00,-1215.31,-830.93,-1669.99,-1271.81,0
2015-07-27,00:00,1572.63,2081.75,1273.1,1582.39,0
2015-07-28,00:00,-212.46,418.8,-839.91,-174.25,0
2015-07-29,00:00,-348.76,42.11,-912.49,-456.66,0
2015-07-30,00:00,571.62,855.95,312.14,543.02,0
2015-07-31,00:00,339.93,737.18,199.95,394.14,0
2015-08-03,00:00,1462.74,1964.95,855.4,1434.18,0
2015-08-04,00:00,-1324.92,-1192.28,-1555.0,-1456.86,0
2015-08-05,00:00,-1596.06,-1035.56,-1912.73,-1570.05,0
2015-08-06,00:00,1369.44,1867.93,824.48,1317.97,0
2015-08-07,00:00,-2589.8,-2054.74,-3122.5,-2553.9,0
2015-08-10,00:00,-3396.51,-3009.79,-3690.0,-3351.96,0
2015-08-11,00:00,-2580.36,-2089.66,-3353.85,-2672.94,0
2015-08-12,00:00,-1231.45,-790.49,-1497.54,-1261.62,0
2015-08-13,00:00,-1651.35,-1247.92,-2261.99,-1683.86,0
2015-08-14,00:00,939.14,1243.7,506.2,933.71,0
2015-08-17,00:00,-933.59,-431.41,-1471.48,-1055.61,0
2015-08-18,00:00,-730.55,-389.0,-1416.09,-907.7,0
2015-08-19,00:00,-493.6,-255.29,-733.51,-443.36,0
2015-08-20,00:00,-1288.26,-609.31,-1665.17,-1026.75,0
2015-08-21,00:00,1490.6,1898.59,1073.57,1510.29,0
2015-08-24,00:00,-853.53,-326.12,-1092.29,-785.96,0
2015-08-25,00:00,153.9,499.05,-296.74,130.02,0
2015-08-26,00:00,1669.23,2256.59,1209.77,1691.05,0
2015-08-27,00:00,-1462.37,-978.95,-1746.37,-1381.94,0
2015-08-28,00:00,131.4,652.27,-438.18,77.31,0
2015-08-31,00:00,-321.65,57.05,-688.54,-328.19,0
2015-09-01,00:00,-2510.5,-1983.08,-2910.24,-2456.97,0
2015-09-02,00:00,534.76,1076.02,162.04,564.18,0
2015-09-03,00:00,145.4,469.79,-153.92,110.0,0
2015-09-04,00:00,-735.11,-270.09,-1264.48,-734.23,0
2015-09-07,00:00,424.27,1118.76,-80.68,501.83,0
2015-09-08,00:00,-1051.36,-709.34,-1547.8,-1052.5,0
2015-09-09,00:00,1610.29,1810.61,1169.87,1544.72,0
2015-09-10,00:00,-1172.47,-894.26,-1526.6,-1186.79,0
2015-09-11,00:00,-541.82,-142.11,-1093.48,-672.05,0
2015-09-14,00:00,-2235.47,-1731.48,-2871.31,-2248.89,0
2015-09-15,00:00,1351.97,1837.29,991.76,1278.69,0
2015-09-16,00:00,1030.97,1479.98,544.34,986.55,0
2015-09-17,00:00,203.45,485.16,-19.87,340.27,0
2015-09-18,00:00,1404.67,1967.14,1039.6,1486.93,0
2015-09-21,00:00,-1639.52,-929.6,-1879.58,-1394.09,0
2015-09-22,00:00,-1116.38,-618.26,-1625.63,-1102.86,0
2015-09-23,00:00,-117.88,271.4,-668.13,-126.13,0
2015-09-24,00:00,-1308.64,-785.65,-1717.95,-1276.64,0
2015-09-25,00:00,1534.31,1932.3,922.82,1417.73,0
2015-09-28,00:00,125.75,778.19,-593.78,115.4,0
2015-09-29,00:00,-269.82,149.26,-902.56,-375.54,0
2015-09-30,00:00,-267.05,232.34,-577.66,-247.53,0
2015-10-01,00:00,945.58,1386.8,307.88,888.39,0
2015-10-02,00:00,-263.44,358.02,-818.75,-236.99,0
2015-10-05,00:00,680.99,1214.73,232.99,838.45,0
2015-10-06,00:00,-15.41,493.73,-398.14,-17.59,0
2015-10-07,00:00,36.48,411.59,-73.33,-5.8,0
2015-10-08,00:00,-1457.66,-1342.17,-1806.03,-1481.22,0
2015-10-09,00:00,-2786.15,-2138.5,-3343.11,-2713.23,0
2015-10-12,00:00,661.97,728.88,-330.41,348.25,0
2015-10-13,00:00,199.15,439.2,-76.37,178.36,0
2015-10-14,00:00,1770.49,2204.78,1331.08,1757.27,0
2015-10-15,00:00,1710.39,2018.37,1340.19,1694.88,0
2015-10-16,00:00,-1108.78,-796.31,-1494.58,-1116.34,0
2015-10-19,00:00,-2239.28,-1828.86,-2577.18,-2325.63,0
2015-10-20,00:00,243.33,507.21,-122.65,222.07,0
2015-10-21,00:00,-1528.83,-853.87,-2085.81,-1496.87,0
2015-10-22,00:00,1471.22,1892.79,961.07,1459.18,0
2015-10-23,00:00,-882.76,-513.39,-1191.22,-848.62,0
2015-10-26,00:00,-468.48,-175.34,-842.31,-521.86,0
2015-10-27,00:00,36.62,362.06,-263.74,45.41,0
2015-10-28,00:00,-1283.84,-957.91,-1762.29,-1261.08,0
2015-10-29,00:00,-712.33,-433.67,-1316.02,-825.84,0
2015-10-30,00:00,-1094.74,-728.66,-1311.69,-1027.05,0
2015-11-02,00:00,-2148.69,-1691.62,-2494.58,-2034.05,0
2015-11-03,00:00,-1568.43,-1155.01,-1885.58,-1535.63,0
2015-11-04,00:00,-516.53,-81.51,-716.3,-408.33,0
2015-11-05,00:00,-943.8,-444.97,-1510.07,-881.88,0
2015-11-06,00:00,-771.25,-390.68,-1180.32,-759.2,0
2015-11-09,00:00,46.32,451.29,-491.98,-13.14,0
2015-11-10,00:00,948.98,1089.04,683.9,738.22,0
2015-11-11,00:00,-1537.57,-1084.09,-1942.18,-1486.02,0
2015-11-12,00:00,745.98,1415.27,407.27,866.25,0
2015-11-13,00:00,-1074.29,-498.08,-1536.32,-1064.21,0
2015-11-16,00:00,-1225.24,-839.08,-1554.43,-1125.93,0
2015-11-17,00:00,-1545.09,-1234.54,-2009.24,-1580.78,0
2015-11-18,00:00,-898.19,-582.4,-1251.58,-970.17,0
2015-11-19,00:00,-904.39,-502.55,-1393.36,-902.73,0
2015-11-20,00:00,1602.63,1821.35,1176.07,1491.65,0
2015-11-23,00:00,-2185.37,-1609.7,-2448.02,-2188.07,0
2015-11-24,00:00,-1128.31,-499.64,-1572.34,-1125.38,0
2015-11-25,00:00,-1882.62,-1736.15,-2171.3,-2010.1,0
2015-11-26,00:00,-727.86,-124.32,-1185.55,-752.41,0
2015-11-27,00:00,330.7,628.0,-33.4,228.45,0
2015-11-30,00:00,877.36,1317.4,216.84,758.86,0
2015-12-01,00:00,826.7,1075.13,528.05,797.2,0
2015-12-02,00:00,-701.97,-327.12,-995.35,-588.64,0
2015-12-03,00:00,-2609.75,-2184.54,-2920.67,-2641.44,0
2015-12-04,00:00,-1694.37,-1241.27,-1984.15,-1735.92,0
2015-12-07,00:00,1191.45,1669.93,634.68,1207.83,0
2015-12-08,00:00,-479.11,-74.09,-813.82,-456.21,0
2015-12-09,00:00,994.8,1383.83,600.02,930.83,0
2015-12-10,00:00,1540.64,2103.73,1150.38,1653.37,0
2015-12-11,00:00,659.16,1172.65,121.58,684.25,0
2015-12-14,00:00,505.17,932.15,273.25,579.06,0
2015-12-15,00:00,1073.79,1736.59,861.17,1191.3,0
2015-12-16,00:00,-768.82,-262.53,-916.97,-676.68,0
2015-12-17,00:00,-1284.19,-857.99,-1636.68,-1311.8,0
2015-12-18,00:00,-115.66,92.37,-521.58,-126.24,0
2015-12-21,00:00,-9.69,481.68,-455.07,-71.04,0
2015-12-22,00:00,2992.17,3448.8,2708.22,2998.71,0
2015-12-23,00:00,-1448.62,-847.06,-1968.49,-1356.64,0
2015-12-24,00:00,761.79,1292.29,219.88,783.25,0
2015-12-25,00:00,1492.35,1935.47,878.57,1431.49,0
2015-12-28,00:00,555.15,1005.62,293.4,575.79,0
2015-12-29,00:00,659.84,1176.19,203.68,728.58,0
2015-12-30,00:00,1107.56,1615.3,556.86,1171.57,0
2015-12-31,00:00,936.63,1411.11,471.2,1018.24,0
2016-01-01,00:00,-779.2,-360.51,-1517.09,-875.57,0
2016-01-04,00:00,-197.28,15.17,-720.2,-434.94,0
2016-01-05,00:00,811.7,1072.54,707.09,845.66,0
2016-01-06,00:00,2280.93,2672.15,1962.76,2306.78,0
2016-01-07,00:00,-805.25,-274.15,-1177.28,-821.27,0
2016-01-08,00:00,-391.57,71.18,-648.99,-372.49,0
2016-01-11,00:00,967.12,1029.79,894.21,998.37,0
2016-01-12,00:00,-2626.76,-2355.23,-3148.69,-2713.48,0
2016-01-13,00:00,200.91,622.17,-213.07,83.39,0
2016-01-14,00:00,-867.51,-576.85,-1324.14,-828.24,0
2016-01-15,00:00,-423.68,17.15,-869.86,-409.85,0
2016-01-18,00:00,1581.71,2170.29,1296.04,1654.93,0
2016-01-19,00:00,1624.53,1762.3,1317.0,1613.26,0
2016-01-20,00:00,-2974.66,-2282.6,-3396.43,-2824.33,0
2016-01-21,00:00,-867.26,-602.88,-1297.82,-937.0,0
2016-01-22,00:00,-1823.78,-1334.32,-2184.25,-1726.61,0
2016-01-25,00:00,1280.7,1896.99,985.77,1449.33,0
2016-01-26,00:00,113.2,541.19,-434.8,-7.61,0
2016-01-27,00:00,-1830.16,-1432.61,-2225.12,-1819.61,0
2016-01-28,00:00,-1829.44,-1306.22,-2240.93,-1844.59,0
2016-01-29,00:00,483.97,813.35,156.23,519.47,0
2016-02-01,00:00,-1265.84,-706.03,-1528.16,-1136.42,0
2016-02-02,00:00,-273.17,-188.38,-612.49,-345.51,0
2016-02-03,00:00,2466.93,2934.26,2174.6,2564.25,0
2016-02-04,00:00,-751.16,-532.92,-1316.46,-930.31,0
2016-02-05,00:00,300.64,640.37,-219.89,152.74,0
2016-02-08,00:00,325.91,544.74,91.22,378.34,0
2016-02-09,00:00,2112.78,2670.56,1643.42,2161.11,0
2016-02-10,00:00,949.89,1618.54,699.07,1171.43,0
2016-02-11,00:00,-213.86,348.47,-708.14,-274.24,0
2016-02-12,00:00,-1453.66,-893.02,-1997.77,-1368.1,0
2016-02-15,00:00,-2279.66,-1738.78,-2518.53,-2142.22,0
2016-02-16,00:00,1984.15,2314.38,1591.7,1949.96,0
2016-02-17,00:00,-851.04,-281.77,-1538.01,-896.95,0
2016-02-18,00:00,-1505.84,-931.94,-1856.34,-1470.23,0
2016-02-19,00:00,-804.29,-277.29,-1277.97,-797.77,0
2016-02-22,00:00,-233.91,276.36,-822.64,-205.31,0
2016-02-23,00:00,-108.06,196.29,-513.89,-59.62,0
2016-02-24,00:00,-2652.7,-2415.99,-3054.54,-2690.4,0
2016-02-25,00:00,-2074.74,-1816.93,-2703.13,-2091.09,0
2016-02-26,00:00,834.74,1262.57,376.59,831.86,0
2016-02-29,00:00,-1902.29,-1438.38,-2097.04,-1809.7,0
2016-03-01,00:00,188.26,389.06,-163.77,193.49,0
2016-03-02,00:00,138.8,418.5,-398.22,1.31,0
2016-03-03,00:00,202.52,675.39,-54.14,235.47,0
2016-03-04,00:00,-294.26,188.48,-708.3,-315.29,0
2016-03-07,00:00,1319.98,1675.63,792.82,1166.62,0
2016-03-08,00:00,911.47,1401.22,556.02,959.99,0
2016-03-09,00:00,-160.47,419.2,-839.44,-157.36,0
2016-03-10,00:00,-955.6,-495.91,-1599.59,-1069.49,0
2016-03-11,00:00,33.83,284.31,-253.39,44.86,0
2016-03-14,00:00,341.58,671.55,-287.89,312.9,0
2016-03-15,00:00,316.15,773.52,-278.22,215.27,0
2016-03-16,00:00,2061.14,2344.34,1769.91,2029.96,0
2016-03-17,00:00,-122.76,391.89,-334.51,-37.04,0
2016-03-18,00:00,686.47,1336.9,480.39,842.99,0
2016-03-21,00:00,-349.16,53.11,-902.9,-452.54,0
2016-03-22,00:00,1013.68,1488.32,680.26,1154.13,0
2016-03-23,00:00,-1609.58,-1094.18,-1878.24,-1479.7,0
2016-03-24,00:00,-437.34,6.41,-729.11,-377.65,0
2016-03-25,00:00,1126.98,1384.67,1009.92,1243.93,0
2016-03-28,00:00,-1888.98,-1725.88,-2348.65,-1954.64,0
2016-03-29,00:00,250.2,793.83,-259.57,295.54,0
2016-03-30,00:00,940.79,1389.34,640.96,995.24,0
2016-03-31,00:00,2836.44,2955.21,2318.59,2673.44,0
2016-04-01,00:00,-27.29,489.9,-750.68,-84.77,0
2016-04-04,00:00,387.48,677.43,86.19,462.27,0
2016-04-05,00:00,339.47,675.44,-61.37,274.94,0
2016-04-06,00:00,-1091.59,-718.16,-1436.65,-1044.3,0
2016-04-07,00:00,2540.79,2840.63,2021.46,2609.43,0
2016-04-08,00:00,533.0,879.01,174.81,564.66,0
2016-04-11,00:00,654.38,1043.71,469.25,627.13,0
2016-04-12,00:00,2543.49,2695.97,1707.48,2402.52,0
2016-04-13,00:00,-728.96,-659.99,-1232.72,-873.01,0
2016-04-14,00:00,-1206.27,-721.63,-1635.08,-1185.82,0
2016-04-15,00:00,-503.77,-48.43,-782.36,-370.14,0
2016-04-18,00:00,669.34,915.66,171.65,667.95,0
2016-04-19,00:00,1340.15,1848.85,1109.2,1542.47,0
2016-04-20,00:00,1170.14,1729.82,816.19,1186.88,0
2016-04-21,00:00,-1269.34,-899.17,-1796.56,-1311.16,0
2016-04-22,00:00,-707.72,-226.92,-978.15,-636.69,0
2016-04-25,00:00,2595.75,3022.94,2098.02,2567.19,0
2016-04-26,00:00,-158.19,448.16,-397.18,-59.18,0
2016-04-27,00:00,-1766.13,-1317.87,-2031.33,-1744.18,0
2016-04-28,00:00,2610.78,2990.51,2177.43,2551.05,0
2016-04-29,00:00,581.26,722.89,190.37,521.74,0
2016-05-02,00:00,390.29,1124.93,-7.59,541.9,0
2016-05-03,00:00,-539.71,-209.59,-828.96,-535.79,0
2016-05-04,00:00,921.14,1432.26,630.97,1073.05,0
2016-05-05,00:00,2401.97,2640.2,1975.85,2312.82,0
2016-05-06,00:00,-1448.05,-964.44,-1654.36,-1308.14,0
2016-05-09,00:00,-2202.49,-1762.74,-2944.05,-2260.24,0
2016-05-10,00:00,1874.32,2170.87,1579.35,1844.96,0
2016-05-11,00:00,-1846.0,-1502.45,-2553.44,-1906.01,0
2016-05-12,00:00,-329.34,385.01,-950.35,-329.24,0
2016-05-13,00:00,624.69,1023.67,217.47,655.87,0
2016-05-16,00:00,-1546.1,-1184.59,-1905.82,-1545.05,0
2016-05-17,00:00,-1188.26,-719.08,-1700.39,-1227.61,0
2016-05-18,00:00,-2229.57,-1675.31,-2589.59,-2102.33,0
2016-05-19,00:00,-1241.92,-608.97,-1454.35,-1097.43,0
2016-05-20,00:00,8.51,345.17,-490.92,-73.84,0
2016-05-23,00:00,-81.79,188.51,-524.29,59.54,0
2016-05-24,00:00,2992.08,3419.19,2407.64,2925.73,0
2016-05-25,00:00,-303.18,-22.2,-564.04,-274.27,0
2016-05-26,00:00,-209.08,266.45,-921.4,-287.76,0
2016-05-27,00:00,-70.94,104.62,-539.36,-254.03,0
2016-05-30,00:00,669.72,1102.89,298.93,623.01,0
2016-05-31,00:00,2692.75,2948.33,2367.48,2645.12,0
2016-06-01,00:00,2790.35,3037.46,2424.31,2711.23,0
2016-06-02,00:00,-159.94,378.26,-601.31,-39.65,0
2016-06-03,00:00,-203.4,134.52,-791.38,-343.15,0
2016-06-06,00:00,-2362.94,-2160.3,-2494.3,-2224.84,0
2016-06-07,00:00,1150.58,1515.89,663.79,1155.9,0
2016-06-08,00:00,1600.87,1892.34,1220.07,1579.47,0
2016-06-09,00:00,309.9,692.94,262.37,422.69,0
2016-06-10,00:00,-959.07,-438.03,-1729.24,-1084.36,0
2016-06-13,00:00,-516.92,-28.2,-931.81,-508.52,0
2016-06-14,00:00,850.8,1320.35,382.6,957.78,0
2016-06-15,00:00,2344.11,2502.68,1986.16,2254.55,0
2016-06-16,00:00,-393.58,102.42,-813.79,-331.36,0
2016-06-17,00:00,1258.61,1997.44,764.92,1307.4,0
2016-06-20,00:00,-748.61,-245.17,-1394.55,-848.91,0
2016-06-21,00:00,-931.67,-653.2,-1337.42,-1016.89,0
2016-06-22,00:00,1745.57,2272.38,1295.81,1902.87,0
2016-06-23,00:00,-924.78,-242.46,-1300.32,-808.34,0
2016-06-24,00:00,-1299.16,-847.33,-1655.28,-1370.6,0
2016-06-27,00:00,382.53,1029.9,-250.9,462.96,0
2016-06-28,00:00,-1784.5,-1221.15,-2245.24,-1776.33,0
2016-06-29,00:00,1178.66,1675.26,703.82,1184.46,0
2016-06-30,00:00,-1055.64,-385.61,-1492.4,-1079.63,0
2016-07-01,00:00,422.16,875.62,-4.62,427.11,0
2016-07-04,00:00,-564.87,-328.72,-1241.52,-703.88,0
2016-07-05,00:00,-1586.01,-1312.16,-2375.1,-1730.89,0
2016-07-06,00:00,-446.76,-83.75,-820.53,-507.35,0
2016-07-07,00:00,2239.97,2871.14,1788.63,2278.59,0
2016-07-08,00:00,72.87,657.62,-314.35,238.56,0
2016-07-11,00:00,-872.23,-604.11,-1235.13,-969.84,0
2016-07-12,00:00,-567.47,-265.63,-992.79,-578.28,0
2016-07-13,00:00,-1685.75,-1469.52,-1922.69,-1620.24,0
2016-07-14,00:00,-1718.14,-1170.69,-2095.93,-1696.46,0
2016-07-15,00:00,-996.58,-680.78,-1511.33,-1074.86,0
2016-07-18,00:00,1747.3,2210.77,1189.47,1694.17,0
2016-07-19,00:00,2054.44,2546.3,1733.15,2170.85,0
2016-07-20,00:00,-277.28,402.98,-995.8,-369.25,0
2016-07-21,00:00,1021.1,1304.75,590.7,921.15,0
2016-07-22,00:00,-1201.0,-898.88,-1657.89,-1164.39,0
2016-07-25,00:00,1464.75,2003.52,810.64,1411.99,0
2016-07-26,00:00,27.86,521.9,-221.7,126.37,0
2016-07-27,00:00,-108.05,539.47,-542.3,-6.6,0
2016-07-28,00:00,70.82,500.41,-460.99,-18.78,0
2016-07-29,00:00,-984.82,-599.07,-1415.88,-1003.32,0
2016-08-01,00:00,1877.55,2357.55,1444.58,1926.65,0
2016-08-02,00:00,2845.52,3200.82,2592.73,2905.04,0
2016-08-03,00:00,411.54,1116.56,160.61,667.93,0
2016-08-04,00:00,194.84,761.83,-86.67,317.08,0
2016-08-05,00:00,188.96,537.01,-164.46,244.61,0
2016-08-08,00:00,-1813.44,-1465.57,-2196.1,-1791.76,0
2016-08-09,00:00,-676.96,-349.77,-1208.89,-695.12,0
2016-08-10,00:00,810.73,1083.82,332.21,761.0,0
2016-08-11,00:00,-1049.59,-1047.73,-1292.61,-1129.42,0
2016-08-12,00:00,268.91,654.29,-68.6,277.25,0
2016-08-15,00:00,733.76,1173.81,253.46,650.1,0
2016-08-16,00:00,2241.32,2617.21,1697.83,2098.78,0
2016-08-17,00:00,1600.98,2022.66,1091.21,1602.49,0
2016-08-18,00:00,-54.0,249.71,-419.38,-218.88,0
2016-08-19,00:00,1278.64,1706.08,789.16,1238.8,0
2016-08-22,00:00,-1317.66,-1015.52,-1615.51,-1321.51,0
2016-08-23,00:00,-560.03,-289.56,-861.24,-479.79,0
2016-08-24,00:00,-1120.63,-590.35,-1354.56,-940.2,0
2016-08-25,00:00,-732.95,-361.74,-1069.39,-743.43,0
2016-08-26,00:00,-386.54,-65.06,-905.33,-491.06,0
2016-08-29,00:00,-1216.52,-709.59,-1668.68,-1247.71,0
2016-08-30,00:00,-460.29,142.07,-730.67,-330.29,0
2016-08-31,00:00,807.31,1145.3,530.77,783.98,0
2016-09-01,00:00,1978.73,2226.5,1696.9,1993.98,0
2016-09-02,00:00,169.74,654.88,-449.44,182.97,0
2016-09-05,00:00,1060.67,1447.51,500.89,938.56,0
2016-09-06,00:00,-84.05,80.58,-732.15,-216.43,0
2016-09-07,00:00,-480.62,-77.17,-938.45,-585.77,0
2016-09-08,00:00,-153.43,508.64,-518.25,-85.24,0
2016-09-09,00:00,-2312.76,-1722.16,-2390.95,-2154.0,0
2016-09-12,00:00,789.97,1142.42,471.63,772.37,0
2016-09-13,00:00,-286.65,83.61,-605.93,-277.9,0
2016-09-14,00:00,-671.31,-467.44,-1248.14,-745.45,0
2016-09-15,00:00,2045.99,2412.01,1609.54,1947.91,0
2016-09-16,00:00,595.74,1146.93,351.59,676.61,0
2016-09-19,00:00,-606.94,-129.6,-860.56,-597.28,0
2016-09-20,00:00,490.92,1135.6,143.71,685.87,0
2016-09-21,00:00,-1241.17,-868.31,-1490.06,-1252.95,0
2016-09-22,00:00,-711.66,-270.85,-1192.67,-699.39,0
2016-09-23,00:00,199.93,645.24,-378.16,130.86,0
2016-09-26,00:00,97.26,528.95,-191.9,215.3,0
2016-09-27,00:00,2236.13,2495.12,1987.65,2235.95,0
2016-09-28,00:00,985.02,1718.61,652.73,1107.95,0
2016-09-29,00:00,742.4,1457.24,293.09,838.5,0
2016-09-30,00:00,-379.45,-57.66,-992.82,-446.64,0
2016-10-03,00:00,-2065.01,-1649.51,-2495.57,-2182.3,0
2016-10-04,00:00,-2050.09,-1689.9,-2514.63,-2135.16,0
2016-10-05,00:00,-1071.73,-729.66,-1615.73,-1289.23,0
2016-10-06,00:00,-275.39,408.04,-464.57,-148.29,0
2016-10-07,00:00,-372.1,81.64,-896.07,-501.58,0
2016-10-10,00:00,751.97,1371.24,355.87,897.32,0
2016-10-11,00:00,-1270.43,-881.84,-1526.61,-1168.27,0
2016-10-12,00:00,992.26,1316.76,507.0,928.24,0
2016-10-13,00:00,-842.43,-515.88,-1227.36,-838.67,0
2016-10-14,00:00,-887.85,-323.07,-1496.35,-934.32,0
2016-10-17,00:00,-661.16,-93.56,-1086.4,-742.18,0
2016-10-18,00:00,-614.52,-234.55,-1028.89,-654.09,0
2016-10-19,00:00,-2805.4,-2488.69,-3226.32,-2745.02,0
2016-10-20,00:00,-895.53,-303.79,-1322.56,-922.76,0
2016-10-21,00:00,1308.51,1751.3,782.1,1283.85,0
2016-10-24,00:00,472.81,789.31,81.17,383.84,0
2016-10-25,00:00,2044.47,2436.94,1549.83,1967.07,0
2016-10-26,00:00,860.81,1113.61,391.67,725.53,0
2016-10-27,00:00,239.65,509.19,-170.6,217.97,0
2016-10-28,00:00,-655.07,-253.16,-916.78,-658.75,0
2016-10-31,00:00,-1522.47,-1258.89,-2132.09,-1560.35,0
2016-11-01,00:00,331.9,583.25,-110.11,257.88,0
2016-11-02,00:00,427.52,790.11,-294.6,268.43,0
2016-11-03,00:00,355.64,719.99,129.85,459.16,0
2016-11-04,00:00,-1358.46,-1142.61,-1680.56,-1340.96,0
2016-11-07,00:00,1483.12,2123.34,1124.1,1608.35,0
2016-11-08,00:00,612.52,870.08,277.83,581.97,0
2016-11-09,00:00,-20.01,618.2,-373.47,113.67,0
2016-11-10,00:00,780.02,1159.17,529.94,788.95,0
2016-11-11,00:00,-31.3,348.76,-637.62,-80.74,0
2016-11-14,00:00,926.3,1350.8,300.57,889.44,0
2016-11-15,00:00,-1627.89,-1438.63,-2089.49,-1620.05,0
2016-11-16,00:00,-63.1,199.16,-512.16,-154.11,0
2016-11-17,00:00,-428.41,-67.12,-877.6,-460.32,0
2016-11-18,00:00,-998.95,-580.03,-1422.07,-1053.87,0
2016-11-21,00:00,2342.41,2783.59,2075.62,2505.62,0
2016-11-22,00:00,-1420.18,-894.0,-1837.2,-1425.6,0
2016-11-23,00:00,-1074.39,-725.86,-1639.98,-1081.38,0
2016-11-24,00:00,360.26,821.02,-11.5,411.79,0
2016-11-25,00:00,1095.48,1303.88,797.92,1036.41,0
2016-11-28,00:00,58.82,358.17,-573.51,-76.29,0
2016-11-29,00:00,189.89,730.3,-203.68,221.75,0
2016-11-30,00:00,-66.47,297.31,-424.69,0.55,0
2016-12-01,00:00,-1182.41,-683.37,-1430.42,-1004.08,0
2016-12-02,00:00,9.76,370.02,-279.54,51.56,0
2016-12-05,00:00,592.23,912.3,107.22,542.34,0
2016-12-06,00:00,-1901.08,-1588.97,-2355.82,-1933.23,0
2016-12-07,00:00,275.78,524.5,-191.54,148.31,0
2016-12-08,00:00,-2479.55,-1951.67,-2840.35,-2424.98,0
2016-12-09,00:00,-419.81,-220.14,-855.32,-513.56,0
2016-12-12,00:00,2287.95,2994.68,1799.78,2298.05,0
2016-12-13,00:00,1348.42,1832.24,930.59,1409.47,0
2016-12-14,00:00,1090.19,1223.28,705.41,1023.5,0
2016-12-15,00:00,-459.89,177.49,-705.45,-346.0,0
2016-12-16,00:00,-436.15,78.34,-932.03,-423.04,0
2016-12-19,00:00,-219.9,15.06,-588.22,-314.53,0
2016-12-20,00:00,1828.42,2344.51,1306.6,1804.37,0
2016-12-21,00:00,-1513.36,-1291.96,-1913.77,-1537.21,0
2016-12-22,00:00,-221.01,119.7,-638.81,-246.53,0
2016-12-23,00:00,682.38,959.68,239.54,605.33,0
2016-12-26,00:00,-98.72,476.73,-462.95,-4.2,0
2016-12-27,00:00,1969.45,2366.12,1500.63,1928.76,0
2016-12-28,00:00,-2390.99,-1939.78,-2627.82,-2241.33,0
2016-12-29,00:00,-687.54,-257.84,-1127.01,-738.21,0
2016-12-30,00:00,1720.09,2206.05,1237.53,1772.7,0
2017-01-02,00:00,-2206.69,-1715.71,-2744.69,-2220.92,0
2017-01-03,00:00,35.89,402.04,-422.73,69.74,0
2017-01-04,00:00,1284.7,1386.98,708.54,1104.16,0
2017-01-05,00:00,-301.43,119.88,-673.19,-313.93,0
2017-01-06,00:00,640.72,820.72,254.0,376.92,0
2017-01-09,00:00,1090.78,1444.86,446.86,1001.28,0
2017-01-10,00:00,564.33,1079.72,217.26,653.5,0
2017-01-11,00:00,679.87,839.58,116.53,493.14,0
2017-01-12,00:00,642.62,1243.23,310.8,686.66,0
2017-01-13,00:00,633.64,938.41,324.48,624.42,0
2017-01-16,00:00,-326.99,66.78,-832.71,-375.72,0
2017-01-17,00:00,884.9,1236.03,532.09,829.21,0
2017-01-18,00:00,-924.3,-614.12,-1309.12,-884.49,0
2017-01-19,00:00,1379.93,1948.85,1051.92,1416.64,0
2017-01-20,00:00,-19.55,396.49,-626.54,-85.52,0
2017-01-23,00:00,1341.54,1771.28,1033.73,1326.69,0
2017-01-24,00:00,-914.44,-620.36,-1602.41,-1078.88,0
2017-01-25,00:00,-1728.85,-1257.68,-2014.59,-1580.86,0
2017-01-26,00:00,-1295.61,-882.51,-1524.02,-1243.96,0
2017-01-27,00:00,2017.18,2668.1,1466.81,1977.87,0
2017-01-30,00:00,-951.03,-897.12,-1339.89,-1073.4,0
2017-01-31,00:00,-528.56,-39.37,-1140.33,-481.35,0
2017-02-01,00:00,-107.87,212.37,-645.49,-99.42,0
2017-02-02,00:00,492.51,847.53,-59.67,495.31,0
2017-02-03,00:00,189.3,652.24,-294.66,247.97,0
2017-02-06,00:00,676.29,1187.91,152.16,718.61,0
2017-02-07,00:00,558.3,871.19,240.64,532.99,0
2017-02-08,00:00,-1086.98,-489.18,-1622.14,-1112.5,0
2017-02-09,00:00,-240.05,426.89,-717.26,-211.63,0
2017-02-10,00:00,-708.17,-198.59,-1375.27,-707.32,0
2017-02-13,00:00,1943.39,2399.59,1547.68,1939.21,0
2017-02-14,00:00,-1062.13,-576.91,-1362.66,-1082.0,0
2017-02-15,00:00,167.28,721.15,-197.42,220.98,0
2017-02-16,00:00,-1450.4,-1042.6,-1769.61,-1432.72,0
2017-02-17,00:00,69.0,444.11,-555.04,-27.88,0
2017-02-20,00:00,-1499.0,-1162.77,-1940.65,-1582.08,0
2017-02-21,00:00,-724.05,-525.8,-1133.14,-698.41,0
2017-02-22,00:00,-1126.07,-732.64,-1606.96,-1125.41,0
2017-02-23,00:00,-1.64,394.38,-343.62,17.38,0
2017-02-24,00:00,-717.85,-466.74,-1020.18,-634.29,0
2017-02-27,00:00,-205.61,308.84,-519.22,-107.38,0
2017-02-28,00:00,-1472.27,-803.62,-1913.07,-1409.2,0
2017-03-01,00:00,-1293.52,-1110.94,-1794.36,-1360.51,0
2017-03-02,00:00,-584.49,-27.09,-973.12,-489.31,0
2017-03-03,00:00,930.87,1377.77,577.04,974.56,0
2017-03-06,00:00,-1103.99,-715.9,-1245.15,-914.66,0
2017-03-07,00:00,-351.81,270.17,-780.36,-223.73,0
2017-03-08,00:00,141.35,571.24,-215.08,148.07,0
2017-03-09,00:00,52.05,359.31,-276.03,30.2,0
2017-03-10,00:00,17.0,356.31,-519.21,-17.58,0
2017-03-13,00:00,-909.91,-728.23,-1327.26,-895.65,0
2017-03-14,00:00,-1058.94,-545.38,-1451.06,-1076.3,0
2017-03-15,00:00,-637.26,-379.07,-1072.03,-752.96,0
2017-03-16,00:00,-337.09,-3.68,-760.47,-374.42,0
2017-03-17,00:00,-97.71,387.2,-513.92,-84.45,0
2017-03-20,00:00,-97.38,416.66,-520.83,-56.46,0
2017-03-21,00:00,-201.38,160.26,-727.83,-232.44,0
2017-03-22,00:00,2.45,426.18,-227.19,109.34,0
2017-03-23,00:00,-895.74,-590.0,-1250.79,-993.73,0
2017-03-24,00:00,487.38,890.24,91.73,437.04,0
2017-03-27,00:00,-657.34,-206.26,-1677.83,-846.43,0
2017-03-28,00:00,175.85,656.56,-696.95,60.21,0
2017-03-29,00:00,309.73,838.79,-126.15,431.55,0
2017-03-30,00:00,1658.88,1894.81,997.14,1551.17,0
2017-03-31,00:00,-603.43,-271.3,-944.43,-546.67,0
2017-04-03,00:00,291.56,488.64,63.64,308.67,0
2017-04-04,00:00,-1004.76,-540.45,-1459.13,-983.29,0
2017-04-05,00:00,960.67,1415.81,424.77,900.08,0
2017-04-06,00:00,462.59,865.23,41.66,589.18,0
2017-04-07,00:00,1409.4,1740.83,1140.61,1307.77,0
2017-04-10,00:00,-1644.96,-993.97,-2009.19,-1593.02,0
2017-04-11,00:00,373.77,1005.6,-360.97,352.81,0
2017-04-12,00:00,1610.2,1851.84,952.17,1426.08,0
2017-04-13,00:00,-103.88,113.73,-768.65,-292.96,0
2017-04-14,00:00,-1170.84,-548.24,-1351.11,-959.76,0
2017-04-17,00:00,384.4,583.11,-192.67,299.9,0
2017-04-18,00:00,-513.6,-435.66,-1030.82,-692.76,0
2017-04-19,00:00,-97.8,496.37,-541.17,-81.64,0
2017-04-20,00:00,-2612.95,-2153.18,-2808.29,-2561.0,0
2017-04-21,00:00,434.13,875.17,168.23,425.26,0
2017-04-24,00:00,-1579.02,-1078.06,-1951.17,-1518.26,0
2017-04-25,00:00,-79.3,409.21,-398.53,20.07,0
2017-04-26,00:00,-1313.02,-932.52,-1577.44,-1273.5,0
2017-04-27,00:00,1141.75,1483.02,907.0,1154.53,0
2017-04-28,00:00,-1007.57,-718.35,-1347.58,-965.05,0
2017-05-01,00:00,15.55,312.5,-492.56,23.85,0
2017-05-02,00:00,-1562.59,-1117.72,-2161.6,-1624.29,0
2017-05-03,00:00,78.2,564.19,-323.69,144.78,0
2017-05-04,00:00,-713.13,-337.34,-915.81,-597.03,0
2017-05-05,00:00,-149.13,294.48,-694.91,-144.22,0
2017-05-08,00:00,1467.12,1721.77,1006.17,1313.38,0
2017-05-09,00:00,-220.11,228.9,-703.23,-243.18,0
2017-05-10,00:00,-1562.94,-1241.56,-1627.37,-1383.43,0
2017-05-11,00:00,-175.58,369.2,-513.13,-109.65,0
2017-05-12,00:00,-1345.18,-986.26,-1701.64,-1295.34,0
2017-05-15,00:00,260.18,538.19,-65.63,246.18,0
2017-05-16,00:00,-71.85,368.43,-230.25,89.67,0
2017-05-17,00:00,-517.41,-262.01,-917.14,-595.44,0
2017-05-18,00:00,-122.04,503.46,-453.69,37.45,0
2017-05-19,00:00,1038.08,1388.27,591.56,1050.61,0
2017-05-22,00:00,-3047.31,-2894.18,-3551.37,-3128.07,0
2017-05-23,00:00,1390.94,1668.68,1273.19,1515.36,0
2017-05-24,00:00,357.88,697.48,54.12,320.12,0
2017-05-25,00:00,-74.49,447.28,-320.24,42.18,0
2017-05-26,00:00,1384.42,1514.18,1142.12,1241.02,0
2017-05-29,00:00,-1031.06,-431.42,-1430.31,-1035.84,0
2017-05-30,00:00,-1301.85,-1011.11,-1649.18,-1384.06,0
2017-05-31,00:00,1115.07,1558.74,691.32,1225.0,0
2017-06-01,00:00,-1613.82,-1079.24,-2168.11,-1548.88,0
2017-06-02,00:00,-418.99,-30.17,-721.48,-363.42,0
2017-06-05,00:00,-34.72,650.55,-348.46,174.96,0
2017-06-06,00:00,1240.13,1484.75,968.09,1270.92,0
2017-06-07,00:00,-42.23,567.31,-337.45,38.34,0
2017-06-08,00:00,403.19,1039.12,141.58,494.92,0
2017-06-09,00:00,756.26,1219.99,371.83,784.0,0
2017-06-12,00:00,-1914.07,-1485.87,-2363.05,-1901.08,0
2017-06-13,00:00,1215.95,1546.12,795.04,1217.62,0
2017-06-14,00:00,-870.07,-587.28,-1284.25,-934.75,0
2017-06-15,00:00,6.14,373.2,-456.94,-72.82,0
2017-06-16,00:00,414.38,721.04,-9.1,385.43,0
2017-06-19,00:00,-2123.47,-1763.52,-2577.01,-2130.49,0
2017-06-20,00:00,-597.05,-301.14,-809.87,-426.24,0
2017-06-21,00:00,-775.91,-380.69,-1323.69,-763.43,0
2017-06-22,00:00,160.22,450.12,-134.7,155.99,0
2017-06-23,00:00,1742.26,2056.12,1186.82,1640.87,0
2017-06-26,00:00,52.76,404.09,-575.26,35.68,0
2017-06-27,00:00,1260.85,1644.73,964.01,1325.74,0
2017-06-28,00:00,1681.68,2193.06,936.72,1590.94,0
2017-06-29,00:00,-907.47,-398.58,-1335.21,-836.08,0
2017-06-30,00:00,-144.84,155.72,-644.03,-273.44,0
2017-07-03,00:00,746.06,1059.61,371.59,662.6,0
2017-07-04,00:00,-1352.59,-825.83,-1978.37,-1431.62,0
2017-07-05,00:00,45.03,386.59,-348.0,79.36,0
2017-07-06,00:00,-1128.83,-444.47,-1367.39,-981.8,0
2017-07-07,00:00,805.42,1374.2,316.13,861.03,0
2017-07-10,00:00,-1230.89,-840.67,-1644.36,-1266.15,0
2017-07-11,00:00,-947.41,-12.63,-1205.1,-703.27,0
2017-07-12,00:00,-570.51,-83.36,-1017.32,-564.29,0
2017-07-13,00:00,-962.58,-546.31,-1206.0,-893.43,0
2017-07-14,00:00,1595.16,1895.94,1259.91,1645.94,0
2017-07-17,00:00,1379.76,1713.75,1182.71,1454.31,0
2017-07-18,00:00,1469.03,2019.42,1041.1,1491.8,0
2017-07-19,00:00,-1095.99,-590.87,-1564.21,-1106.43,0
2017-07-20,00:00,728.44,1161.88,465.91,730.04,0
2017-07-21,00:00,-336.28,26.28,-859.25,-317.96,0
2017-07-24,00:00,746.44,1224.31,69.39,701.33,0
2017-07-25,00:00,-2769.87,-2575.67,-3108.79,-2874.84,0
2017-07-26,00:00,-647.21,-356.24,-1039.62,-776.45,0
2017-07-27,00:00,-1777.17,-1446.9,-2312.31,-1866.72,0
2017-07-28,00:00,-547.72,-97.48,-1004.11,-608.66,0
2017-07-31,00:00,437.85,879.47,296.37,492.3,0
2017-08-01,00:00,-3421.18,-3123.03,-3917.41,-3534.3,0
2017-08-02,00:00,-1482.82,-764.35,-1897.69,-1373.11,0
2017-08-03,00:00,526.92,1018.21,-48.6,383.43,0
2017-08-04,00:00,833.96,1323.08,127.36,764.31,0
2017-08-07,00:00,-1041.29,-636.52,-1416.91,-1088.23,0
2017-08-08,00:00,-1331.69,-1179.04,-1642.58,-1315.1,0
2017-08-09,00:00,-439.05,109.66,-1088.73,-473.04,0
2017-08-10,00:00,-1251.2,-832.88,-1966.32,-1369.59,0
2017-08-11,00:00,-369.74,24.71,-706.51,-354.11,0
2017-08-14,00:00,507.52,744.44,43.61,421.48,0
2017-08-15,00:00,802.93,1126.08,509.24,738.77,0
2017-08-16,00:00,-2950.74,-2836.15,-3086.31,-3042.6,0
2017-08-17,00:00,690.19,1217.62,156.75,733.23,0
2017-08-18,00:00,300.45,762.98,-7.56,403.93,0
2017-08-21,00:00,-1903.94,-1503.98,-2559.0,-1971.63,0
2017-08-22,00:00,1890.01,2437.83,1616.81,1980.8,0
2017-08-23,00:00,2907.15,3484.94,2546.69,2974.02,0
2017-08-24,00:00,-1964.06,-1349.57,-2502.96,-1993.51,0
2017-08-25,00:00,2421.44,2519.18,1971.44,2331.28,0
2017-08-28,00:00,348.03,885.77,-239.1,286.63,0
2017-08-29,00:00,-462.46,-120.88,-654.93,-419.24,0
2017-08-30,00:00,-1164.54,-623.7,-1400.01,-1123.41,0
2017-08-31,00:00,-2014.01,-1464.51,-2445.18,-1994.98,0
2017-09-01,00:00,-378.29,153.64,-953.66,-420.61,0
2017-09-04,00:00,-2323.85,-1857.83,-2736.01,-2346.22,0
2017-09-05,00:00,1877.42,2056.98,1156.68,1662.83,0
2017-09-06,00:00,662.39,999.61,189.47,582.11,0
2017-09-07,00:00,-619.0,-87.65,-1046.92,-579.89,0
2017-09-08,00:00,1487.88,2003.25,1100.85,1521.82,0
2017-09-11,00:00,-1098.28,-698.71,-1811.98,-1235.11,0
2017-09-12,00:00,-2305.19,-1619.82,-2847.14,-2265.47,0
2017-09-13,00:00,982.89,1593.13,643.39,951.5,0
2017-09-14,00:00,-165.53,309.29,-588.06,-321.26,0
2017-09-15,00:00,-980.83,-379.55,-1378.99,-905.43,0
2017-09-18,00:00,-878.42,-507.49,-1186.81,-799.47,0
2017-09-19,00:00,-871.85,-321.25,-1227.79,-755.17,0
2017-09-20,00:00,-902.26,-283.97,-1502.03,-912.7,0
2017-09-21,00:00,849.13,1342.48,86.22,756.75,0
2017-09-22,00:00,-1232.65,-478.53,-1602.38,-1185.42,0
2017-09-25,00:00,-156.19,262.81,-776.27,-221.45,0
2017-09-26,00:00,1064.64,1577.56,742.85,1149.87,0
2017-09-27,00:00,-508.2,129.37,-936.63,-472.73,0
2017-09-28,00:00,804.33,1307.52,435.95,819.15,0
2017-09-29,00:00,-1842.42,-1199.05,-2218.74,-1714.88,0
2017-10-02,00:00,176.48,566.1,18.38,248.23,0
2017-10-03,00:00,-1174.69,-784.38,-1362.25,-1083.39,0
2017-10-04,00:00,802.25,1352.87,204.03,771.83,0
2017-10-05,00:00,37.55,294.36,-333.08,-15.41,0
2017-10-06,00:00,139.04,276.77,-508.53,-87.51,0
2017-10-09,00:00,-761.45,-358.03,-1144.27,-799.21,0
2017-10-10,00:00,-243.31,265.92,-674.88,-240.82,0
2017-10-11,00:00,218.94,655.28,-392.81,135.35,0
2017-10-12,00:00,-566.91,-24.3,-851.27,-460.87,0
2017-10-13,00:00,-209.96,263.35,-614.07,-126.27,0
2017-10-16,00:00,947.38,1478.44,509.89,884.36,0
2017-10-17,00:00,-1494.81,-1030.41,-2063.71,-1579.12,0
2017-10-18,00:00,786.58,1037.52,470.45,694.81,0
2017-10-19,00:00,741.02,894.15,141.49,581.98,0
2017-10-20,00:00,1281.98,1632.71,778.76,1169.94,0
2017-10-23,00:00,-1857.52,-1077.43,-2379.35,-1774.23,0
2017-10-24,00:00,317.28,826.88,-296.3,390.61,0
2017-10-25,00:00,348.39,881.97,-170.13,407.9,0
2017-10-26,00:00,763.18,1055.42,257.41,639.31,0
2017-10-27,00:00,72.55,513.37,-445.07,8.92,0
2017-10-30,00:00,-1647.05,-1368.31,-2293.88,-1794.47,0
2017-10-31,00:00,-1813.44,-1550.53,-2088.47,-1777.73,0
2017-11-01,00:00,-134.98,174.83,-558.09,-189.25,0
2017-11-02,00:00,-543.77,52.96,-1009.0,-460.14,0
2017-11-03,00:00,-159.38,148.33,-513.72,-239.48,0
2017-11-06,00:00,-1117.28,-753.55,-1782.82,-1210.15,0
2017-11-07,00:00,-1450.57,-1003.26,-1578.73,-1404.98,0
2017-11-08,00:00,473.51,978.07,293.28,628.58,0
2017-11-09,00:00,-941.82,-366.04,-1150.84,-770.18,0
2017-11-10,00:00,743.62,1330.13,223.84,720.16,0
2017-11-13,00:00,92.53,465.72,-555.76,30.25,0
2017-11-14,00:00,-778.78,-548.82,-1205.61,-835.84,0
2017-11-15,00:00,-1581.23,-1049.45,-1995.76,-1623.32,0
2017-11-16,00:00,-1189.44,-732.2,-1693.18,-1314.33,0
2017-11-17,00:00,-1840.24,-1512.42,-2273.96,-1874.21,0
2017-11-20,00:00,399.2,985.69,-89.55,524.45,0
2017-11-21,00:00,1302.62,1759.32,1045.26,1303.75,0
2017-11-22,00:00,731.25,1170.66,439.39,823.26,0
2017-11-23,00:00,-815.07,-394.75,-1034.47,-809.4,0
2017-11-24,00:00,-0.39,228.57,-432.23,-110.19,0
2017-11-27,00:00,1008.86,1410.82,812.24,1078.45,0
2017-11-28,00:00,-1089.15,-671.96,-1567.77,-1016.09,0
2017-11-29,00:00,-217.51,235.18,-750.53,-246.72,0
2017-11-30,00:00,-1228.36,-900.34,-1698.33,-1319.0,0
2017-12-01,00:00,249.0,561.43,-319.61,144.59,0
2017-12-04,00:00,-553.31,-355.93,-989.83,-456.54,0
2017-12-05,00:00,1376.65,1761.2,953.59,1366.96,0
2017-12-06,00:00,924.61,1328.61,567.22,938.46,0
2017-12-07,00:00,-1236.13,-877.5,-1607.15,-1216.51,0
2017-12-08,00:00,-415.72,116.79,-842.09,-300.64,0
2017-12-11,00:00,-264.68,48.65,-714.68,-279.19,0
2017-12-12,00:00,836.65,1318.1,503.61,891.96,0
2017-12-13,00:00,-2297.48,-1886.79,-2818.6,-2325.76,0
2017-12-14,00:00,537.4,1130.2,137.02,588.05,0
2017-12-15,00:00,-413.29,13.79,-925.03,-514.15,0
2017-12-18,00:00,-845.61,-394.91,-1010.32,-870.81,0
2017-12-19,00:00,-1215.16,-1008.47,-1712.35,-1345.57,0
2017-12-20,00:00,-857.3,-393.67,-1292.9,-834.4,0
2017-12-21,00:00,-1586.46,-1226.82,-1888.38,-1533.26,0
2017-12-22,00:00,156.12,452.77,-337.01,66.93,0
2017-12-25,00:00,1740.52,2004.35,1198.31,1674.32,0
2017-12-26,00:00,-1476.81,-1112.78,-1930.91,-1546.56,0
2017-12-27,00:00,1121.39,1683.94,655.37,1150.77,0
2017-12-28,00:00,-1113.99,-486.56,-1406.55,-1039.31,0
2017-12-29,00:00,-1643.38,-1205.16,-1991.5,-1579.21,0
2018-01-01,00:00,-131.77,275.6,-793.62,-139.36,0
2018-01-02,00:00,-906.39,-469.56,-1389.72,-924.14,0
2018-01-03,00:00,369.76,819.0,-53.06,378.53,0
2018-01-04,00:00,-2045.85,-1649.16,-2195.0,-2053.24,0
2018-01-05,00:00,-1210.39,-961.88,-1572.41,-1172.08,0
2018-01-08,00:00,-1085.1,-394.54,-1579.47,-1046.08,0
2018-01-09,00:00,-283.62,143.01,-1049.92,-378.99,0
2018-01-10,00:00,-248.51,138.56,-680.86,-226.45,0
2018-01-11,00:00,-1956.4,-1248.62,-2641.44,-1953.27,0
2018-01-12,00:00,-2067.32,-1643.11,-2399.45,-1985.96,0
2018-01-15,00:00,833.46,1229.33,90.12,677.63,0
2018-01-16,00:00,-783.46,-479.36,-1133.91,-778.56,0
2018-01-17,00:00,-22.44,472.11,-504.64,-88.23,0
2018-01-18,00:00,-892.05,-355.43,-1220.62,-850.23,0
2018-01-19,00:00,1130.28,1706.6,889.11,1231.33,0
2018-01-22,00:00,-104.87,445.45,-633.06,-105.65,0
2018-01-23,00:00,-1412.81,-895.81,-1906.79,-1412.18,0
2018-01-24,00:00,-763.85,-394.84,-1253.21,-886.9,0
2018-01-25,00:00,2081.37,2440.6,1549.27,2025.18,0
2018-01-26,00:00,-205.49,268.6,-521.1,-144.36,0
2018-01-29,00:00,-132.35,129.33,-686.98,-151.38,0
2018-01-30,00:00,1150.58,1658.82,797.33,1209.83,0
2018-01-31,00:00,-397.44,41.54,-641.63,-418.61,0
2018-02-01,00:00,-467.5,-81.87,-726.0,-386.18,0
2018-02-02,00:00,-935.8,-666.85,-1513.91,-1040.43,0
2018-02-05,00:00,-1124.39,-701.84,-1555.81,-1101.64,0
2018-02-06,00:00,-631.83,23.14,-957.24,-435.4,0
2018-02-07,00:00,-1016.07,-386.64,-1531.52,-974.8,0
2018-02-08,00:00,-649.55,-565.09,-1258.74,-827.86,0
2018-02-09,00:00,-1370.79,-997.98,-1548.83,-1342.16,0
2018-02-12,00:00,1953.57,2311.97,1764.14,2125.0,0
2018-02-13,00:00,200.95,595.9,-273.34,180.01,0
2018-02-14,00:00,-1152.83,-578.76,-1703.17,-1214.76,0
2018-02-15,00:00,-288.35,127.1,-790.66,-290.8,0
2018-02-16,00:00,-1734.17,-1218.55,-2102.5,-1738.39,0
2018-02-19,00:00,413.21,744.73,-47.21,369.99,0
2018-02-20,00:00,1646.34,2027.07,1339.25,1636.69,0
2018-02-21,00:00,-35.68,180.26,-491.15,-100.49,0
2018-02-22,00:00,1196.11,1682.78,668.56,1103.77,0
2018-02-23,00:00,-927.8,-657.18,-1381.95,-1054.1,0
2018-02-26,00:00,397.01,672.08,-114.3,315.4,0
2018-02-27,00:00,194.07,460.52,-186.25,199.5,0
2018-02-28,00:00,1819.23,2224.29,1339.99,1873.3,0
2018-03-01,00:00,-1901.36,-1465.72,-2247.41,-1888.14,0
2018-03-02,00:00,-23.8,232.0,-563.26,-106.31,0
2018-03-05,00:00,-664.33,-269.4,-963.14,-685.67,0
2018-03-06,00:00,-466.54,103.24,-918.17,-403.41,0
2018-03-07,00:00,-82.6,358.77,-580.72,-88.73,0
2018-03-08,00:00,1600.64,2107.43,1333.36,1581.72,0
2018-03-09,00:00,1031.14,1744.89,580.44,1157.98,0
2018-03-12,00:00,-1088.57,-537.04,-1659.13,-1027.65,0
2018-03-13,00:00,1315.38,1735.87,731.2,1192.51,0
2018-03-14,00:00,2375.03,2950.6,1931.45,2432.12,0
2018-03-15,00:00,-1541.77,-979.74,-1905.94,-1470.23,0
2018-03-16,00:00,-565.02,9.05,-1008.65,-396.26,0
2018-03-19,00:00,731.05,1145.66,328.15,764.17,0
2018-03-20,00:00,411.4,560.93,-120.37,271.91,0
2018-03-21,00:00,1491.2,1958.07,1340.94,1628.69,0
2018-03-22,00:00,-174.25,239.62,-584.5,-163.77,0
2018-03-23,00:00,-1541.45,-1523.09,-1628.87,-1574.15,0
2018-03-26,00:00,582.3,1293.14,118.17,720.47,0
2018-03-27,00:00,480.92,952.23,30.22,469.67,0
2018-03-28,00:00,1541.47,1865.03,1104.95,1443.23,0
2018-03-29,00:00,-1861.77,-1552.13,-2257.6,-1911.08,0
2018-03-30,00:00,840.53,1477.23,320.62,897.89,0
2018-04-02,00:00,2268.39,2629.81,1636.66,2209.04,0
2018-04-03,00:00,2462.79,2604.37,2022.99,2374.7,0
2018-04-04,00:00,-826.73,-340.04,-1392.95,-850.57,0
2018-04-05,00:00,1069.43,1208.53,736.34,980.66,0
2018-04-06,00:00,-1232.36,-979.93,-1577.58,-1221.59,0
2018-04-09,00:00,715.86,1050.09,457.58,772.89,0
2018-04-10,00:00,233.72,519.99,-417.93,131.7,0
2018-04-11,00:00,-288.15,-134.27,-487.58,-273.03,0
2018-04-12,00:00,-281.46,148.12,-616.56,-167.87,0
2018-04-13,00:00,-371.91,154.74,-828.85,-269.19,0
2018-04-16,00:00,-1576.06,-1221.25,-2016.28,-1623.41,0
2018-04-17,00:00,-850.7,-652.43,-1368.55,-1005.1,0
2018-04-18,00:00,-299.26,54.02,-684.06,-226.58,0
2018-04-19,00:00,315.54,901.07,-101.48,442.91,0
2018-04-20,00:00,228.45,795.58,-252.82,268.04,0
2018-04-23,00:00,462.27,673.89,146.2,367.35,0
2018-04-24,00:00,-272.35,56.42,-812.58,-351.83,0
2018-04-25,00:00,1704.78,2068.83,1362.76,1776.23,0
2018-04-26,00:00,256.84,554.64,24.76,318.45,0
2018-04-27,00:00,109.32,361.45,-190.09,142.09,0
2018-04-30,00:00,1677.41,2351.09,1140.38,1694.91,0
2018-05-01,00:00,-1695.55,-1300.6,-1995.24,-1665.68,0
2018-05-02,00:00,35.43,471.98,-452.0,128.12,0
2018-05-03,00:00,-219.69,210.26,-740.34,-235.83,0
2018-05-04,00:00,841.13,1679.37,428.12,980.9,0
2018-05-07,00:00,102.8,478.63,-138.93,123.16,0
2018-05-08,00:00,-813.28,-153.86,-1470.35,-717.86,0
2018-05-09,00:00,-407.15,-79.25,-1002.57,-526.24,0
2018-05-10,00:00,-970.08,-582.2,-1132.24,-923.79,0
2018-05-11,00:00,3464.24,3816.53,3047.0,3318.12,0
2018-05-14,00:00,-2847.02,-2397.96,-3326.84,-2962.78,0
2018-05-15,00:00,298.84,644.9,-90.65,255.64,0
2018-05-16,00:00,-118.81,99.74,-596.87,-195.63,0
2018-05-17,00:00,-920.12,-473.07,-1437.8,-1074.84,0
2018-05-18,00:00,-707.46,-394.98,-928.22,-770.56,0
2018-05-21,00:00,-386.09,228.82,-1016.84,-341.93,0
2018-05-22,00:00,-1072.42,-438.49,-1363.21,-1070.75,0
2018-05-23,00:00,-754.57,-234.94,-1249.73,-825.53,0
2018-05-24,00:00,-803.11,-292.71,-1367.16,-887.58,0
2018-05-25,00:00,-832.85,-571.15,-1228.79,-854.99,0
2018-05-28,00:00,-199.44,24.48,-504.39,-238.09,0
2018-05-29,00:00,1115.92,1271.67,526.49,880.53,0
2018-05-30,00:00,-888.58,-585.06,-1264.98,-885.51,0
2018-05-31,00:00,-1276.1,-658.83,-1429.73,-1195.65,0
2018-06-01,00:00,-858.82,-443.31,-1377.43,-1020.56,0
2018-06-04,00:00,234.85,601.55,-295.37,93.92,0
2018-06-05,00:00,-655.14,-488.69,-1189.73,-737.36,0
2018-06-06,00:00,1424.79,1947.11,1007.54,1455.69,0
2018-06-07,00:00,543.1,985.82,192.37,516.65,0
2018-06-08,00:00,-1793.6,-1637.77,-2168.29,-1944.92,0
2018-06-11,00:00,-1386.94,-1072.35,-1788.9,-1366.66,0
2018-06-12,00:00,1146.81,1682.27,641.2,1162.58,0
2018-06-13,00:00,-2749.88,-2120.78,-3251.43,-2584.13,0
2018-06-14,00:00,-102.94,402.09,-710.34,-54.68,0
2018-06-15,00:00,1013.26,1601.22,696.14,1131.72,0
2018-06-18,00:00,-590.77,-427.99,-736.42,-676.33,0
2018-06-19,00:00,839.43,1283.52,407.95,711.69,0
2018-06-20,00:00,-1973.88,-1639.32,-2547.82,-2028.78,0
2018-06-21,00:00,-2141.63,-1876.62,-2307.67,-2126.27,0
2018-06-22,00:00,-373.48,-30.46,-766.39,-333.04,0
2018-06-25,00:00,1760.86,2035.42,1450.94,1743.69,0
2018-06-26,00:00,-884.94,-526.05,-1382.33,-960.64,0
2018-06-27,00:00,515.91,1121.0,267.91,727.17,0
2018-06-28,00:00,-201.7,201.34,-541.53,-217.25,0
2018-06-29,00:00,2518.68,3319.97,2141.89,2784.39,0
2018-07-02,00:00,481.94,814.26,316.94,611.9,0
2018-07-03,00:00,2290.09,2788.29,1925.5,2294.38,0
2018-07-04,00:00,365.07,730.43,12.46,383.16,0
2018-07-05,00:00,2734.51,3041.14,2495.8,2756.9,0
2018-07-06,00:00,620.93,1142.86,351.07,645.52,0
2018-07-09,00:00,-3138.06,-2837.67,-3504.55,-3189.5,0
2018-07-10,00:00,99.49,569.4,-419.26,48.13,0
2018-07-11,00:00,1267.9,1490.48,921.16,1284.1,0
2018-07-12,00:00,-672.16,-155.04,-1094.94,-677.01,0
2018-07-13,00:00,2330.53,2722.63,1917.81,2393.89,0
2018-07-16,00:00,-1705.22,-1492.51,-2176.17,-1779.28,0
2018-07-17,00:00,-911.29,-732.1,-1529.69,-944.13,0
2018-07-18,00:00,-651.88,-242.78,-1130.29,-676.58,0
2018-07-19,00:00,-97.71,601.98,-467.09,80.2,0
2018-07-20,00:00,-678.23,-308.82,-1281.46,-816.42,0
2018-07-23,00:00,1706.09,2213.92,1313.93,1781.46,0
2018-07-24,00:00,-3130.68,-2797.41,-3582.68,-3036.36,0
2018-07-25,00:00,21.87,398.71,-316.66,57.75,0
2018-07-26,00:00,967.03,1306.69,728.46,973.68,0
2018-07-27,00:00,-1287.44,-986.38,-1507.22,-1214.68,0
2018-07-30,00:00,-388.95,-27.79,-882.76,-329.39,0
2018-07-31,00:00,-534.19,-253.55,-698.23,-424.29,0
2018-08-01,00:00,1297.93,1730.49,857.8,1341.61,0
2018-08-02,00:00,1748.45,2163.56,1315.51,1642.51,0
2018-08-03,00:00,-305.72,250.61,-864.15,-219.85,0
2018-08-06,00:00,300.54,477.71,234.95,404.02,0
2018-08-07,00:00,655.02,970.82,173.94,611.44,0
2018-08-08,00:00,597.3,986.98,195.65,559.6,0
2018-08-09,00:00,-2916.46,-2684.09,-3268.69,-2973.55,0
2018-08-10,00:00,640.29,852.33,289.42,589.7,0
2018-08-13,00:00,-1218.38,-713.13,-1657.46,-1186.94,0
2018-08-14,00:00,-354.72,-16.59,-748.13,-343.41,0
2018-08-15,00:00,-1305.15,-1119.88,-1697.04,-1389.83,0
2018-08-16,00:00,-2199.46,-2004.68,-2872.79,-2405.69,0
2018-08-17,00:00,-428.55,50.93,-927.26,-526.76,0
2018-08-20,00:00,988.82,1522.79,725.61,1100.21,0
2018-08-21,00:00,139.47,521.12,-243.88,90.26,0
2018-08-22,00:00,-1243.25,-538.21,-1382.65,-967.88,0
2018-08-23,00:00,-154.77,573.72,-647.22,-223.19,0
2018-08-24,00:00,-1926.11,-1613.1,-2314.9,-1940.07,0
2018-08-27,00:00,-386.88,8.86,-713.91,-392.84,0
2018-08-28,00:00,-1687.66,-1318.15,-2148.48,-1774.97,0
2018-08-29,00:00,2058.12,2505.14,1737.15,2188.52,0
2018-08-30,00:00,-24.06,580.9,-689.61,-41.92,0
2018-08-31,00:00,403.62,799.89,-101.47,357.6,0
2018-09-03,00:00,-1305.04,-943.82,-1753.72,-1286.5,0
2018-09-04,00:00,-150.76,174.59,-485.72,-155.39,0
2018-09-05,00:00,1005.6,1267.51,605.48,945.72,0
2018-09-06,00:00,-1427.04,-887.34,-2131.76,-1412.19,0
2018-09-07,00:00,-627.88,-150.21,-1097.71,-577.57,0
2018-09-10,00:00,333.12,960.86,-112.7,375.27,0
2018-09-11,00:00,2009.89,2512.42,1534.5,2021.67,0
2018-09-12,00:00,-129.68,272.11,-718.57,-299.15,0
2018-09-13,00:00,2543.87,3067.51,2188.95,2556.87,0
2018-09-14,00:00,1458.94,1894.36,1064.4,1433.79,0
2018-09-17,00:00,-1324.58,-757.07,-1707.77,-1260.33,0
2018-09-18,00:00,-693.3,-281.53,-1125.21,-691.67,0
2018-09-19,00:00,678.23,1133.59,273.55,778.07,0
2018-09-20,00:00,1061.64,1228.63,810.96,1148.79,0
2018-09-21,00:00,-631.96,-68.62,-1275.98,-628.0,0
2018-09-24,00:00,331.07,657.38,-21.82,321.6,0
2018-09-25,00:00,-44.64,355.28,-543.62,-59.97,0
2018-09-26,00:00,-32.43,508.67,-462.31,1.54,0
2018-09-27,00:00,-928.22,-596.5,-1415.21,-927.47,0
2018-09-28,00:00,-408.51,9.58,-483.26,-251.15,0
2018-10-01,00:00,-722.06,-293.6,-1109.47,-737.53,0
2018-10-02,00:00,1782.91,2150.3,1450.55,1821.94,0
2018-10-03,00:00,-896.49,-369.34,-1339.05,-837.74,0
2018-10-04,00:00,-769.88,-427.31,-1199.34,-776.5,0
2018-10-05,00:00,143.45,573.82,-121.0,196.7,0
2018-10-08,00:00,-810.76,-439.84,-1135.76,-788.65,0
2018-10-09,00:00,-315.74,43.98,-635.74,-252.2,0
2018-10-10,00:00,2314.22,2945.5,1867.17,2299.15,0
2018-10-11,00:00,-2402.58,-2186.22,-2755.06,-2438.72,0
2018-10-12,00:00,1638.07,2100.09,1430.75,1735.72,0
2018-10-15,00:00,-22.09,268.39,-224.32,-9.21,0
2018-10-16,00:00,-2119.19,-1700.39,-2543.98,-2189.73,0
2018-10-17,00:00,-229.84,175.97,-755.39,-210.9,0
2018-10-18,00:00,867.99,1076.03,501.18,790.67,0
2018-10-19,00:00,-225.77,207.47,-537.46,-178.56,0
2018-10-22,00:00,482.56,1008.89,-29.33,498.09,0
2018-10-23,00:00,-2114.76,-1524.15,-2530.89,-2064.4,0
2018-10-24,00:00,426.4,877.47,85.63,477.44,0
2018-10-25,00:00,-1846.63,-1479.79,-2322.64,-1902.77,0
2018-10-26,00:00,-1339.35,-1135.28,-1748.42,-1414.75,0
2018-10-29,00:00,440.81,802.11,-357.99,211.89,0
2018-10-30,00:00,1866.66,2340.72,1434.18,1955.54,0
2018-10-31,00:00,-538.62,-311.83,-746.64,-546.54,0
2018-11-01,00:00,-891.9,-388.52,-1313.49,-998.95,0
2018-11-02,00:00,765.55,1313.98,234.0,773.93,0
2018-11-05,00:00,2347.96,2765.05,1944.1,2363.71,0
2018-11-06,00:00,1547.99,2231.52,1221.52,1587.17,0
2018-11-07,00:00,-330.26,49.62,-685.16,-336.49,0
2018-11-08,00:00,770.21,1349.45,6.39,725.48,0
2018-11-09,00:00,-795.63,-223.51,-1381.96,-776.39,0
2018-11-12,00:00,184.74,561.64,-423.43,48.74,0
2018-11-13,00:00,-985.63,-600.7,-1368.26,-1022.27,0
2018-11-14,00:00,333.32,777.54,-27.99,356.54,0
2018-11-15,00:00,-1047.05,-574.44,-1594.45,-1084.65,0
2018-11-16,00:00,-972.58,-672.79,-1190.5,-916.84,0
2018-11-19,00:00,1609.49,2160.75,1218.36,1628.72,0
2018-11-20,00:00,-1183.42,-648.92,-1522.66,-1108.45,0
2018-11-21,00:00,-1148.68,-730.62,-1277.26,-1107.26,0
2018-11-22,00:00,-745.71,-301.05,-916.2,-703.24,0
2018-11-23,00:00,-2293.44,-1802.91,-2552.68,-2203.23,0
2018-11-26,00:00,-342.07,164.61,-617.58,-289.9,0
2018-11-27,00:00,2114.04,2571.84,1743.53,2134.3,0
2018-11-28,00:00,547.93,960.28,190.06,560.84,0
2018-11-29,00:00,-2467.25,-1796.97,-3087.13,-2369.21,0
2018-11-30,00:00,76.66,387.72,-220.54,41.11,0
2018-12-03,00:00,962.77,1609.15,739.34,1090.56,0
2018-12-04,00:00,1295.99,1430.0,793.45,1218.7,0
2018-12-05,00:00,-565.64,-209.61,-826.18,-481.04,0
2018-12-06,00:00,3027.31,3613.03,2646.22,3085.61,0
2018-12-07,00:00,-82.82,552.66,-397.7,69.34,0
2018-12-10,00:00,-571.88,-144.86,-796.88,-426.1,0
2018-12-11,00:00,-1813.47,-1244.26,-2051.33,-1740.43,0
2018-12-12,00:00,1218.55,1679.6,952.24,1288.66,0
2018-12-13,00:00,844.49,1577.91,380.51,1003.75,0
2018-12-14,00:00,973.77,1221.75,514.35,836.17,0
2018-12-17,00:00,-2014.85,-1725.61,-2438.15,-2074.28,0
2018-12-18,00:00,-1173.95,-860.06,-1630.58,-1154.57,0
2018-12-19,00:00,-632.02,-362.61,-995.33,-821.45,0
2018-12-20,00:00,-4098.88,-3673.88,-4347.0,-4057.04,0
2018-12-21,00:00,203.72,809.6,0.94,327.26,0
2018-12-24,00:00,1399.88,2179.45,1055.51,1522.98,0
2018-12-25,00:00,-1413.85,-1054.23,-1739.08,-1545.33,0
2018-12-26,00:00,-839.96,-442.07,-1438.33,-972.38,0
2018-12-27,00:00,-537.5,-129.01,-966.6,-584.48,0
2018-12-28,00:00,-624.82,-262.59,-1094.25,-681.1,0
2018-12-31,00:00,1709.74,2116.37,1242.81,1643.34,0
2019-01-01,00:00,-970.73,-769.02,-1611.11,-1186.57,0
2019-01-02,00:00,-392.46,78.03,-751.36,-380.89,0
2019-01-03,00:00,-623.18,-191.54,-1038.29,-572.13,0
2019-01-04,00:00,-850.83,-458.53,-1268.51,-897.13,0
2019-01-07,00:00,368.08,699.26,-369.66,88.83,0
2019-01-08,00:00,-1041.2,-601.72,-1557.91,-976.78,0
2019-01-09,00:00,153.42,673.61,-519.77,92.65,0
2019-01-10,00:00,193.7,580.16,-168.79,216.61,0
2019-01-11,00:00,-231.38,236.27,-683.75,-248.49,0
2019-01-14,00:00,-725.3,-96.83,-1002.18,-574.06,0
2019-01-15,00:00,751.14,1176.4,223.26,704.91,0
2019-01-16,00:00,-323.15,-79.4,-655.81,-331.4,0
2019-01-17,00:00,115.71,457.68,-356.35,122.42,0
2019-01-18,00:00,-955.92,-584.38,-1422.71,-959.03,0
2019-01-21,00:00,-1859.47,-1248.06,-2347.21,-1854.7,0
2019-01-22,00:00,-2136.84,-1842.37,-2370.6,-2170.47,0
2019-01-23,00:00,-329.49,278.08,-790.45,-307.53,0
2019-01-24,00:00,-1466.19,-1050.07,-2136.95,-1543.89,0
2019-01-25,00:00,279.92,685.78,116.24,394.94,0
2019-01-28,00:00,-1335.74,-975.95,-1793.62,-1363.0,0
2019-01-29,00:00,-1362.72,-839.72,-1926.66,-1342.47,0
2019-01-30,00:00,-824.07,-319.55,-1345.29,-872.73,0
2019-01-31,00:00,1594.35,1822.31,1052.54,1378.23,0
2019-02-01,00:00,-64.22,357.49,-521.32,-81.21,0
2019-02-04,00:00,-1329.64,-964.34,-1632.71,-1341.03,0
2019-02-05,00:00,-862.73,-408.23,-1319.73,-950.0,0
2019-02-06,00:00,-275.71,258.01,-656.77,-214.76,0
2019-02-07,00:00,2483.86,2912.52,2106.83,2495.59,0
2019-02-08,00:00,358.3,762.23,-217.18,417.38,0
2019-02-11,00:00,-1724.61,-1109.34,-2199.1,-1595.97,0
2019-02-12,00:00,-396.46,330.7,-784.77,-213.94,0
2019-02-13,00:00,-325.58,298.45,-694.73,-334.38,0
2019-02-14,00:00,953.43,1352.98,616.25,1010.14,0
2019-02-15,00:00,-929.55,-582.87,-1203.13,-1005.8,0
2019-02-18,00:00,826.2,1159.08,423.37,970.21,0
2019-02-19,00:00,212.56,837.59,-450.15,210.73,0
2019-02-20,00:00,84.15,696.39,-385.48,199.29,0
2019-02-21,00:00,337.2,635.75,-24.21,195.09,0
2019-02-22,00:00,-2005.49,-1490.25,-2525.09,-2050.28,0
2019-02-25,00:00,-392.46,-80.66,-841.99,-411.58,0
2019-02-26,00:00,1278.4,1652.97,814.5,1357.63,0
2019-02-27,00:00,869.33,1142.7,242.38,724.36,0
2019-02-28,00:00,-693.64,-390.41,-1123.57,-642.22,0
2019-03-01,00:00,759.1,1463.12,154.29,682.2,0
2019-03-04,00:00,-1004.31,-323.61,-1465.79,-1029.55,0
2019-03-05,00:00,-943.68,-482.76,-1433.15,-935.46,0
2019-03-06,00:00,847.87,1264.8,374.48,881.87,0
2019-03-07,00:00,2260.96,2870.19,1862.27,2294.15,0
2019-03-08,00:00,-1272.6,-911.18,-1986.59,-1404.54,0
2019-03-11,00:00,838.38,1369.64,442.18,886.54,0
2019-03-12,00:00,404.77,751.41,-98.88,355.15,0
2019-03-13,00:00,54.8,380.51,-558.6,-89.83,0
2019-03-14,00:00,-1760.41,-1192.46,-2298.4,-1770.13,0
2019-03-15,00:00,-1799.58,-1271.67,-2143.59,-1717.94,0
2019-03-18,00:00,-684.71,-152.08,-1292.56,-637.66,0
2019-03-19,00:00,614.24,857.0,-20.48,531.75,0
2019-03-20,00:00,495.96,938.56,-10.54,391.44,0
2019-03-21,00:00,1228.61,1628.72,775.28,1228.2,0
2019-03-22,00:00,457.54,811.22,204.18,448.79,0
2019-03-25,00:00,677.94,1042.69,328.16,622.14,0
2019-03-26,00:00,278.58,585.33,-14.0,322.36,0
2019-03-27,00:00,-433.1,-119.46,-779.09,-415.63,0
2019-03-28,00:00,-1868.68,-1462.55,-2253.64,-1844.67,0
2019-03-29,00:00,1904.12,2368.07,1523.27,1972.63,0
2019-04-01,00:00,-2319.54,-2115.29,-2539.49,-2237.96,0
2019-04-02,00:00,-121.42,306.94,-651.16,-253.91,0
2019-04-03,00:00,1110.54,1475.44,855.92,1154.99,0
2019-04-04,00:00,-862.6,-273.61,-1223.63,-829.17,0
2019-04-05,00:00,2524.17,2984.97,1941.77,2398.51,0
2019-04-08,00:00,872.4,1167.25,172.42,797.3,0
2019-04-09,00:00,1681.64,1976.24,1285.31,1695.58,0
2019-04-10,00:00,-597.36,-311.57,-1003.48,-645.7,0
2019-04-11,00:00,-98.23,518.11,-553.86,-136.11,0
2019-04-12,00:00,2507.13,2925.43,1838.18,2424.68,0
2019-04-15,00:00,1472.62,1861.51,851.61,1417.69,0
2019-04-16,00:00,-60.11,401.91,-455.54,11.2,0
2019-04-17,00:00,-1490.45,-1132.87,-1816.59,-1548.08,0
2019-04-18,00:00,-3695.34,-3295.8,-4132.96,-3698.78,0
2019-04-19,00:00,-45.54,283.34,-392.09,-77.29,0
2019-04-22,00:00,234.99,691.18,-143.98,226.43,0
2019-04-23,00:00,1603.09,1799.54,1220.13,1556.69,0
2019-04-24,00:00,1591.07,1993.79,1084.26,1485.21,0
2019-04-25,00:00,-859.06,-533.72,-1172.93,-805.95,0
2019-04-26,00:00,112.7,492.91,-245.75,25.88,0
2019-04-29,00:00,2228.34,2666.27,1988.87,2380.39,0
2019-04-30,00:00,2210.85,2628.65,1641.71,2215.92,0
2019-05-01,00:00,246.99,762.26,103.26,361.11,0
2019-05-02,00:00,-776.07,-690.09,-1273.68,-866.93,0
2019-05-03,00:00,-542.13,-102.51,-1104.52,-487.42,0
2019-05-06,00:00,-587.59,-199.96,-1140.93,-714.27,0
2019-05-07,00:00,-260.64,137.77,-727.62,-200.9,0
2019-05-08,00:00,606.09,1010.48,247.21,540.42,0
2019-05-09,00:00,-526.39,-240.29,-810.74,-546.59,0
2019-05-10,00:00,382.52,820.23,-91.22,406.63,0
2019-05-13,00:00,-1239.31,-865.42,-1868.45,-1348.99,0
2019-05-14,00:00,-457.15,-100.05,-992.25,-442.16,0
2019-05-15,00:00,186.49,534.92,-191.08,203.02,0
2019-05-16,00:00,-1229.2,-1134.46,-1648.09,-1350.62,0
2019-05-17,00:00,-754.46,-443.91,-1485.49,-814.65,0
2019-05-20,00:00,2064.6,2521.09,1541.92,2062.94,0
2019-05-21,00:00,-547.64,-133.67,-1025.11,-468.51,0
2019-05-22,00:00,-1320.33,-934.47,-1761.71,-1305.52,0
2019-05-23,00:00,-1034.8,-184.68,-1442.53,-904.5,0
2019-05-24,00:00,-548.83,-259.28,-726.31,-383.66,0
2019-05-27,00:00,844.37,1351.73,361.63,974.38,0
2019-05-28,00:00,684.44,1190.72,68.78,705.23,0
2019-05-29,00:00,1638.97,1959.19,1192.2,1579.34,0
2019-05-30,00:00,741.68,1260.7,171.55,800.83,0
2019-05-31,00:00,1237.66,1819.15,752.51,1250.83,0
2019-06-03,00:00,1961.23,2458.63,1706.04,2020.68,0
2019-06-04,00:00,233.01,676.63,-187.56,228.55,0
2019-06-05,00:00,-514.3,-56.46,-999.16,-547.54,0
2019-06-06,00:00,-1122.69,-631.23,-1542.46,-1053.42,0
2019-06-07,00:00,1079.02,1676.26,852.05,1227.29,0
2019-06-10,00:00,-286.83,169.65,-635.07,-259.8,0
2019-06-11,00:00,-1152.19,-527.09,-1547.52,-993.01,0
2019-06-12,00:00,141.91,579.24,-284.03,221.73,0
2019-06-13,00:00,1107.56,1655.6,766.08,1258.77,0
2019-06-14,00:00,-927.2,-731.69,-1252.8,-916.5,0
2019-06-17,00:00,1029.0,1357.11,893.58,1137.46,0
2019-06-18,00:00,956.77,1432.34,343.37,954.92,0
2019-06-19,00:00,-459.19,243.33,-640.35,-303.12,0
2019-06-20,00:00,635.65,1076.19,185.81,683.55,0
2019-06-21,00:00,101.69,548.62,-277.85,45.12,0
2019-06-24,00:00,-776.45,-143.53,-1374.38,-742.16,0
2019-06-25,00:00,1465.54,1824.36,1070.87,1424.91,0
2019-06-26,00:00,-1454.61,-1246.92,-1849.67,-1555.05,0
2019-06-27,00:00,1006.41,1391.72,443.35,985.9,0
2019-06-28,00:00,-384.02,5.77,-914.76,-488.94,0
2019-07-01,00:00,458.05,936.58,81.67,399.3,0
2019-07-02,00:00,-1225.41,-668.47,-1810.5,-1184.12,0
2019-07-03,00:00,-1161.83,-819.99,-1489.97,-1201.49,0
2019-07-04,00:00,-572.88,-30.89,-828.53,-440.67,0
2019-07-05,00:00,-1389.47,-1045.76,-2114.7,-1509.85,0
2019-07-08,00:00,1100.11,1388.22,708.83,1050.39,0
2019-07-09,00:00,702.02,1125.73,271.96,674.59,0
2019-07-10,00:00,115.68,559.16,-422.79,81.01,0
2019-07-11,00:00,1278.62,1972.76,954.28,1425.31,0
2019-07-12,00:00,-866.24,-339.68,-1500.66,-915.14,0
2019-07-15,00:00,-504.41,-287.59,-1029.08,-652.39,0
2019-07-16,00:00,1335.29,1631.14,788.2,1216.24,0
2019-07-17,00:00,1556.08,1876.44,953.86,1512.1,0
2019-07-18,00:00,1363.95,1930.66,955.15,1412.1,0
2019-07-19,00:00,866.14,1498.49,400.67,846.83,0
2019-07-22,00:00,-1862.6,-1337.18,-2248.95,-1850.46,0
2019-07-23,00:00,403.62,749.13,71.68,382.53,0
2019-07-24,00:00,52.62,482.54,-593.94,-78.77,0
2019-07-25,00:00,307.81,1057.63,-135.52,439.47,0
2019-07-26,00:00,-259.8,149.09,-575.16,-190.08,0
2019-07-29,00:00,-957.15,-552.2,-1507.31,-1062.5,0
2019-07-30,00:00,1763.85,2228.72,1333.34,1752.39,0
2019-07-31,00:00,278.61,684.52,222.63,397.34,0
2019-08-01,00:00,972.78,1344.08,546.46,967.19,0
2019-08-02,00:00,1685.65,2211.29,1379.8,1689.55,0
2019-08-05,00:00,-1106.65,-326.7,-1385.78,-981.52,0
2019-08-06,00:00,-1568.11,-1256.4,-1922.05,-1606.38,0
2019-08-07,00:00,1551.77,2339.83,1399.91,1808.35,0
2019-08-08,00:00,19.2,322.95,-472.64,-23.64,0
2019-08-09,00:00,1416.25,1899.2,576.07,1243.65,0
2019-08-12,00:00,-893.11,-577.41,-1059.55,-959.19,0
2019-08-13,00:00,542.32,1004.51,416.07,595.02,0
2019-08-14,00:00,971.11,1337.91,624.61,956.94,0
2019-08-15,00:00,-2252.46,-1946.61,-2579.84,-2190.69,0
2019-08-16,00:00,1686.85,1964.36,1484.67,1724.95,0
2019-08-19,00:00,-2778.25,-2299.14,-3061.07,-2755.49,0
2019-08-20,00:00,-561.19,-126.38,-1074.66,-712.79,0
2019-08-21,00:00,-1437.45,-932.42,-1866.13,-1376.29,0
2019-08-22,00:00,713.43,1091.78,44.88,597.51,0
2019-08-23,00:00,-511.23,11.48,-809.39,-436.34,0
2019-08-26,00:00,761.68,1089.49,342.12,673.3,0
2019-08-27,00:00,-683.59,-217.88,-1195.26,-707.03,0
2019-08-28,00:00,-111.44,198.59,-407.17,-113.15,0
2019-08-29,00:00,284.88,767.01,229.53,452.15,0
2019-08-30,00:00,259.66,645.2,-253.01,166.11,0
2019-09-02,00:00,-1157.19,-901.32,-1726.8,-1203.53,0
2019-09-03,00:00,-292.98,146.64,-728.55,-262.43,0
2019-09-04,00:00,817.66,1185.4,201.83,709.03,0
2019-09-05,00:00,-525.16,-369.59,-1010.89,-740.14,0
2019-09-06,00:00,706.14,990.51,459.59,756.54,0
2019-09-09,00:00,935.24,1365.1,445.95,807.57,0
2019-09-10,00:00,-140.95,319.43,-455.97,-165.61,0
2019-09-11,00:00,824.46,1164.54,564.66,783.54,0
2019-09-12,00:00,-2872.56,-2395.02,-3186.37,-2781.01,0
2019-09-13,00:00,-586.31,-266.06,-1204.55,-684.01,0
2019-09-16,00:00,1648.21,2188.94,1171.3,1637.79,0
2019-09-17,00:00,176.07,670.92,-481.65,45.42,0
2019-09-18,00:00,-1029.9,-607.13,-1355.25,-1017.96,0
2019-09-19,00:00,1597.28,2050.28,1595.14,1819.38,0
2019-09-20,00:00,1577.99,2017.93,1079.89,1521.54,0
2019-09-23,00:00,709.7,1251.27,382.53,850.97,0
2019-09-24,00:00,-988.64,-440.54,-1580.54,-939.33,0
2019-09-25,00:00,-497.85,97.02,-1017.67,-405.04,0
2019-09-26,00:00,-779.3,-486.77,-999.0,-799.24,0
2019-09-27,00:00,-776.19,-500.86,-1142.35,-848.46,0
2019-09-30,00:00,-200.62,329.64,-587.66,-143.63,0
2019-10-01,00:00,-779.46,-223.02,-1480.66,-791.72,0
2019-10-02,00:00,-261.07,214.99,-783.82,-220.51,0
2019-10-03,00:00,-375.86,110.78,-913.03,-332.85,0
2019-10-04,00:00,1646.79,2081.67,1193.66,1714.23,0
2019-10-07,00:00,10.79,315.27,-582.82,-126.83,0
2019-10-08,00:00,-170.3,394.98,-642.49,-214.02,0
2019-10-09,00:00,-1555.85,-1264.75,-1990.37,-1565.08,0
2019-10-10,00:00,-1203.82,-487.12,-1434.31,-1092.3,0
2019-10-11,00:00,727.8,1187.41,343.4,823.69,0
2019-10-14,00:00,316.71,504.29,-198.44,181.35,0
2019-10-15,00:00,-1063.63,-754.01,-1537.23,-1109.55,0
2019-10-16,00:00,-3031.94,-2706.39,-3361.83,-2993.63,0
2019-10-17,00:00,-375.62,-40.15,-608.01,-291.91,0
2019-10-18,00:00,-1594.01,-1111.35,-1906.61,-1476.26,0
2019-10-21,00:00,2857.09,3485.75,2719.84,3017.85,0
2019-10-22,00:00,171.55,576.48,-222.57,149.85,0
2019-10-23,00:00,548.6,1040.46,225.8,620.87,0
2019-10-24,00:00,-583.22,-253.11,-1118.35,-595.04,0
2019-10-25,00:00,2830.64,3197.45,2389.55,2868.35,0
2019-10-28,00:00,-655.16,-92.31,-1141.42,-563.05,0
2019-10-29,00:00,426.79,790.48,-22.76,537.92,0
2019-10-30,00:00,-425.15,84.79,-970.55,-414.64,0
2019-10-31,00:00,-1128.42,-700.79,-1428.82,-1031.7,0
2019-11-01,00:00,2411.97,2829.82,2102.38,2484.41,0
2019-11-04,00:00,1693.33,2053.49,1096.75,1535.85,0
2019-11-05,00:00,342.38,848.57,-147.05,343.53,0
2019-11-06,00:00,-2688.08,-2160.9,-3142.87,-2752.93,0
2019-11-07,00:00,530.13,721.07,-156.94,364.6,0
2019-11-08,00:00,-1690.71,-1535.18,-1988.34,-1696.41,0
2019-11-11,00:00,-1141.2,-695.66,-1642.48,-1111.37,0
2019-11-12,00:00,410.14,1099.18,-105.9,442.62,0
2019-11-13,00:00,-261.97,279.33,-615.27,-298.24,0
2019-11-14,00:00,1109.92,1516.73,585.34,1082.94,0
2019-11-15,00:00,-2066.65,-1892.11,-2424.43,-2156.36,0
2019-11-18,00:00,-1381.79,-1124.83,-1984.1,-1437.13,0
2019-11-19,00:00,-548.14,-329.65,-823.08,-662.52,0
2019-11-20,00:00,2178.02,2698.41,1768.26,2304.8,0
2019-11-21,00:00,149.39,293.62,-532.06,-26.8,0
2019-11-22,00:00,626.97,916.01,49.47,518.46,0
2019-11-25,00:00,-2106.83,-2001.15,-2453.72,-2196.53,0
2019-11-26,00:00,702.05,1045.19,374.85,727.9,0
2019-11-27,00:00,-1704.09,-1453.05,-2068.93,-1749.36,0
2019-11-28,00:00,-1129.83,-634.32,-1456.83,-1112.17,0
2019-11-29,00:00,210.9,510.3,-126.38,198.73,0
2019-12-02,00:00,-34.42,363.19,-245.66,23.73,0
2019-12-03,00:00,940.95,1102.46,596.9,986.32,0
2019-12-04,00:00,1160.7,1587.41,735.33,1186.51,0
2019-12-05,00:00,684.86,1055.53,131.0,630.75,0
2019-12-06,00:00,-511.54,-155.89,-735.01,-456.11,0
2019-12-09,00:00,220.75,743.23,-267.01,273.75,0
2019-12-10,00:00,512.95,1008.73,311.85,641.45,0
2019-12-11,00:00,-185.15,120.63,-606.05,-272.8,0
2019-12-12,00:00,-1843.12,-1349.83,-2316.54,-1903.9,0
2019-12-13,00:00,-2915.68,-2483.53,-3555.18,-2965.13,0
2019-12-16,00:00,8.27,384.36,-476.4,8.15,0
2019-12-17,00:00,-968.08,-558.21,-1317.06,-956.36,0
2019-12-18,00:00,170.39,422.76,-337.14,120.33,0
2019-12-19,00:00,-588.82,-223.61,-1191.16,-776.41,0
2019-12-20,00:00,392.79,927.56,65.04,415.82,0
2019-12-23,00:00,-391.9,5.49,-949.73,-456.15,0
2019-12-24,00:00,154.64,891.32,-507.18,132.37,0
2019-12-25,00:00,2093.66,2504.1,1725.96,1963.83,0
2019-12-26,00:00,-1830.58,-1450.4,-2224.21,-1898.11,0
2019-12-27,00:00,-1328.92,-1065.52,-1820.88,-1437.98,0
2019-12-30,00:00,1413.75,1974.1,1048.88,1358.43,0
2019-12-31,00:00,-405.37,-4.35,-750.61,-339.68,0
2020-01-01,00:00,-1906.75,-1364.3,-2210.31,-1811.38,0
2020-01-02,00:00,-1826.41,-1383.45,-2025.55,-1689.47,0
2020-01-03,00:00,5389.44,5812.85,5199.52,5498.3,0
2020-01-06,00:00,4163.01,4593.14,3581.76,4035.88,0
2020-01-07,00:00,2273.16,2758.86,1813.47,2290.65,0
2020-01-08,00:00,1923.65,2213.06,1682.28,1927.51,0
2020-01-09,00:00,568.94,874.67,68.79,477.24,0
2020-01-10,00:00,1565.88,2007.64,1193.79,1659.55,0
2020-01-13,00:00,3951.12,4575.48,3809.04,4123.03,0
2020-01-14,00:00,2859.77,3090.98,2554.68,2781.59,0
2020-01-15,00:00,4038.67,4241.24,3469.95,3976.68,0
2020-01-16,00:00,-1824.71,-1448.45,-2142.28,-1708.13,0
2020-01-17,00:00,4403.14,4686.2,4230.51,4465.03,0
2020-01-20,00:00,-468.89,-16.19,-757.3,-372.81,0
2020-01-21,00:00,3304.77,3613.24,3035.54,3320.93,0
2020-01-22,00:00,-1782.05,-1478.73,-2169.4,-1837.5,0
2020-01-23,00:00,5436.86,5910.27,4977.92,5493.5,0
2020-01-24,00:00,198.26,585.58,-247.57,227.83,0
2020-01-27,00:00,619.62,1175.62,390.58,810.31,0
2020-01-28,00:00,438.5,729.83,78.81,430.48,0
2020-01-29,00:00,497.71,909.26,16.0,428.49,0
2020-01-30,00:00,7000.45,7583.47,6787.48,7102.18,0
2020-01-31,00:00,2836.98,3226.43,2364.55,2871.98,0
2020-02-03,00:00,958.99,1534.61,700.95,965.51,0
2020-02-04,00:00,1846.23,2223.78,1459.32,1852.86,0
2020-02-05,00:00,-123.23,164.03,-622.97,-202.56,0
2020-02-06,00:00,4627.5,4837.92,4218.89,4567.49,0
2020-02-07,00:00,6260.21,6807.37,5743.12,6215.96,0
2020-02-10,00:00,2451.66,2799.91,1965.63,2435.54,0
2020-02-11,00:00,2399.24,3026.12,2094.18,2601.11,0
2020-02-12,00:00,5191.32,5354.86,4935.87,5149.71,0
2020-02-13,00:00,4456.72,4942.81,3757.04,4324.76,0
2020-02-14,00:00,1613.88,1857.68,834.56,1365.46,0
2020-02-17,00:00,162.67,387.03,-121.15,33.75,0
2020-02-18,00:00,2191.43,2443.64,1812.37,2090.91,0
2020-02-19,00:00,2229.83,2714.37,2165.4,2490.1,0
2020-02-20,00:00,252.78,822.09,-167.61,260.11,0
2020-02-21,00:00,2278.9,2825.96,1853.17,2331.66,0
2020-02-24,00:00,436.53,856.1,156.42,436.89,0
2020-02-25,00:00,1086.05,1451.43,582.5,1097.44,0
2020-02-26,00:00,-1524.75,-1064.9,-2002.95,-1511.74,0
2020-02-27,00:00,1305.18,1581.04,992.99,1249.62,0
2020-02-28,00:00,-1696.06,-1300.36,-2231.5,-1720.83,0
2020-03-02,00:00,2241.36,2762.22,1630.55,2182.58,0
2020-03-03,00:00,3379.77,3609.23,2832.9,3357.18,0
2020-03-04,00:00,2505.55,2858.72,2194.33,2547.6,0
2020-03-05,00:00,3268.28,3839.54,2796.73,3360.19,0
2020-03-06,00:00,1878.72,2321.67,1206.7,1832.37,0
2020-03-09,00:00,2965.34,3441.64,2726.4,2933.12,0
2020-03-10,00:00,-2104.0,-1575.28,-2564.8,-1939.44,0
2020-03-11,00:00,2043.14,2477.83,1554.51,2040.57,0
2020-03-12,00:00,-2651.09,-2053.6,-2947.98,-2523.13,0
2020-03-13,00:00,837.89,886.09,225.4,665.01,0
2020-03-16,00:00,1377.13,1841.09,1272.02,1515.01,0
2020-03-17,00:00,2155.28,2408.15,1663.6,2103.44,0
2020-03-18,00:00,-5889.2,-5314.86,-6437.12,-5830.09,0
2020-03-19,00:00,1622.61,2093.47,1178.84,1603.0,0
2020-03-20,00:00,565.48,813.58,165.45,558.79,0
2020-03-23,00:00,4071.75,4500.12,3607.53,3928.1,0
2020-03-24,00:00,1283.94,1788.66,843.27,1362.0,0
2020-03-25,00:00,2175.68,2543.76,1947.36,2253.61,0
2020-03-26,00:00,876.95,1430.52,435.4,850.4,0
2020-03-27,00:00,412.95,930.38,147.65,503.15,0
2020-03-30,00:00,369.49,969.2,-66.37,444.34,0
2020-03-31,00:00,-738.62,-291.16,-939.88,-703.15,0
2020-04-01,00:00,-2024.36,-1588.22,-2515.15,-2029.42,0
2020-04-02,00:00,-1027.09,-568.89,-1578.73,-999.16,0
2020-04-03,00:00,3458.99,3852.89,2978.76,3438.58,0
2020-04-06,00:00,1400.4,1924.69,974.93,1387.3,0
2020-04-07,00:00,-109.18,279.21,-699.38,-152.8,0
2020-04-08,00:00,2943.1,3573.67,2698.37,3027.45,0
2020-04-09,00:00,468.53,679.82,289.64,521.44,0
2020-04-10,00:00,3152.26,3562.36,2599.03,3128.27,0
2020-04-13,00:00,2.14,471.35,-589.85,-95.27,0
2020-04-14,00:00,1025.29,1483.03,448.01,972.71,0
2020-04-15,00:00,1337.46,1397.38,748.38,1133.88,0
2020-04-16,00:00,2245.49,2602.13,2139.04,2335.92,0
2020-04-17,00:00,-1223.93,-937.79,-1599.51,-1141.2,0
2020-04-20,00:00,4441.43,4665.09,4008.62,4325.33,0
2020-04-21,00:00,-1300.69,-1105.97,-1795.58,-1451.65,0
2020-04-22,00:00,1484.51,1989.97,896.02,1514.6,0
2020-04-23,00:00,1377.39,1807.46,1029.28,1431.43,0
2020-04-24,00:00,-2392.06,-1977.74,-2896.14,-2344.34,0
2020-04-27,00:00,-814.8,-301.71,-1213.32,-838.23,0
2020-04-28,00:00,-268.82,30.07,-541.1,-230.26,0
2020-04-29,00:00,5412.89,6093.25,4950.44,5488.05,0
2020-04-30,00:00,2518.81,2745.2,2199.55,2452.63,0
2020-05-01,00:00,2751.51,3130.41,2255.84,2735.65,0
2020-05-04,00:00,-907.82,-323.84,-1231.23,-761.29,0
2020-05-05,00:00,-1472.66,-1207.03,-1972.31,-1478.59,0
2020-05-06,00:00,2930.85,3275.58,2424.81,2980.31,0
2020-05-07,00:00,438.55,1121.29,41.78,568.1,0
2020-05-08,00:00,1633.48,1868.47,1467.55,1613.26,0
2020-05-11,00:00,-1764.73,-1553.92,-2177.59,-1842.06,0
2020-05-12,00:00,-722.21,-234.08,-1024.19,-573.84,0
2020-05-13,00:00,849.73,1348.94,436.53,839.43,0
2020-05-14,00:00,2956.63,3444.91,2807.17,3091.42,0
2020-05-15,00:00,1277.0,1612.7,750.62,1279.03,0
2020-05-18,00:00,2653.48,3075.06,2152.02,2557.65,0
2020-05-19,00:00,-198.19,295.89,-704.79,-272.01,0
2020-05-20,00:00,3443.78,3907.84,2986.08,3393.37,0
2020-05-21,00:00,646.12,1016.14,528.56,751.72,0
2020-05-22,00:00,-119.92,177.81,-606.19,-139.48,0
2020-05-25,00:00,2719.33,3086.74,2057.52,2578.55,0
2020-05-26,00:00,272.37,792.83,-86.43,232.3,0
2020-05-27,00:00,269.21,901.69,-327.37,280.73,0
2020-05-28,00:00,1497.0,1940.45,1207.48,1554.04,0
2020-05-29,00:00,-3044.21,-2435.01,-3574.52,-3007.93,0
2020-06-01,00:00,2833.21,3252.21,2480.33,2891.16,0
2020-06-02,00:00,625.46,1204.9,222.21,672.78,0
2020-06-03,00:00,4205.72,4632.64,4040.16,4357.96,0
2020-06-04,00:00,-770.74,-339.2,-1128.13,-835.79,0
2020-06-05,00:00,861.57,1408.4,443.84,941.88,0
2020-06-08,00:00,1618.58,1893.7,1093.58,1500.49,0
2020-06-09,00:00,3740.94,4125.61,3558.78,3786.26,0
2020-06-10,00:00,-2013.24,-1741.1,-2303.03,-1937.05,0
2020-06-11,00:00,3510.64,4030.9,3100.35,3531.36,0
2020-06-12,00:00,1995.08,2602.98,1791.83,2132.1,0
2020-06-15,00:00,1867.48,2427.35,1754.28,1972.47,0
2020-06-16,00:00,612.62,1092.3,73.16,494.69,0
2020-06-17,00:00,-521.18,-187.26,-1136.62,-665.13,0
2020-06-18,00:00,1417.84,1632.89,1191.54,1381.07,0
2020-06-19,00:00,4138.98,4638.95,3749.94,4212.23,0
2020-06-22,00:00,6523.98,7029.43,6362.63,6589.43,0
2020-06-23,00:00,-5276.96,-4849.99,-5298.38,-5187.15,0
2020-06-24,00:00,-1067.79,-693.22,-1524.59,-1115.1,0
2020-06-25,00:00,-594.62,-126.89,-1135.68,-611.17,0
2020-06-26,00:00,-1379.24,-792.37,-1820.37,-1304.98,0
2020-06-29,00:00,-36.31,476.52,-281.47,26.1,0
2020-06-30,00:00,-733.04,-399.19,-1172.44,-901.69,0
2020-07-01,00:00,-695.58,-335.02,-1068.76,-639.18,0
2020-07-02,00:00,-1718.87,-1263.72,-2013.28,-1678.18,0
2020-07-03,00:00,3497.57,3991.71,3027.88,3487.83,0
2020-07-06,00:00,-2556.82,-2235.36,-3022.61,-2696.01,0
2020-07-07,00:00,-2534.29,-1854.78,-2966.37,-2407.71,0
2020-07-08,00:00,87.53,222.97,-349.67,-114.97,0
2020-07-09,00:00,-674.29,-246.66,-1170.5,-688.95,0
2020-07-10,00:00,2072.6,2437.8,1668.19,2156.12,0
2020-07-13,00:00,-179.27,130.04,-495.49,-212.68,0
2020-07-14,00:00,-156.73,277.29,-720.13,-228.39,0
2020-07-15,00:00,-3193.91,-2707.97,-3521.71,-3102.29,0
2020-07-16,00:00,1960.58,2610.05,1690.61,2131.96,0
2020-07-17,00:00,-1662.98,-1201.64,-2117.14,-1638.9,0
2020-07-20,00:00,590.07,1025.98,183.23,648.34,0
2020-07-21,00:00,-1960.53,-1379.0,-2405.76,-1863.85,0
2020-07-22,00:00,4786.13,5261.79,4139.88,4717.64,0
2020-07-23,00:00,-2258.59,-1830.3,-2700.03,-2304.93,0
2020-07-24,00:00,3878.03,3989.83,3270.76,3616.59,0
2020-07-27,00:00,-303.39,306.4,-662.49,-265.52,0
2020-07-28,00:00,1800.81,2389.79,1543.78,1858.07,0
2020-07-29,00:00,1246.97,1689.08,839.96,1192.79,0
2020-07-30,00:00,1223.27,1479.08,555.67,1104.21,0
2020-07-31,00:00,835.17,1273.03,577.46,855.21,0
2020-08-03,00:00,3452.95,3508.5,2799.22,3288.83,0
2020-08-04,00:00,1532.08,1991.65,1221.34,1563.65,0
2020-08-05,00:00,1572.42,1936.81,1169.97,1483.77,0
2020-08-06,00:00,816.08,1223.31,593.57,864.38,0
2020-08-07,00:00,-1050.91,-689.18,-1524.68,-1063.9,0
2020-08-10,00:00,-2461.47,-1892.15,-2626.1,-2318.97,0
2020-08-11,00:00,2026.71,2236.91,1723.09,1997.67,0
2020-08-12,00:00,2830.63,3308.81,2434.33,2875.69,0
2020-08-13,00:00,1684.34,2157.92,1137.88,1602.4,0
2020-08-14,00:00,-186.4,331.95,-777.17,-171.05,0
2020-08-17,00:00,2222.21,2608.28,1569.38,2221.28,0
2020-08-18,00:00,-495.32,-28.13,-1135.06,-641.15,0
2020-08-19,00:00,1246.51,1672.18,620.72,1349.4,0
2020-08-20,00:00,3832.44,4275.99,3323.12,3844.7,0
2020-08-21,00:00,1205.78,1390.55,772.23,1099.63,0
2020-08-24,00:00,-1824.24,-1467.79,-2220.1,-1789.29,0
2020-08-25,00:00,1811.67,2235.91,1541.59,1956.5,0
2020-08-26,00:00,1222.4,1677.54,801.3,1288.07,0
2020-08-27,00:00,4357.11,4598.0,4007.33,4284.39,0
2020-08-28,00:00,-1020.57,-407.69,-1579.11,-1026.01,0
2020-08-31,00:00,-4063.76,-3754.28,-4346.08,-4004.68,0
2020-09-01,00:00,2028.39,2354.93,1858.49,2127.29,0
2020-09-02,00:00,1628.59,1862.34,954.79,1402.61,0
2020-09-03,00:00,2633.63,2913.91,2163.06,2589.65,0
2020-09-04,00:00,-4025.34,-3524.17,-4306.36,-3911.7,0
2020-09-07,00:00,-2612.16,-2199.51,-2924.41,-2565.19,0
2020-09-08,00:00,2132.76,2539.22,1575.32,2161.96,0
2020-09-09,00:00,2189.39,2699.29,1787.26,2271.98,0
2020-09-10,00:00,-2583.34,-1976.36,-2978.53,-2520.65,0
2020-09-11,00:00,3292.55,3835.03,2934.73,3420.46,0
2020-09-14,00:00,2652.73,2956.32,2336.89,2663.41,0
2020-09-15,00:00,809.95,1036.63,573.2,843.54,0
2020-09-16,00:00,-1890.09,-1590.65,-2273.85,-1848.42,0
2020-09-17,00:00,-60.22,128.52,-301.31,-163.24,0
2020-09-18,00:00,-255.75,241.41,-485.74,-204.32,0
2020-09-21,00:00,648.29,862.45,396.01,536.88,0
2020-09-22,00:00,-4054.32,-3673.77,-4471.41,-4118.68,0
2020-09-23,00:00,-2191.12,-1784.98,-2903.61,-2332.61,0
2020-09-24,00:00,1433.25,1622.6,1060.59,1328.01,0
2020-09-25,00:00,2007.06,2637.41,1577.64,2041.3,0
2020-09-28,00:00,-2020.92,-1227.12,-2387.38,-1810.03,0
2020-09-29,00:00,1184.61,1594.68,506.45,1029.81,0
2020-09-30,00:00,1078.69,1366.3,816.16,1154.63,0
2020-10-01,00:00,-276.31,-108.55,-752.53,-288.13,0
2020-10-02,00:00,-308.73,14.59,-897.99,-427.27,0
2020-10-05,00:00,2207.11,2503.97,1696.66,2088.22,0
2020-10-06,00:00,1049.16,1413.87,448.3,1074.94,0
2020-10-07,00:00,3376.77,3812.93,2886.79,3326.93,0
2020-10-08,00:00,5640.24,6412.3,5364.43,5947.29,0
2020-10-09,00:00,691.47,1056.25,9.95,562.74,0
2020-10-12,00:00,4256.09,4574.85,3930.14,4239.97,0
2020-10-13,00:00,3543.57,4156.45,3056.64,3567.78,0
2020-10-14,00:00,3250.54,3648.35,2748.29,3216.18,0
2020-10-15,00:00,833.05,1326.43,200.81,788.64,0
2020-10-16,00:00,5132.3,5516.42,4833.44,5205.29,0
2020-10-19,00:00,6715.73,7328.86,6230.83,6801.0,0
2020-10-20,00:00,3620.29,3989.0,3404.67,3695.67,0
2020-10-21,00:00,-821.79,-323.05,-928.34,-791.45,0
2020-10-22,00:00,-1349.1,-962.07,-1853.49,-1359.63,0
2020-10-23,00:00,2656.56,3186.0,2403.63,2800.38,0
2020-10-26,00:00,1228.32,1738.67,712.48,1179.45,0
2020-10-27,00:00,1720.73,2068.01,1285.22,1698.16,0
2020-10-28,00:00,3458.31,3810.61,3037.72,3415.17,0
2020-10-29,00:00,-1269.7,-995.3,-1542.14,-1296.22,0
2020-10-30,00:00,3999.01,4327.93,3654.84,4029.56,0
2020-11-02,00:00,149.63,494.03,-450.39,49.62,0
2020-11-03,00:00,1019.8,1238.07,573.43,1000.23,0
2020-11-04,00:00,-2472.79,-2014.99,-2955.63,-2518.69,0
2020-11-05,00:00,-4693.72,-4343.76,-5036.2,-4657.44,0
2020-11-06,00:00,-1233.35,-807.42,-1655.24,-1287.38,0
2020-11-09,00:00,-1041.33,-659.88,-1466.83,-1078.72,0
2020-11-10,00:00,1408.14,1562.25,859.35,1332.91,0
2020-11-11,00:00,5550.96,5907.03,5269.29,5446.02,0
2020-11-12,00:00,2705.57,3071.35,2298.02,2700.53,0
2020-11-13,00:00,1881.41,2342.83,1514.2,1954.9,0
2020-11-16,00:00,-1829.95,-1482.33,-2182.23,-1800.68,0
2020-11-17,00:00,-2353.71,-1643.13,-2931.84,-2250.12,0
2020-11-18,00:00,-1321.92,-787.21,-1931.42,-1379.05,0
2020-11-19,00:00,1971.05,2521.26,1521.26,2099.83,0
2020-11-20,00:00,6412.16,6777.33,5885.91,6343.94,0
2020-11-23,00:00,6954.53,7338.79,6586.45,6949.44,0
2020-11-24,00:00,-58.43,504.82,-399.26,60.0,0
2020-11-25,00:00,-898.34,-403.11,-1317.35,-860.34,0
2020-11-26,00:00,39.79,365.84,-563.47,24.3,0
2020-11-27,00:00,-2498.06,-2010.45,-2856.24,-2476.1,0
2020-11-30,00:00,1275.6,1745.46,717.5,1143.21,0
2020-12-01,00:00,-3892.07,-3430.0,-4416.97,-3851.83,0
2020-12-02,00:00,997.73,1592.35,919.22,1266.53,0
2020-12-03,00:00,2980.18,3531.92,2471.28,2925.72,0
2020-12-04,00:00,4842.5,4898.56,4470.13,4745.97,0
2020-12-07,00:00,2778.93,3358.88,2271.97,2765.23,0
2020-12-08,00:00,5046.47,5532.74,4524.36,5053.09,0
2020-12-09,00:00,1913.68,2549.33,1438.02,1981.58,0
2020-12-10,00:00,-3164.56,-2743.64,-3509.33,-3028.48,0
2020-12-11,00:00,-3331.83,-2861.63,-3786.1,-3308.96,0
2020-12-14,00:00,-264.36,102.11,-721.26,-341.76,0
2020-12-15,00:00,3295.27,3780.71,2951.51,3299.78,0
2020-12-16,00:00,1808.6,2048.82,1247.65,1688.66,0
2020-12-17,00:00,3255.1,3687.21,3019.01,3399.18,0
2020-12-18,00:00,1556.93,1887.85,1100.68,1518.12,0
2020-12-21,00:00,4528.48,5144.1,4208.28,4722.02,0
2020-12-22,00:00,-2428.24,-2240.62,-3183.98,-2577.24,0
2020-12-23,00:00,740.19,1419.27,201.27,776.78,0
2020-12-24,00:00,-979.23,-698.23,-1411.84,-1022.49,0
2020-12-25,00:00,-963.07,-559.67,-1245.14,-962.68,0
2020-12-28,00:00,-2739.23,-2235.6,-2989.04,-2613.19,0
2020-12-29,00:00,-342.91,66.95,-795.35,-389.4,0
2020-12-30,00:00,4713.66,5136.44,4286.71,4672.0,0
2020-12-31,00:00,-935.65,-662.76,-1407.03,-1073.25,0
2021-01-01,00:00,1712.58,2078.76,1285.94,1690.66,0
2021-01-04,00:00,3364.04,3757.21,3057.61,3407.13,0
2021-01-05,00:00,-1268.71,-813.04,-1737.47,-1328.95,0
2021-01-06,00:00,1273.78,1600.42,835.91,1235.79,0
2021-01-07,00:00,89.9,693.12,-501.45,1.85,0
2021-01-08,00:00,1052.78,1571.42,823.62,1130.07,0
2021-01-11,00:00,2169.47,2539.31,1975.66,2208.46,0
2021-01-12,00:00,-415.6,-229.9,-1010.01,-587.99,0
2021-01-13,00:00,351.58,799.42,-1.9,439.07,0
2021-01-14,00:00,2558.32,2966.82,2057.27,2602.52,0
2021-01-15,00:00,3142.93,3409.03,2654.95,3024.83,0
2021-01-18,00:00,504.32,1074.98,189.18,540.42,0
2021-01-19,00:00,983.75,1403.3,534.04,957.51,0
2021-01-20,00:00,2867.49,3115.01,2458.96,2743.82,0
2021-01-21,00:00,234.58,850.61,-84.43,324.76,0
2021-01-22,00:00,3675.02,3932.0,3384.92,3674.85,0
2021-01-25,00:00,-598.84,-279.28,-983.65,-685.89,0
2021-01-26,00:00,-645.64,-396.54,-1260.04,-803.5,0
2021-01-27,00:00,2675.12,3158.75,2329.47,2663.76,0
2021-01-28,00:00,-1169.16,-753.36,-1681.53,-1191.04,0
2021-01-29,00:00,-4343.15,-3961.01,-4785.38,-4419.24,0
2021-02-01,00:00,-1536.34,-1069.27,-2006.67,-1543.5,0
2021-02-02,00:00,2240.97,2814.65,2130.56,2338.84,0
2021-02-03,00:00,4151.59,4406.84,3786.16,4169.49,0
2021-02-04,00:00,-1075.29,-811.96,-1708.54,-1233.96,0
2021-02-05,00:00,-315.52,81.15,-774.63,-330.15,0
2021-02-08,00:00,2192.2,2579.81,2098.42,2368.72,0
2021-02-09,00:00,-323.13,75.19,-596.86,-323.25,0
2021-02-10,00:00,-598.12,-101.06,-1060.38,-579.64,0
2021-02-11,00:00,2022.15,2529.42,1649.63,2094.2,0
2021-02-12,00:00,-201.16,261.45,-663.18,-221.8,0
2021-02-15,00:00,3576.73,3837.34,3214.78,3680.64,0
2021-02-16,00:00,269.88,534.94,-3.17,245.21,0
2021-02-17,00:00,-828.74,-196.67,-1189.72,-683.26,0
2021-02-18,00:00,-361.05,-51.77,-873.56,-384.67,0
2021-02-19,00:00,-1134.87,-423.27,-1718.92,-1150.09,0
2021-02-22,00:00,-774.68,-594.87,-1178.99,-925.44,0
2021-02-23,00:00,-294.17,260.15,-828.46,-309.8,0
2021-02-24,00:00,3946.99,4352.45,3655.08,3944.17,0
2021-02-25,00:00,1890.68,2424.39,1306.75,1883.33,0
2021-02-26,00:00,-924.34,-299.82,-1441.21,-848.6,0
2021-03-01,00:00,-1221.8,-718.39,-1376.72,-1101.6,0
2021-03-02,00:00,1148.39,1506.38,800.84,1216.88,0
2021-03-03,00:00,1796.95,2332.58,1364.09,1883.66,0
2021-03-04,00:00,-3455.22,-3123.16,-3696.13,-3375.29,0
2021-03-05,00:00,280.46,398.1,-211.78,223.42,0
2021-03-08,00:00,-2102.64,-1775.12,-2640.12,-2052.19,0
2021-03-09,00:00,327.52,786.76,-230.37,283.33,0
2021-03-10,00:00,1320.63,1618.5,683.25,1229.85,0
2021-03-11,00:00,-450.8,69.13,-1080.5,-438.8,0
2021-03-12,00:00,-2378.28,-1996.77,-2905.24,-2411.77,0
2021-03-15,00:00,-3981.49,-3648.46,-4242.28,-3928.63,0
2021-03-16,00:00,593.84,1241.78,177.44,668.71,0
2021-03-17,00:00,1044.89,1642.98,547.95,1066.37,0
2021-03-18,00:00,-630.05,-210.61,-1141.98,-747.17,0
2021-03-19,00:00,-487.81,-37.15,-1092.33,-529.84,0
2021-03-22,00:00,-63.33,507.53,-587.09,-28.45,0
2021-03-23,00:00,18.83,290.45,-285.59,126.31,0
2021-03-24,00:00,2681.34,2989.94,2600.16,2781.78,0
2021-03-25,00:00,1635.19,1925.12,1248.92,1577.38,0
2021-03-26,00:00,2274.79,2587.31,1779.73,2181.28,0
2021-03-29,00:00,-1058.05,-753.8,-1488.12,-1023.75,0
2021-03-30,00:00,1968.06,2580.55,1421.11,1907.55,0
2021-03-31,00:00,129.58,450.63,-181.23,195.98,0
2021-04-01,00:00,679.88,1034.22,163.23,696.18,0
2021-04-02,00:00,1160.9,1531.52,741.27,1156.08,0
2021-04-05,00:00,-482.46,-53.31,-1085.54,-654.86,0
2021-04-06,00:00,2053.73,2477.19,1605.45,2093.68,0
2021-04-07,00:00,-2405.5,-1947.18,-2771.41,-2307.26,0
2021-04-08,00:00,-2305.77,-1718.24,-2499.0,-2090.53,0
2021-04-09,00:00,4204.86,4593.94,3659.27,4042.8,0
2021-04-12,00:00,-2994.04,-2504.62,-3386.74,-2985.76,0
2021-04-13,00:00,234.41,689.24,-171.6,244.71,0
2021-04-14,00:00,2251.65,2768.51,1784.94,2308.41,0
2021-04-15,00:00,2767.4,3198.88,2490.74,2878.06,0
2021-04-16,00:00,1103.21,1836.44,1042.16,1368.31,0
2021-04-19,00:00,-3031.11,-2593.99,-3479.5,-3127.22,0
2021-04-20,00:00,2717.47,2853.53,2396.56,2666.85,0
2021-04-21,00:00,-1028.05,-665.1,-1454.28,-1022.05,0
2021-04-22,00:00,-627.0,-130.6,-1076.27,-548.37,0
2021-04-23,00:00,-433.06,-32.79,-761.03,-431.46,0
2021-04-26,00:00,1169.51,1609.68,723.75,1141.09,0
2021-04-27,00:00,1005.47,1610.1,527.82,1119.69,0
2021-04-28,00:00,-727.18,-292.86,-1435.02,-826.34,0
2021-04-29,00:00,1913.42,2525.21,1806.22,2123.37,0
2021-04-30,00:00,-4422.39,-3868.08,-4749.89,-4281.18,0
2021-05-03,00:00,295.02,784.22,73.49,414.02,0
2021-05-04,00:00,521.08,817.5,78.11,411.13,0
2021-05-05,00:00,1819.22,2031.66,1384.99,1651.61,0
2021-05-06,00:00,156.32,969.94,-188.02,321.08,0
2021-05-07,00:00,2303.86,2748.79,1924.23,2405.89,0
2021-05-10,00:00,1063.86,1542.15,569.34,1108.37,0
2021-05-11,00:00,1567.26,2033.34,1231.3,1564.44,0
2021-05-12,00:00,-1801.52,-1274.63,-2012.9,-1658.19,0
2021-05-13,00:00,-101.91,540.4,-431.62,97.07,0
2021-05-14,00:00,3484.05,3747.94,3252.87,3497.43,0
2021-05-17,00:00,-1715.85,-1559.48,-2145.39,-1919.62,0
2021-05-18,00:00,-2505.18,-2042.54,-2800.16,-2366.08,0
2021-05-19,00:00,1113.87,1514.17,809.81,1284.69,0
2021-05-20,00:00,-600.53,-404.43,-877.29,-489.83,0
2021-05-21,00:00,-2320.39,-1707.33,-2737.74,-2370.26,0
2021-05-24,00:00,-3305.31,-2804.39,-3815.53,-3316.8,0
2021-05-25,00:00,-520.52,-6.39,-916.22,-500.05,0
2021-05-26,00:00,2710.95,3172.04,2458.84,2745.19,0
2021-05-27,00:00,1864.35,2138.99,1423.53,1800.09,0
2021-05-28,00:00,-2036.73,-1533.97,-2506.19,-1985.12,0
2021-05-31,00:00,-585.41,-122.29,-1096.26,-537.85,0
2021-06-01,00:00,3600.03,4009.08,3284.15,3687.02,0
2021-06-02,00:00,1404.42,1757.23,875.34,1440.65,0
2021-06-03,00:00,2068.23,2164.37,1402.29,1892.91,0
2021-06-04,00:00,721.94,1068.42,332.53,684.58,0
2021-06-07,00:00,910.31,1196.38,292.26,846.47,0
2021-06-08,00:00,5105.33,5384.93,4688.11,4982.62,0
2021-06-09,00:00,-652.0,140.93,-935.09,-527.71,0
2021-06-10,00:00,167.42,565.44,-148.25,289.44,0
2021-06-11,00:00,-1134.1,-624.8,-1446.84,-1033.42,0
2021-06-14,00:00,1780.62,2210.94,1423.45,1891.07,0
2021-06-15,00:00,-107.17,102.91,-700.09,-147.46,0
2021-06-16,00:00,1920.4,2331.21,1539.18,1853.52,0
2021-06-17,00:00,-2470.16,-1681.22,-2863.88,-2337.8,0
2021-06-18,00:00,-456.76,40.56,-954.0,-488.68,0
2021-06-21,00:00,-127.95,679.52,-461.55,75.88,0
2021-06-22,00:00,1729.58,2181.62,1436.4,1774.5,0
2021-06-23,00:00,2814.22,3072.45,2469.7,2807.24,0
2021-06-24,00:00,693.77,1148.3,32.51,692.42,0
2021-06-25,00:00,2206.94,2506.27,2056.48,2232.24,0
2021-06-28,00:00,-40.89,421.82,-469.9,-14.96,0
2021-06-29,00:00,379.26,872.42,-159.7,403.87,0
2021-06-30,00:00,1404.06,1617.86,898.14,1239.79,0
2021-07-01,00:00,-853.0,-555.35,-1296.49,-944.72,0
2021-07-02,00:00,-1994.17,-1477.14,-2521.76,-1989.3,0
2021-07-05,00:00,-1253.07,-582.47,-1559.24,-1066.75,0
2021-07-06,00:00,1713.91,2009.48,1065.35,1608.77,0
2021-07-07,00:00,-971.68,-660.26,-1307.94,-1096.84,0
2021-07-08,00:00,2309.63,2573.38,2031.52,2319.22,0
2021-07-09,00:00,-658.62,-342.9,-891.15,-550.7,0
2021-07-12,00:00,2676.15,3163.38,2157.7,2671.73,0
2021-07-13,00:00,-551.13,187.11,-958.05,-460.61,0
2021-07-14,00:00,-1579.34,-1282.61,-1967.57,-1635.01,0
2021-07-15,00:00,-620.09,-229.62,-1074.97,-665.66,0
2021-07-16,00:00,-1267.74,-1082.68,-1560.91,-1320.91,0
2021-07-19,00:00,140.8,463.09,-361.17,29.98,0
2021-07-20,00:00,98.99,389.57,-190.88,22.11,0
2021-07-21,00:00,111.29,492.47,-96.83,153.58,0
2021-07-22,00:00,-516.81,-219.99,-831.02,-490.77,0
2021-07-23,00:00,-401.1,-217.53,-795.03,-554.53,0
2021-07-26,00:00,-2112.43,-1536.59,-2349.6,-1983.9,0
2021-07-27,00:00,-314.45,135.7,-840.89,-227.17,0
2021-07-28,00:00,937.22,1256.25,489.47,964.45,0
2021-07-29,00:00,-2099.23,-1866.41,-2372.47,-2023.07,0
2021-07-30,00:00,2141.17,2655.9,1588.45,2134.77,0
2021-08-02,00:00,2774.5,2947.61,2478.75,2784.07,0
2021-08-03,00:00,1094.86,1470.7,627.81,1126.76,0
2021-08-04,00:00,-1642.87,-1204.22,-2141.01,-1580.4,0
2021-08-05,00:00,2210.2,2681.2,1796.26,2217.35,0
2021-08-06,00:00,2452.74,3099.84,2043.94,2426.19,0
2021-08-09,00:00,-2175.89,-1892.69,-2703.67,-2216.78,0
2021-08-10,00:00,3343.52,3662.83,2933.4,3346.06,0
2021-08-11,00:00,-1677.47,-1029.46,-2214.67,-1672.19,0
2021-08-12,00:00,763.45,1287.0,228.24,624.68,0
2021-08-13,00:00,1717.44,2219.72,1461.12,1807.67,0
2021-08-16,00:00,-1847.08,-1600.2,-2323.23,-1945.24,0
2021-08-17,00:00,-5711.11,-5177.74,-6323.61,-5724.96,0
2021-08-18,00:00,-1958.6,-1531.52,-2234.47,-1785.34,0
2021-08-19,00:00,856.1,1349.67,645.82,980.14,0
2021-08-20,00:00,-1250.59,-795.57,-1732.91,-1306.78,0
2021-08-23,00:00,276.1,772.27,-101.85,329.11,0
2021-08-24,00:00,4005.09,4501.51,3314.44,4092.19,0
2021-08-25,00:00,-1858.7,-1496.31,-2321.52,-1847.8,0
2021-08-26,00:00,-314.53,176.65,-491.93,-177.92,0
2021-08-27,00:00,-701.32,-297.22,-1279.93,-779.33,0
2021-08-30,00:00,-1703.46,-1188.89,-2166.41,-1550.83,0
2021-08-31,00:00,1405.48,1685.3,1068.44,1371.55,0
2021-09-01,00:00,-2226.75,-1813.19,-2705.56,-2412.66,0
2021-09-02,00:00,-337.9,197.07,-645.02,-271.43,0
2021-09-03,00:00,1907.28,2482.59,1339.48,1882.26,0
2021-09-06,00:00,940.23,1337.8,718.03,982.93,0
2021-09-07,00:00,-1388.62,-658.08,-1746.99,-1227.67,0
2021-09-08,00:00,610.64,706.92,178.37,546.53,0
2021-09-09,00:00,2.99,509.88,-901.47,-104.88,0
2021-09-10,00:00,-502.66,-413.74,-950.51,-613.58,0
2021-09-13,00:00,226.69,493.75,216.4,310.17,0
2021-09-14,00:00,-945.62,-528.31,-1233.49,-869.61,0
2021-09-15,00:00,461.58,696.25,163.98,343.07,0
2021-09-16,00:00,-601.31,139.73,-987.23,-547.45,0
2021-09-17,00:00,2126.42,2603.79,1890.7,2191.69,0
2021-09-20,00:00,604.82,904.12,208.06,608.41,0
2021-09-21,00:00,-204.99,290.02,-776.99,-273.15,0
2021-09-22,00:00,-2415.22,-2036.18,-2768.39,-2487.24,0
2021-09-23,00:00,3173.96,3793.61,2770.39,3234.12,0
2021-09-24,00:00,-901.27,-517.77,-1148.92,-842.32,0
2021-09-27,00:00,1780.46,1925.16,1354.31,1731.4,0
2021-09-28,00:00,-1982.2,-1369.66,-2605.03,-1985.15,0
2021-09-29,00:00,987.89,1356.28,772.6,1103.6,0
2021-09-30,00:00,2464.56,2626.67,2090.07,2402.34,0
2021-10-01,00:00,1063.87,1465.63,702.19,1080.24,0
2021-10-04,00:00,1511.55,2023.36,1050.94,1502.97,0
2021-10-05,00:00,1414.65,2025.85,1038.42,1454.78,0
2021-10-06,00:00,-1345.9,-1107.44,-1905.27,-1448.94,0
2021-10-07,00:00,1112.31,1739.67,630.43,1111.49,0
2021-10-08,00:00,1220.13,1529.3,754.34,1126.89,0
2021-10-11,00:00,533.2,991.01,277.62,547.39,0
2021-10-12,00:00,-2088.4,-1639.37,-2564.54,-2211.69,0
2021-10-13,00:00,-4008.63,-3560.33,-4258.88,-3901.93,0
2021-10-14,00:00,1336.43,1908.14,931.42,1424.8,0
2021-10-15,00:00,-585.99,-188.02,-858.96,-514.25,0
2021-10-18,00:00,237.46,765.22,-241.88,152.48,0
2021-10-19,00:00,-4144.0,-3742.59,-4363.72,-4001.84,0
2021-10-20,00:00,-1427.27,-923.59,-1704.98,-1392.31,0
2021-10-21,00:00,3083.68,3806.02,2598.82,3253.18,0
2021-10-22,00:00,-516.05,42.73,-819.92,-451.31,0
2021-10-25,00:00,-419.85,-29.05,-820.77,-445.76,0
2021-10-26,00:00,2548.91,3215.01,2024.0,2574.51,0
2021-10-27,00:00,-16.57,656.41,-126.6,103.06,0
2021-10-28,00:00,-3314.47,-3157.38,-3601.52,-3392.28,0
2021-10-29,00:00,614.32,1089.84,69.94,578.28,0
2021-11-01,00:00,-13.23,321.78,-241.7,71.36,0
2021-11-02,00:00,2155.17,2449.0,1618.63,2112.62,0
2021-11-03,00:00,-603.26,-197.6,-1004.38,-655.6,0
2021-11-04,00:00,631.06,880.03,239.61,584.82,0
2021-11-05,00:00,589.34,1084.21,316.18,673.4,0
2021-11-08,00:00,-2505.84,-2092.31,-2879.43,-2423.41,0
2021-11-09,00:00,347.85,562.1,-62.74,320.38,0
2021-11-10,00:00,-3181.66,-2926.95,-3717.13,-3247.87,0
2021-11-11,00:00,1361.5,1772.19,966.65,1323.0,0
2021-11-12,00:00,3370.31,3761.84,2869.87,3344.67,0
2021-11-15,00:00,-5563.83,-5320.07,-5964.88,-5594.3,0
2021-11-16,00:00,404.18,719.38,-75.25,367.51,0
2021-11-17,00:00,-1360.35,-1098.8,-1770.18,-1445.67,0
2021-11-18,00:00,135.94,630.72,-281.33,189.74,0
2021-11-19,00:00,101.32,538.42,-247.99,110.51,0
2021-11-22,00:00,1497.52,2050.57,1176.48,1671.74,0
2021-11-23,00:00,1119.53,1347.81,880.84,1085.74,0
2021-11-24,00:00,1972.41,2299.46,1237.9,1934.73,0
2021-11-25,00:00,443.01,1008.52,-85.03,498.53,0
2021-11-26,00:00,378.52,784.39,-81.58,435.5,0
2021-11-29,00:00,1561.21,2049.48,1112.26,1498.33,0
2021-11-30,00:00,-1120.87,-1035.71,-1656.62,-1208.98,0
2021-12-01,00:00,1401.23,1970.71,1098.11,1484.35,0
2021-12-02,00:00,3715.02,4126.18,3330.55,3697.94,0
2021-12-03,00:00,1007.61,1305.37,342.79,900.24,0
2021-12-06,00:00,-310.16,-71.1,-816.45,-461.81,0
2021-12-07,00:00,-1952.06,-1384.02,-2385.92,-1854.47,0
2021-12-08,00:00,-2206.9,-1957.0,-2485.01,-2173.37,0
2021-12-09,00:00,2782.99,3133.47,2140.11,2694.49,0
2021-12-10,00:00,-807.54,-268.42,-986.72,-540.89,0
2021-12-13,00:00,-1894.5,-1532.36,-2239.34,-1889.11,0
2021-12-14,00:00,-1448.92,-1113.09,-1730.11,-1447.99,0
2021-12-15,00:00,-1749.12,-1685.58,-2137.13,-1795.84,0
2021-12-16,00:00,-25.05,596.68,-578.6,-56.12,0
2021-12-17,00:00,1445.82,1965.63,1079.17,1494.89,0
2021-12-20,00:00,-1753.14,-1313.49,-2108.89,-1813.19,0
2021-12-21,00:00,-1233.1,-961.33,-1468.26,-1278.99,0
2021-12-22,00:00,-533.03,67.18,-925.85,-378.87,0
2021-12-23,00:00,-1597.72,-1189.01,-2008.6,-1519.06,0
2021-12-24,00:00,-2753.61,-2240.44,-3508.55,-2871.47,0
2021-12-27,00:00,-347.32,197.15,-879.7,-377.41,0
2021-12-28,00:00,1490.87,1945.06,1121.81,1517.85,0
2021-12-29,00:00,828.77,1324.56,296.85,876.79,0
2021-12-30,00:00,-1063.37,-914.92,-1634.41,-1225.11,0
2021-12-31,00:00,-844.99,-668.76,-1431.16,-1097.61,0
2022-01-03,00:00,-1890.77,-1769.95,-2306.29,-2038.91,0
2022-01-04,00:00,-2300.58,-1729.43,-2778.65,-2223.9,0
2022-01-05,00:00,-968.26,-658.03,-1470.03,-1041.93,0
2022-01-06,00:00,-1302.34,-835.58,-1741.01,-1358.44,0
2022-01-07,00:00,1623.02,2089.12,1197.53,1659.93,0
2022-01-10,00:00,-6742.44,-6451.35,-6961.89,-6655.76,0
2022-01-11,00:00,-2812.94,-2337.43,-3413.84,-2861.83,0
2022-01-12,00:00,-2417.17,-2002.78,-2728.79,-2361.47,0
2022-01-13,00:00,-3892.87,-3513.8,-4198.71,-3889.24,0
2022-01-14,00:00,-5371.79,-4832.74,-5742.0,-5262.0,0
2022-01-17,00:00,601.93,854.43,287.82,527.39,0
2022-01-18,00:00,3416.24,3745.76,2927.04,3292.05,0
2022-01-19,00:00,-493.16,-27.32,-924.13,-483.37,0
2022-01-20,00:00,-1058.46,-689.0,-1527.83,-1060.2,0
2022-01-21,00:00,-4011.04,-3380.74,-4507.27,-4071.49,0
2022-01-24,00:00,-4951.51,-4571.19,-5510.28,-5005.61,0
2022-01-25,00:00,2377.36,2855.1,1755.99,2326.93,0
2022-01-26,00:00,352.36,893.22,-78.19,430.91,0
2022-01-27,00:00,2295.89,2713.07,1793.8,2311.31,0
2022-01-28,00:00,987.03,1516.92,697.48,1029.73,0
2022-01-31,00:00,-7201.82,-6944.88,-7705.14,-7209.66,0
2022-02-01,00:00,-3153.43,-2801.5,-3604.34,-3160.98,0
2022-02-02,00:00,-1893.19,-1464.47,-2344.88,-1865.58,0
2022-02-03,00:00,-2932.52,-2417.23,-3626.2,-3115.96,0
2022-02-04,00:00,-1346.21,-1119.83,-1630.66,-1392.02,0
2022-02-07,00:00,-1276.48,-1213.49,-1664.71,-1342.46,0
2022-02-08,00:00,-6023.73,-5605.81,-6383.77,-5998.57,0
2022-02-09,00:00,-592.19,-147.52,-992.4,-515.14,0
2022-02-10,00:00,1431.56,1863.63,945.52,1431.06,0
2022-02-11,00:00,-4915.75,-4395.18,-5385.48,-4828.21,0
2022-02-14,00:00,-1747.32,-1508.44,-1995.16,-1719.85,0
2022-02-15,00:00,-4437.48,-3861.57,-4734.95,-4214.63,0
2022-02-16,00:00,-3380.19,-2900.68,-3629.32,-3290.98,0
2022-02-17,00:00,-5214.44,-4688.88,-5930.32,-5211.84,0
2022-02-18,00:00,2721.31,3230.58,2555.73,2772.38,0
2022-02-21,00:00,-618.77,-574.38,-968.48,-727.22,0
2022-02-22,00:00,-3307.96,-2922.55,-3793.86,-3291.3,0
2022-02-23,00:00,-3471.18,-3238.69,-3874.13,-3553.74,0
2022-02-24,00:00,-1041.0,-659.0,-1560.38,-1054.67,0
2022-02-25,00:00,-4402.4,-3935.19,-4901.85,-4399.78,0
2022-02-28,00:00,1329.22,1684.01,959.58,1327.59,0
2022-03-01,00:00,1875.01,2444.31,1510.13,1954.75,0
2022-03-02,00:00,-2767.69,-2456.25,-3247.32,-2852.48,0
2022-03-03,00:00,4033.26,4351.0,3422.82,3925.69,0
2022-03-04,00:00,-3484.05,-3103.87,-3957.48,-3613.49,0
2022-03-07,00:00,3196.33,3520.73,2889.64,3225.83,0
2022-03-08,00:00,3200.84,3723.88,2743.98,3182.33,0
2022-03-09,00:00,-1762.68,-1541.77,-1978.61,-1767.93,0
2022-03-10,00:00,4972.29,5356.81,4804.71,5034.46,0
2022-03-11,00:00,1544.12,1996.61,1214.94,1658.46,0
2022-03-14,00:00,-3485.11,-3070.23,-4041.94,-3559.22,0
2022-03-15,00:00,-3083.13,-2824.17,-3643.76,-3179.63,0
2022-03-16,00:00,2936.58,3423.88,2322.4,2884.82,0
2022-03-17,00:00,1526.33,1856.44,1054.81,1484.15,0
2022-03-18,00:00,-2931.56,-2336.12,-2960.26,-2745.56,0
2022-03-21,00:00,464.2,589.53,-113.51,439.54,0
2022-03-22,00:00,-1605.85,-1193.63,-1705.56,-1494.63,0
2022-03-23,00:00,3749.56,3986.42,3205.86,3656.27,0
2022-03-24,00:00,-3142.66,-2948.98,-3517.79,-3222.91,0
2022-03-25,00:00,-5596.15,-5165.29,-5837.32,-5467.91,0
2022-03-28,00:00,-739.63,-138.55,-965.52,-664.07,0
2022-03-29,00:00,-2875.8,-2497.65,-3303.49,-2980.88,0
2022-03-30,00:00,-2173.35,-1648.38,-2600.09,-2109.82,0
2022-03-31,00:00,409.68,800.63,-158.33,341.71,0
2022-04-01,00:00,-4119.74,-3646.45,-4445.3,-4057.2,0
2022-04-04,00:00,-1874.14,-1391.92,-2434.68,-1853.79,0
2022-04-05,00:00,-4035.58,-3570.39,-4284.0,-3956.94,0
2022-04-06,00:00,-61.75,355.64,-414.15,-36.54,0
2022-04-07,00:00,-547.62,-42.5,-1011.94,-429.8,0
2022-04-08,00:00,-323.27,255.47,-572.56,-208.47,0
2022-04-11,00:00,-1470.89,-1065.51,-1734.86,-1437.12,0
2022-04-12,00:00,-3736.77,-3202.89,-4176.07,-3815.49,0
2022-04-13,00:00,-4561.77,-4171.07,-5130.3,-4588.34,0
2022-04-14,00:00,-5348.09,-4934.01,-5816.46,-5465.19,0
2022-04-15,00:00,-2192.43,-1569.41,-2671.13,-2181.59,0
2022-04-18,00:00,4756.86,5130.79,4219.0,4725.2,0
2022-04-19,00:00,406.86,923.34,-349.62,210.04,0
2022-04-20,00:00,-3059.23,-2704.53,-3244.1,-3028.03,0
2022-04-21,00:00,-4431.52,-4153.42,-4926.59,-4546.91,0
2022-04-22,00:00,-2847.63,-2272.17,-3332.84,-2873.23,0
2022-04-25,00:00,-2907.05,-2261.94,-3202.29,-2832.57,0
2022-04-26,00:00,2226.3,2596.44,1812.4,2163.67,0
2022-04-27,00:00,-1831.12,-1355.6,-2526.08,-1874.13,0
2022-04-28,00:00,-3522.62,-2946.77,-3845.56,-3453.15,0
2022-04-29,00:00,-1281.2,-865.71,-1397.52,-1243.19,0
2022-05-02,00:00,861.34,1140.68,561.35,853.0,0
2022-05-03,00:00,3467.26,4012.21,2683.13,3478.11,0
2022-05-04,00:00,-3473.01,-2934.29,-3720.26,-3297.0,0
2022-05-05,00:00,-2320.94,-1989.22,-2842.38,-2416.53,0
2022-05-06,00:00,-2730.22,-2213.57,-3207.11,-2757.23,0
2022-05-09,00:00,-7560.44,-7122.75,-8030.93,-7657.84,0
2022-05-10,00:00,-3978.14,-3638.59,-4339.88,-4020.16,0
2022-05-11,00:00,-3473.93,-2938.88,-4010.8,-3411.85,0
2022-05-12,00:00,1855.64,2396.06,1546.01,1885.32,0
2022-05-13,00:00,86.77,531.81,-122.64,155.54,0
2022-05-16,00:00,-3522.87,-3163.16,-4064.28,-3485.82,0
2022-05-17,00:00,-1849.76,-1361.73,-2264.01,-1832.29,0
2022-05-18,00:00,-3972.46,-3495.55,-4294.14,-3875.51,0
2022-05-19,00:00,-7379.11,-7038.95,-7663.39,-7377.28,0
2022-05-20,00:00,2141.6,2545.53,1729.08,2180.27,0
2022-05-23,00:00,-4539.28,-4187.64,-4897.18,-4446.4,0
2022-05-24,00:00,-1548.68,-1168.06,-2044.47,-1659.2,0
2022-05-25,00:00,-7221.32,-6942.58,-7610.28,-7192.02,0
2022-05-26,00:00,-2548.46,-2358.91,-3014.82,-2710.08,0
2022-05-27,00:00,-6999.78,-6529.21,-7391.08,-7003.86,0
2022-05-30,00:00,949.93,1380.09,601.51,963.25,0
2022-05-31,00:00,-4313.86,-3969.83,-4415.34,-4154.18,0
2022-06-01,00:00,1371.57,1694.51,872.36,1309.73,0
2022-06-02,00:00,-3613.22,-3333.98,-3942.35,-3644.83,0
2022-06-03,00:00,-16.2,511.97,-299.51,128.5,0
2022-06-06,00:00,-2113.46,-1625.75,-2783.43,-2138.05,0
2022-06-07,00:00,-3176.58,-3029.51,-3503.63,-3361.21,0
2022-06-08,00:00,-880.27,-680.81,-1321.58,-1023.68,0
2022-06-09,00:00,-5063.46,-4644.35,-5781.04,-5103.05,0
2022-06-10,00:00,171.9,750.94,-267.86,317.74,0
2022-06-13,00:00,2714.49,3018.11,2259.1,2588.55,0
2022-06-14,00:00,-4180.48,-3771.39,-4596.2,-4206.19,0
2022-06-15,00:00,-2116.64,-1426.07,-2565.73,-2067.43,0
2022-06-16,00:00,-3062.63,-2722.29,-3635.23,-3181.79,0
2022-06-17,00:00,298.35,406.46,-154.59,217.37,0
2022-06-20,00:00,-828.92,-512.5,-1138.72,-759.74,0
2022-06-21,00:00,-1656.29,-1334.02,-2253.02,-1714.64,0
2022-06-22,00:00,-4432.17,-4044.84,-4728.48,-4289.59,0
2022-06-23,00:00,-4554.07,-3915.36,-4953.2,-4449.67,0
2022-06-24,00:00,-2015.3,-1255.63,-2453.97,-1909.16,0
2022-06-27,00:00,1153.6,1439.4,595.82,1078.68,0
2022-06-28,00:00,1335.42,1828.58,773.47,1253.1,0
2022-06-29,00:00,5867.17,6210.81,5606.57,5914.52,0
2022-06-30,00:00,-430.35,-423.82,-585.29,-360.28,0
2022-07-01,00:00,-745.05,-175.07,-1227.91,-694.8,0
2022-07-04,00:00,-3851.78,-3343.92,-4140.24,-3812.27,0
2022-07-05,00:00,2821.76,3005.93,2305.13,2716.94,0
2022-07-06,00:00,-3053.27,-2761.28,-3493.87,-3070.2,0
2022-07-07,00:00,-403.11,48.13,-810.6,-423.0,0
2022-07-08,00:00,-5219.24,-4665.44,-5582.97,-5034.33,0
2022-07-11,00:00,899.35,1331.01,507.0,979.67,0
2022-07-12,00:00,703.32,1171.95,327.41,730.55,0
2022-07-13,00:00,-3392.14,-2913.06,-3554.48,-3245.86,0
2022-07-14,00:00,-2835.19,-2364.62,-3200.33,-2777.95,0
2022-07-15,00:00,-2953.09,-2402.99,-3390.62,-2930.09,0
2022-07-18,00:00,3975.09,4534.63,3358.28,4046.6,0
2022-07-19,00:00,-3290.01,-2812.76,-3743.98,-3272.9,0
2022-07-20,00:00,-3244.27,-2899.1,-3545.88,-3205.27,0
2022-07-21,00:00,2184.65,2615.59,1899.8,2172.98,0
2022-07-22,00:00,-3305.23,-2789.32,-3779.29,-3295.66,0
2022-07-25,00:00,-2628.62,-2325.03,-2866.31,-2625.44,0
2022-07-26,00:00,-555.74,-187.04,-836.16,-498.52,0
2022-07-27,00:00,-3479.26,-3111.3,-3965.07,-3486.84,0
2022-07-28,00:00,-3317.99,-2963.85,-3672.75,-3445.08,0
2022-07-29,00:00,-1469.49,-751.98,-1959.22,-1385.3,0
2022-08-01,00:00,-2517.74,-2307.25,-2979.0,-2636.92,0
2022-08-02,00:00,-1708.66,-1362.45,-2200.46,-1695.02,0
2022-08-03,00:00,-852.48,-341.57,-1277.24,-860.93,0
2022-08-04,00:00,-2372.93,-2199.81,-2718.8,-2509.99,0
2022-08-05,00:00,540.37,921.15,-186.9,505.78,0
2022-08-08,00:00,-2151.29,-1587.14,-2671.96,-2184.39,0
2022-08-09,00:00,-5350.64,-4797.68,-5675.77,-5240.56,0
2022-08-10,00:00,-199.2,458.45,-541.17,-91.02,0
2022-08-11,00:00,-3868.54,-3502.66,-4024.38,-3774.1,0
2022-08-12,00:00,-5076.77,-4513.83,-5341.71,-4954.39,0
2022-08-15,00:00,-1883.19,-1178.99,-2306.56,-1818.2,0
2022-08-16,00:00,-2593.24,-2125.72,-3103.43,-2629.97,0
2022-08-17,00:00,-2922.61,-2465.08,-3018.69,-2740.37,0
2022-08-18,00:00,486.29,878.6,107.16,557.14,0
2022-08-19,00:00,3247.24,3639.67,2734.14,3186.53,0
2022-08-22,00:00,-1210.58,-708.33,-1453.85,-1186.63,0
2022-08-23,00:00,4396.11,5051.16,3931.24,4560.17,0
2022-08-24,00:00,-5365.61,-4868.92,-5837.86,-5399.55,0
2022-08-25,00:00,-5484.43,-5353.59,-5930.34,-5534.9,0
2022-08-26,00:00,-711.84,-140.91,-1310.84,-798.11,0
2022-08-29,00:00,-418.1,372.69,-715.15,-304.05,0
2022-08-30,00:00,-6678.11,-6151.38,-7297.22,-6658.33,0
2022-08-31,00:00,-5213.44,-4853.5,-5753.84,-5291.67,0
2022-09-01,00:00,-3551.92,-2979.94,-3706.71,-3291.58,0
2022-09-02,00:00,699.02,1059.99,303.46,596.45,0
2022-09-05,00:00,-242.04,130.13,-484.75,-240.29,0
2022-09-06,00:00,-5326.54,-4873.07,-5779.55,-5241.31,0
2022-09-07,00:00,-2082.1,-1973.19,-2641.54,-2193.45,0
2022-09-08,00:00,-2470.72,-2015.97,-2913.79,-2509.51,0
2022-09-09,00:00,2086.16,2697.4,1552.6,2101.08,0
2022-09-12,00:00,-6885.36,-6445.01,-7155.4,-6809.93,0
2022-09-13,00:00,-1453.59,-952.36,-1901.59,-1369.01,0
2022-09-14,00:00,-1575.7,-1164.6,-2019.06,-1524.88,0
2022-09-15,00:00,-1952.69,-1543.86,-2641.87,-2190.49,0
2022-09-16,00:00,1589.4,1950.92,1047.74,1515.73,0
2022-09-19,00:00,-4269.35,-4134.7,-4673.08,-4425.78,0
2022-09-20,00:00,-2165.23,-1574.13,-2434.83,-1984.78,0
2022-09-21,00:00,-492.22,-191.42,-802.82,-490.94,0
2022-09-22,00:00,-4982.27,-4549.28,-5378.22,-4930.98,0
2022-09-23,00:00,-3360.32,-2893.23,-4058.32,-3424.35,0
2022-09-26,00:00,-2744.98,-2304.88,-3213.85,-2698.0,0
2022-09-27,00:00,-3352.23,-2975.65,-3477.86,-3256.86,0
2022-09-28,00:00,3224.54,3508.8,2784.93,3137.77,0
2022-09-29,00:00,-3723.46,-3131.45,-3998.25,-3602.86,0
2022-09-30,00:00,-1120.32,-972.68,-1700.96,-1204.65,0
2022-10-03,00:00,1922.33,2297.04,1383.96,1944.93,0
2022-10-04,00:00,5156.86,5721.15,4492.92,5092.9,0
2022-10-05,00:00,-1625.18,-1213.52,-2120.17,-1659.41,0
2022-10-06,00:00,-161.52,165.55,-508.04,-191.72,0
2022-10-07,00:00,-875.2,-431.02,-1170.58,-810.83,0
2022-10-10,00:00,-1826.53,-1340.45,-2143.73,-1747.57,0
2022-10-11,00:00,-202.21,65.92,-581.92,-178.82,0
2022-10-12,00:00,98.13,275.07,-129.84,62.54,0
2022-10-13,00:00,-1544.14,-1024.08,-1842.99,-1545.45,0
2022-10-14,00:00,-4627.28,-4087.16,-4904.44,-4577.56,0
2022-10-17,00:00,-3613.91,-3239.61,-4116.01,-3713.96,0
2022-10-18,00:00,-4573.65,-4460.74,-5158.4,-4711.2,0
2022-10-19,00:00,-5608.13,-4999.49,-5893.08,-5553.47,0
2022-10-20,00:00,-906.66,-535.52,-1177.87,-847.39,0
2022-10-21,00:00,-7026.83,-6523.06,-7245.86,-6887.07,0
2022-10-24,00:00,-2239.29,-1838.52,-2662.23,-2209.0,0
2022-10-25,00:00,-2222.66,-1898.84,-2572.51,-2213.41,0
2022-10-26,00:00,-2937.86,-2487.24,-3543.7,-2916.07,0
2022-10-27,00:00,-2446.06,-1774.7,-2825.2,-2361.26,0
2022-10-28,00:00,-3621.17,-3262.87,-4096.81,-3743.98,0
2022-10-31,00:00,-2304.71,-2012.95,-2761.61,-2388.6,0
2022-11-01,00:00,-807.77,-442.88,-1099.09,-734.16,0
2022-11-02,00:00,-4045.15,-3615.0,-4442.28,-4071.4,0
2022-11-03,00:00,2078.73,2573.76,1703.94,2146.91,0
2022-11-04,00:00,-1884.12,-1600.15,-2411.76,-1953.11,0
2022-11-07,00:00,1474.1,1801.14,1151.3,1390.19,0
2022-11-08,00:00,-78.67,261.62,-670.15,-132.45,0
2022-11-09,00:00,-3850.75,-3545.25,-4077.59,-3811.69,0
2022-11-10,00:00,2054.64,2504.65,1640.05,2077.84,0
2022-11-11,00:00,-1057.71,-663.74,-1405.67,-995.61,0
2022-11-14,00:00,-5684.47,-5426.89,-6076.81,-5666.72,0
2022-11-15,00:00,-6488.9,-6192.83,-7004.17,-6481.77,0
2022-11-16,00:00,-3214.83,-2840.71,-3598.29,-3309.32,0
2022-11-17,00:00,-3640.91,-3190.27,-4123.29,-3699.65,0
2022-11-18,00:00,-1410.32,-792.91,-1719.79,-1289.6,0
2022-11-21,00:00,3580.91,4077.89,3115.75,3477.17,0
2022-11-22,00:00,552.41,1117.39,-37.14,570.79,0
2022-11-23,00:00,-1011.65,-655.2,-1170.06,-920.66,0
2022-11-24,00:00,849.66,1000.09,661.52,778.51,0
2022-11-25,00:00,553.52,908.53,76.89,466.76,0
2022-11-28,00:00,206.41,827.73,-165.98,382.1,0
2022-11-29,00:00,-7345.5,-7042.97,-7738.1,-7374.27,0
2022-11-30,00:00,-2598.33,-1899.25,-3125.66,-2613.23,0
2022-12-01,00:00,-5052.98,-4774.94,-5458.24,-5154.76,0
2022-12-02,00:00,-3222.93,-2898.12,-3631.12,-3265.52,0
2022-12-05,00:00,-2212.2,-1871.62,-2818.07,-2242.59,0
2022-12-06,00:00,-4918.84,-4216.55,-5566.02,-4925.55,0
2022-12-07,00:00,2400.43,2668.31,1913.06,2323.11,0
2022-12-08,00:00,-1219.37,-950.8,-1520.65,-1249.09,0
2022-12-09,00:00,362.97,712.29,-93.8,380.63,0
2022-12-12,00:00,-5713.58,-5159.13,-6336.77,-5716.13,0
2022-12-13,00:00,-1611.89,-1255.35,-1807.29,-1472.08,0
2022-12-14,00:00,5419.71,5866.45,4919.98,5398.83,0
2022-12-15,00:00,-4335.52,-3922.61,-4979.16,-4387.61,0
2022-12-16,00:00,1.04,378.9,-372.09,-40.74,0
2022-12-19,00:00,-4822.12,-4424.69,-5547.21,-4847.05,0
2022-12-20,00:00,-378.44,7.73,-726.7,-319.55,0
2022-12-21,00:00,-3152.5,-2559.74,-3529.36,-3080.38,0
2022-12-22,00:00,353.63,741.96,-114.76,311.36,0
2022-12-23,00:00,-1881.58,-1563.31,-2412.84,-2050.49,0
2022-12-26,00:00,-39.96,393.96,-583.8,-90.03,0
2022-12-27,00:00,-639.31,-102.14,-1235.65,-653.34,0
2022-12-28,00:00,-3524.59,-2830.72,-4162.99,-3550.29,0
2022-12-29,00:00,-2084.27,-1701.84,-2524.06,-2086.16,0
2022-12-30,00:00,-4109.95,-3869.4,-4918.28,-4351.39,0
2023-01-02,00:00,3702.29,4403.52,3186.95,3685.67,0
2023-01-03,00:00,-1499.05,-964.85,-2096.52,-1579.72,0
2023-01-04,00:00,2304.58,2648.33,1878.62,2187.77,0
2023-01-05,00:00,2453.27,2857.1,1944.91,2457.96,0
2023-01-06,00:00,2038.44,2532.73,1572.16,2043.28,0
2023-01-09,00:00,2231.31,2687.52,1765.34,2263.18,0
2023-01-10,00:00,-1173.05,-986.81,-1764.59,-1352.35,0
2023-01-11,00:00,659.8,995.11,323.26,694.12,0
2023-01-12,00:00,1701.7,2075.55,1602.06,1834.82,0
2023-01-13,00:00,1104.78,1359.19,680.47,1040.92,0
2023-01-16,00:00,-113.18,169.76,-453.66,-156.36,0
2023-01-17,00:00,-939.2,-568.0,-1678.73,-1104.77,0
2023-01-18,00:00,-2084.1,-1751.21,-2472.69,-2189.99,0
2023-01-19,00:00,1744.91,2124.86,1473.23,1756.95,0
2023-01-20,00:00,-476.61,-270.0,-736.43,-509.23,0
2023-01-23,00:00,-903.13,-520.45,-1413.79,-841.9,0
2023-01-24,00:00,-3213.01,-2834.76,-3693.08,-3348.29,0
2023-01-25,00:00,1528.36,2151.44,1036.89,1585.66,0
2023-01-26,00:00,2020.55,2448.75,1520.07,1909.58,0
2023-01-27,00:00,95.91,584.33,-324.18,107.74,0
2023-01-30,00:00,-995.59,-392.46,-1546.73,-986.41,0
2023-01-31,00:00,137.71,480.95,-387.63,39.1,0
2023-02-01,00:00,-390.08,119.98,-781.17,-318.58,0
2023-02-02,00:00,2688.02,3017.19,2268.86,2617.91,0
2023-02-03,00:00,1641.73,1844.91,1378.84,1583.98,0
2023-02-06,00:00,-2456.77,-1867.55,-2732.43,-2424.47,0
2023-02-07,00:00,-1186.22,-1091.82,-1756.44,-1412.41,0
2023-02-08,00:00,-528.48,-197.65,-996.56,-513.19,0
2023-02-09,00:00,1982.3,2469.79,1842.33,1994.39,0
2023-02-10,00:00,-2763.18,-2341.21,-3118.37,-2739.77,0
2023-02-13,00:00,-769.29,-549.59,-948.74,-884.52,0
2023-02-14,00:00,-22.71,289.25,-547.42,-118.04,0
2023-02-15,00:00,1362.89,1979.07,991.3,1400.6,0
2023-02-16,00:00,3283.83,3676.93,2707.5,3308.58,0
2023-02-17,00:00,-518.29,-187.35,-821.04,-435.46,0
2023-02-20,00:00,1208.21,1657.73,648.36,1074.56,0
2023-02-21,00:00,1226.63,1918.07,929.51,1332.6,0
2023-02-22,00:00,2281.1,2440.63,1780.85,2279.83,0
2023-02-23,00:00,-655.96,-378.64,-1396.53,-751.34,0
2023-02-24,00:00,-922.65,-658.42,-999.04,-888.26,0
2023-02-27,00:00,3814.81,4112.14,3614.96,3789.02,0
2023-02-28,00:00,-1366.59,-954.3,-1847.27,-1254.9,0
2023-03-01,00:00,2473.45,2749.06,2058.33,2486.2,0
2023-03-02,00:00,-2728.22,-2310.63,-3260.42,-2782.07,0
2023-03-03,00:00,-38.99,338.67,-512.57,-44.92,0
2023-03-06,00:00,292.94,522.69,-72.78,192.38,0
2023-03-07,00:00,1702.19,1993.08,1020.65,1524.14,0
2023-03-08,00:00,-789.0,-343.58,-1242.43,-842.29,0
2023-03-09,00:00,-666.19,-493.86,-1204.29,-846.72,0
2023-03-10,00:00,351.3,1131.88,-294.21,431.63,0
2023-03-13,00:00,-700.03,-396.01,-1019.14,-719.54,0
2023-03-14,00:00,-805.37,-148.71,-1101.04,-631.45,0
2023-03-15,00:00,-954.66,-638.96,-1552.41,-1062.59,0
2023-03-16,00:00,1212.23,1789.19,874.77,1285.68,0
2023-03-17,00:00,950.21,1505.39,754.25,1077.63,0
2023-03-20,00:00,1385.08,1638.13,840.66,1247.31,0
2023-03-21,00:00,-1397.63,-1228.27,-1815.28,-1413.59,0
2023-03-22,00:00,309.64,660.6,74.14,484.97,0
2023-03-23,00:00,942.79,1175.74,267.99,816.05,0
2023-03-24,00:00,741.82,1391.07,282.9,778.5,0
2023-03-27,00:00,2168.24,2664.82,1707.61,2184.01,0
2023-03-28,00:00,70.08,786.54,-526.97,71.46,0
2023-03-29,00:00,1807.23,2163.12,1441.01,1722.43,0
2023-03-30,00:00,1504.81,1898.06,1100.59,1571.91,0
2023-03-31,00:00,-652.52,-463.49,-1043.12,-719.24,0
2023-04-03,00:00,-2931.97,-2438.18,-3495.43,-2949.47,0
2023-04-04,00:00,-667.14,-300.38,-1326.38,-716.44,0
2023-04-05,00:00,918.08,1570.66,421.59,893.44,0
2023-04-06,00:00,-106.06,193.64,-427.28,-202.29,0
2023-04-07,00:00,3834.05,4135.05,3596.06,3934.63,0
2023-04-10,00:00,1900.19,2322.31,1361.58,1955.27,0
2023-04-11,00:00,1314.04,1536.94,930.43,1264.4,0
2023-04-12,00:00,-2189.37,-1752.91,-2499.03,-2234.54,0
2023-04-13,00:00,-2054.7,-1638.41,-2326.34,-2043.44,0
2023-04-14,00:00,-834.68,-292.06,-1280.72,-704.82,0
2023-04-17,00:00,1677.14,2078.38,1448.31,1774.17,0
2023-04-18,00:00,182.5,632.02,-449.87,126.89,0
2023-04-19,00:00,-2396.78,-1906.54,-2780.05,-2499.71,0
2023-04-20,00:00,-538.7,-69.2,-922.09,-478.91,0
2023-04-21,00:00,-601.2,-215.26,-1115.05,-647.36,0
2023-04-24,00:00,2473.36,2854.25,1926.46,2460.71,0
2023-04-25,00:00,-1316.45,-875.78,-1742.68,-1343.28,0
2023-04-26,00:00,-888.08,-493.16,-1358.25,-868.84,0
2023-04-27,00:00,-2637.95,-2004.4,-2990.69,-2645.78,0
2023-04-28,00:00,1502.14,1844.89,1132.99,1460.02,0
2023-05-01,00:00,-1465.32,-903.23,-1831.86,-1427.0,0
2023-05-02,00:00,-1734.52,-1072.4,-2223.92,-1666.43,0
2023-05-03,00:00,-1708.29,-1409.61,-2094.54,-1673.92,0
2023-05-04,00:00,-1107.49,-592.17,-1596.05,-1105.46,0
2023-05-05,00:00,-993.24,-545.62,-1517.97,-952.33,0
2023-05-08,00:00,1563.5,2084.6,1137.88,1607.41,0
2023-05-09,00:00,1363.35,1873.98,1038.35,1266.97,0
2023-05-10,00:00,198.8,662.96,-250.07,238.4,0
2023-05-11,00:00,-12.55,548.95,-597.99,-83.41,0
2023-05-12,00:00,5417.07,5659.94,4972.59,5355.28,0
2023-05-15,00:00,485.36,1002.21,-111.64,485.68,0
2023-05-16,00:00,-999.17,-780.61,-1403.3,-1008.34,0
2023-05-17,00:00,-1537.02,-1127.45,-1919.38,-1597.61,0
2023-05-18,00:00,1348.52,2003.57,877.36,1428.34,0
2023-05-19,00:00,-469.27,-86.01,-800.45,-402.59,0
2023-05-22,00:00,1276.77,1637.77,875.96,1208.27,0
2023-05-23,00:00,-666.01,-205.44,-1090.39,-690.53,0
2023-05-24,00:00,-736.51,-293.83,-1220.23,-725.87,0
2023-05-25,00:00,-172.23,602.97,-505.09,-7.07,0
2023-05-26,00:00,1314.41,1684.31,693.73,1127.36,0
2023-05-29,00:00,-2453.27,-2060.58,-2888.36,-2427.94,0
2023-05-30,00:00,-598.77,-87.35,-978.34,-549.39,0
2023-05-31,00:00,1578.59,2041.3,1208.12,1622.42,0
2023-06-01,00:00,-1607.3,-1087.43,-2023.95,-1615.12,0
2023-06-02,00:00,-1582.02,-909.64,-1979.26,-1462.26,0
2023-06-05,00:00,1574.45,1729.32,905.91,1454.87,0
2023-06-06,00:00,1922.57,2481.09,1449.79,1996.11,0
2023-06-07,00:00,1429.32,1997.77,986.13,1398.02,0
2023-06-08,00:00,563.32,1048.97,75.84,522.19,0
2023-06-09,00:00,-1267.29,-1036.39,-1441.27,-1366.32,0
2023-06-12,00:00,341.07,656.41,-278.07,229.69,0
2023-06-13,00:00,762.19,1118.04,361.37,794.83,0
2023-06-14,00:00,2139.28,2681.96,1524.84,2145.41,0
2023-06-15,00:00,-2734.71,-2371.99,-3200.5,-2716.67,0
2023-06-16,00:00,-611.23,-361.74,-1174.64,-637.05,0
2023-06-19,00:00,3289.74,3738.39,2857.34,3254.37,0
2023-06-20,00:00,1208.37,1690.37,880.98,1201.97,0
2023-06-21,00:00,36.87,230.67,-349.66,-56.72,0
2023-06-22,00:00,-776.65,-334.83,-1229.77,-837.55,0
2023-06-23,00:00,-787.81,-26.16,-1052.72,-659.05,0
2023-06-26,00:00,319.67,785.38,-88.96,334.17,0
2023-06-27,00:00,-2055.06,-1488.71,-2429.88,-1983.94,0
2023-06-28,00:00,-3111.28,-2462.35,-3848.88,-3111.69,0
2023-06-29,00:00,85.15,460.51,35.66,104.27,0
2023-06-30,00:00,5197.99,5893.54,4742.4,5340.58,0
2023-07-03,00:00,3400.0,3876.58,2792.46,3449.06,0
2023-07-04,00:00,1488.93,1752.22,1064.12,1465.35,0
2023-07-05,00:00,-2996.19,-2682.97,-3473.49,-3116.38,0
2023-07-06,00:00,-1967.3,-1499.63,-2585.82,-2146.02,0
2023-07-07,00:00,1258.24,1755.77,854.31,1314.0,0
2023-07-10,00:00,1144.02,1327.62,611.95,1054.87,0
2023-07-11,00:00,-1627.65,-1186.98,-1941.15,-1606.96,0
2023-07-12,00:00,80.15,262.55,-476.91,-10.49,0
2023-07-13,00:00,781.07,997.76,324.51,692.94,0
2023-07-14,00:00,-627.65,-145.0,-1249.72,-809.24,0
2023-07-17,00:00,1352.72,1829.74,892.68,1385.88,0
2023-07-18,00:00,1412.26,1838.5,1132.88,1364.8,0
2023-07-19,00:00,1214.85,1522.97,795.5,1184.83,0
2023-07-20,00:00,2235.8,2720.87,1861.35,2177.06,0
2023-07-21,00:00,488.82,938.86,415.62,683.94,0
2023-07-24,00:00,-3224.92,-2849.59,-3965.91,-3447.76,0
2023-07-25,00:00,9.05,408.21,-566.65,-64.62,0
2023-07-26,00:00,1074.45,1380.0,671.62,1133.07,0
2023-07-27,00:00,240.44,602.0,-117.36,224.07,0
2023-07-28,00:00,-393.57,-136.64,-805.36,-371.6,0
2023-07-31,00:00,-239.19,105.6,-548.93,-242.05,0
2023-08-01,00:00,344.52,776.43,-214.08,295.06,0
2023-08-02,00:00,915.48,1310.52,633.02,932.78,0
2023-08-03,00:00,1749.84,2151.69,999.83,1674.7,0
2023-08-04,00:00,1460.62,2024.24,1073.95,1491.3,0
2023-08-07,00:00,1339.55,1914.72,730.66,1262.86,0
2023-08-08,00:00,389.75,825.99,266.73,583.69,0
2023-08-09,00:00,1181.39,1395.96,749.63,1107.45,0
2023-08-10,00:00,2034.14,2524.11,1652.1,2075.31,0
2023-08-11,00:00,-2312.48,-1907.21,-2584.96,-2339.68,0
2023-08-14,00:00,3273.08,4248.74,2804.14,3549.31,0
2023-08-15,00:00,-1954.81,-1725.66,-2347.12,-1942.59,0
2023-08-16,00:00,2362.64,2561.06,2004.76,2321.42,0
2023-08-17,00:00,1311.99,1748.91,753.89,1333.33,0
2023-08-18,00:00,-2656.62,-2101.45,-3062.37,-2653.06,0
2023-08-21,00:00,1131.23,1433.8,547.95,991.12,0
2023-08-22,00:00,1108.47,1672.34,898.32,1202.79,0
2023-08-23,00:00,3020.0,3341.19,2717.99,3040.1,0
2023-08-24,00:00,-2197.7,-1747.72,-2728.74,-2171.25,0
2023-08-25,00:00,356.66,908.06,-419.26,244.53,0
2023-08-28,00:00,805.72,1055.96,319.58,805.69,0
2023-08-29,00:00,-1580.66,-1115.06,-2025.35,-1524.52,0
2023-08-30,00:00,71.46,618.84,-226.67,83.05,0
2023-08-31,00:00,-395.18,-124.18,-861.78,-492.64,0
2023-09-01,00:00,-287.39,23.53,-729.62,-224.57,0
2023-09-04,00:00,220.98,543.69,-141.22,239.98,0
2023-09-05,00:00,-981.57,-740.4,-1418.7,-1085.27,0
2023-09-06,00:00,-3913.63,-3402.97,-4512.68,-4006.2,0
2023-09-07,00:00,-70.24,356.02,-168.98,131.55,0
2023-09-08,00:00,-2332.1,-1638.48,-2793.04,-2294.04,0
2023-09-11,00:00,1334.79,1635.26,1029.06,1282.74,0
2023-09-12,00:00,-79.29,607.59,-502.2,22.72,0
2023-09-13,00:00,-484.36,-22.9,-882.7,-410.75,0
2023-09-14,00:00,525.73,1088.39,271.04,691.17,0
2023-09-15,00:00,1694.04,1966.61,1317.9,1729.81,0
2023-09-18,00:00,305.24,711.39,15.83,452.27,0
2023-09-19,00:00,2212.97,2480.22,1806.12,2134.83,0
2023-09-20,00:00,-801.56,-482.44,-1021.91,-693.44,0
2023-09-21,00:00,680.91,1181.59,382.03,715.96,0
2023-09-22,00:00,-137.85,231.86,-459.0,-191.08,0
2023-09-25,00:00,2029.59,2531.49,1780.43,2120.39,0
2023-09-26,00:00,451.72,742.79,167.16,440.33,0
2023-09-27,00:00,3257.76,3465.53,2757.83,3151.81,0
2023-09-28,00:00,822.06,1293.94,541.2,887.48,0
2023-09-29,00:00,-1406.19,-1018.28,-1952.97,-1423.93,0
2023-10-02,00:00,-542.21,-80.75,-1095.47,-547.9,0
2023-10-03,00:00,-1179.62,-817.23,-1596.41,-1187.72,0
2023-10-04,00:00,-1594.94,-1129.26,-1984.52,-1617.62,0
2023-10-05,00:00,1884.06,2316.7,1573.63,1948.36,0
2023-10-06,00:00,-559.06,-234.61,-910.16,-594.12,0
2023-10-09,00:00,2162.78,2791.01,1712.89,2177.92,0
2023-10-10,00:00,-2434.25,-1821.38,-2937.4,-2467.75,0
2023-10-11,00:00,714.04,1130.17,516.03,729.35,0
2023-10-12,00:00,291.49,684.09,-46.13,331.36,0
2023-10-13,00:00,-2163.0,-1867.59,-2635.11,-2315.39,0
2023-10-16,00:00,660.19,995.69,122.4,580.51,0
2023-10-17,00:00,-346.46,215.79,-577.67,-151.96,0
2023-10-18,00:00,1447.49,1814.64,921.25,1529.78,0
2023-10-19,00:00,2526.35,2656.68,2240.41,2384.43,0
2023-10-20,00:00,-1950.93,-1404.8,-2541.48,-2003.34,0
2023-10-23,00:00,-146.43,422.0,-465.59,-57.96,0
2023-10-24,00:00,1942.67,2528.68,1516.47,1943.79,0
2023-10-25,00:00,1326.14,1696.85,809.26,1312.52,0
2023-10-26,00:00,-493.62,-14.64,-983.22,-436.23,0
2023-10-27,00:00,-1444.41,-1184.1,-1719.82,-1413.5,0
2023-10-30,00:00,-1180.81,-428.54,-1460.24,-1027.97,0
2023-10-31,00:00,2496.14,2807.6,1895.49,2410.29,0
2023-11-01,00:00,-2632.22,-2055.05,-2958.14,-2471.21,0
2023-11-02,00:00,41.19,571.97,-400.95,163.93,0
2023-11-03,00:00,2439.6,2882.87,2138.22,2496.23,0
2023-11-06,00:00,949.08,1456.06,482.66,895.45,0
2023-11-07,00:00,-558.49,-23.22,-1045.86,-561.16,0
2023-11-08,00:00,857.37,1420.45,531.48,961.48,0
2023-11-09,00:00,-2091.44,-1775.29,-2353.61,-2011.58,0
2023-11-10,00:00,812.66,1370.0,551.31,838.07,0
2023-11-13,00:00,1992.3,2588.68,1584.07,2025.66,0
2023-11-14,00:00,2713.63,3070.76,2070.66,2519.42,0
2023-11-15,00:00,1358.39,1841.6,1037.72,1400.64,0
2023-11-16,00:00,746.79,1216.61,310.4,750.81,0
2023-11-17,00:00,30.79,535.62,-448.99,26.56,0
2023-11-20,00:00,-275.67,419.2,-715.07,-200.27,0
2023-11-21,00:00,677.78,1271.23,376.74,925.14,0
2023-11-22,00:00,143.12,617.69,-283.81,98.63,0
2023-11-23,00:00,508.07,787.81,114.21,471.83,0
2023-11-24,00:00,-3371.19,-2857.51,-3888.27,-3407.32,0
2023-11-27,00:00,699.32,840.83,74.15,581.37,0
2023-11-28,00:00,139.72,579.4,-226.95,137.87,0
2023-11-29,00:00,749.41,1507.46,165.15,784.82,0
2023-11-30,00:00,-2258.86,-1843.5,-2718.8,-2295.55,0
2023-12-01,00:00,1969.69,2060.81,1719.68,1882.39,0
2023-12-04,00:00,-2735.96,-2355.68,-3082.04,-2687.04,0
2023-12-05,00:00,-2985.9,-2308.98,-3477.24,-3006.15,0
2023-12-06,00:00,1872.42,2245.91,1566.86,1873.11,0
2023-12-07,00:00,1229.23,1471.43,822.04,1200.09,0
2023-12-08,00:00,237.27,601.77,-125.57,163.23,0
2023-12-11,00:00,822.95,915.49,282.62,584.33,0
2023-12-12,00:00,-1474.03,-1108.79,-2033.52,-1518.62,0
2023-12-13,00:00,161.33,718.9,-269.48,207.66,0
2023-12-14,00:00,-31.52,421.91,-370.49,53.84,0
2023-12-15,00:00,-2196.44,-2034.84,-2683.46,-2322.21,0
2023-12-18,00:00,1477.69,1977.38,1053.83,1451.87,0
2023-12-19,00:00,-749.51,-531.6,-1063.67,-793.93,0
2023-12-20,00:00,1779.98,2323.95,1471.47,1872.33,0
2023-12-21,00:00,-1773.73,-1155.03,-2103.29,-1665.87,0
2023-12-22,00:00,2192.29,2511.89,1976.97,2244.9,0
2023-12-25,00:00,-1864.51,-1445.17,-1865.88,-1681.38,0
2023-12-26,00:00,-1935.46,-1640.75,-2307.69,-1891.28,0
2023-12-27,00:00,-1393.85,-809.9,-1642.72,-1204.44,0
2023-12-28,00:00,-1152.5,-742.28,-1515.68,-1139.74,0
2023-12-29,00:00,-505.93,-158.95,-768.62,-450.31,0
2024-01-01,00:00,-1653.12,-1385.68,-2376.57,-1741.67,0
2024-01-02,00:00,-2361.53,-1866.89,-2679.81,-2312.85,0
2024-01-03,00:00,-2106.75,-1818.64,-2446.31,-2155.91,0
2024-01-04,00:00,1307.52,1873.0,1058.73,1527.57,0
2024-01-05,00:00,-1055.53,-552.18,-1381.12,-1049.56,0
2024-01-08,00:00,1062.05,1603.84,530.82,1136.58,0
2024-01-09,00:00,2943.97,3253.37,2557.82,2987.63,0
2024-01-10,00:00,-1989.06,-1748.68,-2213.26,-2003.19,0
2024-01-11,00:00,3024.0,3738.27,2696.86,3156.0,0
2024-01-12,00:00,557.63,1172.06,117.31,574.94,0
2024-01-15,00:00,-418.23,-25.24,-850.94,-447.72,0
2024-01-16,00:00,1498.5,2007.39,1001.01,1465.53,0
2024-01-17,00:00,312.44,746.02,-213.91,192.45,0
2024-01-18,00:00,-397.19,-291.65,-1009.46,-518.07,0
2024-01-19,00:00,2224.45,2262.39,1820.53,2106.94,0
2024-01-22,00:00,2694.56,3193.62,2329.43,2797.55,0
2024-01-23,00:00,-3263.51,-2566.39,-4080.65,-3203.57,0
2024-01-24,00:00,496.39,942.82,-86.97,489.51,0
2024-01-25,00:00,-823.7,-394.6,-1044.62,-736.34,0
2024-01-26,00:00,1668.61,2014.17,1437.14,1675.56,0
2024-01-29,00:00,892.74,1514.66,589.88,1025.05,0
2024-01-30,00:00,2870.35,3256.25,2401.69,2908.8,0
2024-01-31,00:00,-183.44,215.86,-769.53,-349.4,0
2024-02-01,00:00,4788.43,5117.21,4375.45,4709.37,0
2024-02-02,00:00,-243.12,361.95,-708.15,-113.0,0
2024-02-05,00:00,2539.86,2886.03,1979.24,2437.54,0
2024-02-06,00:00,1895.29,2146.08,1659.43,1927.77,0
2024-02-07,00:00,366.84,866.09,-3.35,420.03,0
2024-02-08,00:00,186.69,721.18,-150.63,240.39,0
2024-02-09,00:00,-1178.66,-835.29,-1600.92,-1190.87,0
2024-02-12,00:00,-1358.67,-1054.94,-2019.72,-1493.7,0
2024-02-13,00:00,1758.75,2040.71,1314.12,1678.41,0
2024-02-14,00:00,606.12,1010.8,26.72,420.45,0
2024-02-15,00:00,-858.08,-472.52,-1444.18,-884.72,0
2024-02-16,00:00,1000.11,1435.83,500.59,894.22,0
2024-02-19,00:00,902.81,1391.67,349.18,876.31,0
2024-02-20,00:00,3364.35,3653.94,3009.84,3280.49,0
2024-02-21,00:00,1037.23,1201.76,608.18,946.05,0
2024-02-22,00:00,-1447.18,-1006.31,-1950.97,-1485.94,0
2024-02-23,00:00,-497.36,-25.51,-865.68,-476.68,0
2024-02-26,00:00,698.87,1106.82,250.17,750.46,0
2024-02-27,00:00,-2036.55,-1458.86,-2669.46,-1979.72,0
2024-02-28,00:00,-28.78,182.08,-251.44,-39.36,0
2024-02-29,00:00,3406.13,3724.27,3069.37,3258.63,0
2024-03-01,00:00,-999.35,-497.04,-1501.47,-994.82,0
2024-03-04,00:00,932.59,1513.75,528.7,960.03,0
2024-03-05,00:00,-1445.16,-1065.32,-1783.02,-1514.54,0
2024-03-06,00:00,-2362.7,-2068.97,-3004.92,-2396.46,0
2024-03-07,00:00,902.13,1736.69,439.4,926.85,0
2024-03-08,00:00,392.74,933.41,-30.72,418.77,0
2024-03-11,00:00,3400.05,4159.03,3062.31,3467.09,0
2024-03-12,00:00,-1921.36,-1716.37,-2218.97,-1909.94,0
2024-03-13,00:00,5008.43,5679.77,4653.03,5197.09,0
2024-03-14,00:00,-648.97,-136.22,-873.77,-581.76,0
2024-03-15,00:00,2728.47,2891.79,2396.25,2615.43,0
2024-03-18,00:00,40.91,509.23,-363.29,43.69,0
2024-03-19,00:00,1988.08,2504.23,1470.96,1907.43,0
2024-03-20,00:00,3679.71,4095.05,3251.4,3774.12,0
2024-03-21,00:00,3896.1,4226.41,3447.74,3879.89,0
2024-03-22,00:00,-541.76,-77.42,-939.89,-521.77,0
2024-03-25,00:00,686.11,1219.48,243.83,716.85,0
2024-03-26,00:00,-459.24,42.02,-699.18,-393.75,0
2024-03-27,00:00,2304.66,2810.76,1777.71,2255.41,0
2024-03-28,00:00,1456.29,1825.38,1067.24,1510.55,0
2024-03-29,00:00,-1400.86,-828.53,-1915.91,-1326.32,0
2024-04-01,00:00,701.37,1063.74,256.24,716.68,0
2024-04-02,00:00,1153.77,1693.86,991.02,1230.93,0
2024-04-03,00:00,-1266.68,-711.32,-1376.55,-1041.21,0
2024-04-04,00:00,-1104.43,-816.15,-1605.72,-1213.35,0
2024-04-05,00:00,209.76,780.05,-103.93,370.28,0
2024-04-08,00:00,866.83,1237.24,405.58,927.11,0
2024-04-09,00:00,2537.32,2916.68,2302.83,2534.3,0
2024-04-10,00:00,-1904.23,-1389.93,-2452.07,-1913.99,0
2024-04-11,00:00,619.12,1253.39,213.43,626.82,0
2024-04-12,00:00,2995.07,3495.83,2634.41,2945.46,0
2024-04-15,00:00,1072.47,1297.99,636.89,986.39,0
2024-04-16,00:00,3484.85,3783.12,3131.81,3442.9,0
2024-04-17,00:00,-688.14,-29.95,-1086.71,-552.79,0
2024-04-18,00:00,-1355.56,-762.78,-1821.15,-1273.45,0
2024-04-19,00:00,1290.15,1668.01,1160.16,1382.37,0
2024-04-22,00:00,-4397.49,-3926.6,-4936.5,-4459.92,0
2024-04-23,00:00,-767.47,-705.54,-1238.77,-869.67,0
2024-04-24,00:00,-793.03,-197.07,-1060.69,-724.95,0
2024-04-25,00:00,-1630.05,-1571.14,-2162.03,-1748.88,0
2024-04-26,00:00,4049.75,4449.39,3652.65,4027.49,0
2024-04-29,00:00,664.84,810.12,75.31,517.51,0
2024-04-30,00:00,-2204.03,-1774.03,-2483.24,-2236.08,0
2024-05-01,00:00,-459.96,-258.2,-608.81,-575.79,0
2024-05-02,00:00,-2152.84,-1713.13,-2513.74,-2038.39,0
2024-05-03,00:00,-2998.61,-2774.11,-3283.58,-2950.28,0
2024-05-06,00:00,423.14,699.86,122.23,403.99,0
2024-05-07,00:00,-1138.79,-741.27,-1470.04,-1211.34,0
2024-05-08,00:00,-220.04,70.98,-720.46,-307.6,0
2024-05-09,00:00,1308.12,1692.85,1134.04,1499.71,0
2024-05-10,00:00,119.89,546.57,-470.88,21.9,0
2024-05-13,00:00,61.63,473.44,-292.16,164.47,0
2024-05-14,00:00,2270.17,2908.2,1726.1,2369.04,0
2024-05-15,00:00,1851.0,2166.1,1463.07,1864.44,0
2024-05-16,00:00,659.69,960.92,275.5,590.72,0
2024-05-17,00:00,1944.84,2366.38,1642.26,1903.51,0
2024-05-20,00:00,-1980.56,-1691.51,-2575.2,-2106.01,0
2024-05-21,00:00,-185.73,237.38,-654.32,-201.4,0
2024-05-22,00:00,947.87,1183.02,547.06,1006.35,0
2024-05-23,00:00,2618.92,3297.63,2235.37,2681.85,0
2024-05-24,00:00,-507.25,68.61,-1159.74,-439.74,0
2024-05-27,00:00,1850.44,2238.82,1555.75,1903.83,0
2024-05-28,00:00,-743.16,-504.62,-1272.88,-771.02,0
2024-05-29,00:00,-1430.06,-1016.65,-1655.9,-1326.66,0
2024-05-30,00:00,-2040.56,-1298.48,-2342.38,-1842.69,0
2024-05-31,00:00,2228.99,2552.57,1621.24,2135.16,0
2024-06-03,00:00,-1393.85,-922.0,-1523.35,-1313.98,0
2024-06-04,00:00,2156.44,2533.26,1667.09,2236.68,0
2024-06-05,00:00,-3054.43,-2603.47,-3230.6,-3010.73,0
2024-06-06,00:00,1451.54,1929.15,984.24,1452.62,0
2024-06-07,00:00,139.72,405.22,-284.16,5.02,0
2024-06-10,00:00,521.96,937.03,170.75,592.65,0
2024-06-11,00:00,-4612.82,-4159.2,-5157.99,-4696.31,0
2024-06-12,00:00,3499.45,3936.39,3037.74,3504.23,0
2024-06-13,00:00,414.08,620.15,-6.71,301.6,0
2024-06-14,00:00,1813.83,2258.64,1351.5,1840.22,0
2024-06-17,00:00,-258.91,103.25,-833.68,-369.69,0
2024-06-18,00:00,2237.31,2796.9,1967.61,2327.45,0
2024-06-19,00:00,1317.29,1897.59,844.84,1312.29,0
2024-06-20,00:00,-2468.66,-2119.59,-3018.37,-2594.31,0
2024-06-21,00:00,-892.3,-354.83,-1300.73,-848.48,0
2024-06-24,00:00,-453.44,79.39,-734.13,-415.26,0
2024-06-25,00:00,-2665.25,-2168.86,-3025.97,-2533.52,0
2024-06-26,00:00,-4214.98,-3772.73,-4815.9,-4265.21,0
2024-06-27,00:00,560.44,854.37,49.66,520.12,0
2024-06-28,00:00,1571.33,2105.42,903.01,1521.62,0
2024-07-01,00:00,-517.42,-250.46,-858.35,-552.32,0
2024-07-02,00:00,-619.58,-175.95,-1237.63,-713.14,0
2024-07-03,00:00,-744.25,-228.24,-1304.67,-758.64,0
2024-07-04,00:00,1528.01,2029.41,972.97,1506.51,0
2024-07-05,00:00,-264.86,22.23,-690.05,-294.05,0
2024-07-08,00:00,-2361.47,-1915.92,-2730.12,-2364.71,0
2024-07-09,00:00,-2699.98,-2206.08,-3055.61,-2544.78,0
2024-07-10,00:00,-252.78,183.55,-751.63,-328.19,0
2024-07-11,00:00,-2047.83,-1715.45,-2378.25,-1985.2,0
2024-07-12,00:00,-1820.13,-1440.85,-2276.49,-1838.57,0
2024-07-15,00:00,1580.96,1870.09,1260.57,1601.59,0
2024-07-16,00:00,-336.3,5.94,-846.24,-420.31,0
2024-07-17,00:00,210.09,691.11,124.34,365.75,0
2024-07-18,00:00,693.78,1101.56,422.58,830.3,0
2024-07-19,00:00,729.9,1165.88,-65.93,582.91,0
2024-07-22,00:00,-2709.5,-2529.88,-2876.98,-2750.68,0
2024-07-23,00:00,-880.59,-394.41,-1488.42,-871.22,0
2024-07-24,00:00,-211.81,332.33,-464.53,-1.63,0
2024-07-25,00:00,755.71,1202.92,398.33,742.34,0
2024-07-26,00:00,2123.8,2646.79,1789.09,2122.45,0
2024-07-29,00:00,2434.61,2809.14,1933.31,2368.73,0
2024-07-30,00:00,24.43,245.08,-152.89,117.53,0
2024-07-31,00:00,2143.3,2469.35,1820.54,2200.08,0
2024-08-01,00:00,-934.14,-488.8,-1463.83,-877.76,0
2024-08-02,00:00,2216.85,2653.01,1751.31,2191.41,0
2024-08-05,00:00,-1598.39,-1228.32,-2141.19,-1594.68,0
2024-08-06,00:00,-2971.17,-2674.52,-3548.81,-3033.49,0
2024-08-07,00:00,-2434.29,-1825.14,-2980.15,-2405.81,0
2024-08-08,00:00,-26.61,389.13,-710.94,-120.32,0
2024-08-09,00:00,-1937.26,-1617.06,-2073.56,-1908.98,0
2024-08-12,00:00,1091.56,1503.24,529.12,1121.89,0
2024-08-13,00:00,3070.06,3603.33,2591.04,3058.51,0
2024-08-14,00:00,-1381.23,-1148.76,-1810.92,-1491.77,0
2024-08-15,00:00,699.44,1176.61,163.01,605.1,0
2024-08-16,00:00,392.25,758.29,-158.45,441.76,0
2024-08-19,00:00,1201.14,1586.17,549.38,1098.1,0
2024-08-20,00:00,487.43,949.72,-84.84,522.07,0
2024-08-21,00:00,-2592.79,-2047.37,-2626.46,-2468.91,0
2024-08-22,00:00,-1004.15,-454.45,-1540.67,-990.71,0
2024-08-23,00:00,369.11,926.99,6.55,477.16,0
2024-08-26,00:00,-325.7,201.19,-630.89,-333.88,0
2024-08-27,00:00,1432.3,2093.2,1100.7,1521.51,0
2024-08-28,00:00,-430.46,-270.77,-683.57,-433.07,0
2024-08-29,00:00,430.08,938.38,182.58,547.25,0
2024-08-30,00:00,-1334.93,-1037.57,-1835.37,-1306.77,0
2024-09-02,00:00,-1687.99,-1180.62,-2058.27,-1529.49,0
2024-09-03,00:00,-1269.75,-855.42,-1793.69,-1303.02,0
2024-09-04,00:00,-482.22,-329.89,-1078.11,-730.65,0
2024-09-05,00:00,1173.98,1886.62,945.83,1414.6,0
2024-09-06,00:00,-3545.88,-3122.19,-4057.54,-3582.53,0
2024-09-09,00:00,-2027.15,-1647.09,-2608.36,-2106.35,0
2024-09-10,00:00,-507.52,-228.82,-639.43,-414.91,0
2024-09-11,00:00,1996.15,2293.36,1648.84,1962.74,0
2024-09-12,00:00,1673.75,2137.5,1232.8,1682.28,0
2024-09-13,00:00,-1081.94,-655.41,-1370.96,-1050.83,0
2024-09-16,00:00,1063.53,1702.99,805.65,1186.68,0
2024-09-17,00:00,627.23,910.41,181.84,606.93,0
2024-09-18,00:00,-1535.8,-1081.11,-2099.73,-1581.47,0
2024-09-19,00:00,3980.98,4272.97,3401.29,3813.93,0
2024-09-20,00:00,-302.51,355.72,-624.76,-295.98,0
2024-09-23,00:00,2338.49,2695.82,1846.58,2320.62,0
2024-09-24,00:00,-542.58,24.37,-895.17,-462.22,0
2024-09-25,00:00,304.22,738.15,-121.68,241.06,0
2024-09-26,00:00,-1662.64,-1354.81,-2100.56,-1706.82,0
2024-09-27,00:00,-326.51,44.97,-907.0,-380.37,0
2024-09-30,00:00,271.33,451.77,-160.72,172.19,0
2024-10-01,00:00,-2498.73,-1963.76,-3025.18,-2457.93,0
2024-10-02,00:00,3287.91,3745.97,2821.16,3290.14,0
2024-10-03,00:00,1585.43,1781.92,1294.05,1539.73,0
2024-10-04,00:00,1243.73,1757.28,919.85,1286.61,0
2024-10-07,00:00,2964.6,3187.54,2407.63,2823.87,0
2024-10-08,00:00,2069.0,2480.67,1674.51,2057.97,0
2024-10-09,00:00,-230.18,-4.68,-649.91,-343.2,0
2024-10-10,00:00,-3037.61,-2740.22,-3351.6,-3096.14,0
2024-10-11,00:00,1512.61,1992.47,1126.21,1551.09,0
2024-10-14,00:00,810.51,1193.29,269.4,819.66,0
2024-10-15,00:00,-1915.07,-1357.24,-2073.39,-1842.83,0
2024-10-16,00:00,132.26,551.57,-550.65,65.73,0
2024-10-17,00:00,-340.32,-79.17,-923.01,-431.08,0
2024-10-18,00:00,880.9,1006.02,693.3,822.37,0
2024-10-21,00:00,2587.96,3115.57,1978.78,2581.5,0
2024-10-22,00:00,337.13,457.86,-81.44,222.25,0
2024-10-23,00:00,-504.55,-248.91,-1012.82,-642.28,0
2024-10-24,00:00,1685.67,2319.49,1207.34,1734.22,0
2024-10-25,00:00,3552.37,4081.08,3408.67,3738.54,0
2024-10-28,00:00,1167.87,1546.79,752.36,1212.73,0
2024-10-29,00:00,555.6,948.81,-100.88,383.42,0
2024-10-30,00:00,300.16,914.02,-179.38,279.26,0
2024-10-31,00:00,-525.49,116.12,-1106.28,-440.44,0
2024-11-01,00:00,-1498.49,-973.83,-2273.33,-1450.19,0
2024-11-04,00:00,414.09,556.5,-37.99,309.61,0
2024-11-05,00:00,-2086.71,-1513.21,-2465.92,-2186.91,0
2024-11-06,00:00,2446.1,2792.55,1938.64,2433.77,0
2024-11-07,00:00,32.12,339.14,-326.43,-55.13,0
2024-11-08,00:00,948.74,1524.0,567.75,1034.21,0
2024-11-11,00:00,755.23,1292.1,306.67,790.01,0
2024-11-12,00:00,1290.08,1525.73,938.11,1243.69,0
2024-11-13,00:00,214.38,804.73,-151.89,340.79,0
2024-11-14,00:00,-2764.71,-2430.28,-3296.36,-2753.43,0
2024-11-15,00:00,4100.05,4485.09,3694.76,4141.04,0
2024-11-18,00:00,1039.83,1484.11,550.6,1049.43,0
2024-11-19,00:00,-1922.15,-1600.07,-2305.05,-1999.15,0
2024-11-20,00:00,1983.68,2448.05,1695.87,2115.49,0
2024-11-21,00:00,2545.2,2749.37,2006.14,2571.7,0
2024-11-22,00:00,-370.04,85.87,-856.36,-372.33,0
2024-11-25,00:00,2067.18,2554.18,1751.5,2079.12,0
2024-11-26,00:00,1268.79,2070.23,1022.39,1384.72,0
2024-11-27,00:00,-1244.31,-706.8,-1762.6,-1322.6,0
2024-11-28,00:00,815.28,1019.74,642.14,884.47,0
2024-11-29,00:00,732.93,884.47,541.94,700.82,0
2024-12-02,00:00,867.51,1469.86,529.14,1008.11,0
2024-12-03,00:00,2693.63,3110.1,2256.9,2741.05,0
2024-12-04,00:00,-320.46,151.73,-917.23,-317.08,0
2024-12-05,00:00,-1023.41,-774.81,-1592.89,-1135.91,0
2024-12-06,00:00,1320.34,1639.3,1059.57,1399.3,0
2024-12-09,00:00,123.43,756.07,-580.91,105.82,0
2024-12-10,00:00,1450.82,2093.78,983.93,1534.26,0
2024-12-11,00:00,2768.87,3163.85,2446.32,2698.73,0
2024-12-12,00:00,-677.75,-279.04,-969.0,-696.51,0
2024-12-13,00:00,-302.06,-34.69,-837.1,-266.08,0
2024-12-16,00:00,317.34,814.09,-149.39,372.21,0
2024-12-17,00:00,-2372.48,-1945.65,-2723.06,-2359.24,0
2024-12-18,00:00,2772.86,3024.99,2362.9,2743.39,0
2024-12-19,00:00,485.02,732.79,189.15,453.12,0
2024-12-20,00:00,422.26,768.83,18.23,500.88,0
2024-12-23,00:00,-503.67,-41.3,-699.63,-489.0,0
2024-12-24,00:00,-836.99,-510.27,-1008.75,-792.66,0
2024-12-25,00:00,-90.09,291.53,-319.9,-32.03,0
2024-12-26,00:00,1373.01,1875.4,940.1,1440.94,0
2024-12-27,00:00,2045.12,2341.84,1532.91,2003.86,0
2024-12-30,00:00,-1161.85,-608.6,-1599.4,-1024.12,0
2024-12-31,00:00,2485.76,2732.63,1897.31,2334.86,0
2025-01-01,00:00,-2751.12,-2231.41,-3063.38,-2678.05,0
2025-01-02,00:00,-3905.45,-3497.48,-4209.58,-3899.75,0
2025-01-03,00:00,41.43,542.04,-127.36,181.09,0
2025-01-06,00:00,-36.04,367.04,-329.72,52.93,0
2025-01-07,00:00,944.2,1396.26,752.97,1038.61,0
2025-01-08,00:00,-3109.24,-2678.75,-3723.74,-3083.29,0
2025-01-09,00:00,2768.42,3106.63,2221.04,2730.66,0
2025-01-10,00:00,-7394.06,-7082.49,-7808.26,-7469.47,0
2025-01-13,00:00,-2697.7,-2342.17,-3100.01,-2729.79,0
2025-01-14,00:00,-1938.97,-1656.61,-1940.03,-1900.34,0
2025-01-15,00:00,-3316.99,-2845.8,-3731.95,-3326.86,0
2025-01-16,00:00,-2790.42,-2371.79,-3435.93,-2919.88,0
2025-01-17,00:00,3923.87,4420.41,3503.41,3904.46,0
2025-01-20,00:00,2441.68,2772.52,1841.65,2354.77,0
2025-01-21,00:00,1212.68,1494.03,740.25,1040.23,0
2025-01-22,00:00,-90.65,145.43,-271.93,-109.63,0
2025-01-23,00:00,-2139.33,-1518.26,-2572.51,-1974.36,0
2025-01-24,00:00,2572.07,2900.34,2368.39,2586.27,0
2025-01-27,00:00,-576.45,-250.15,-750.64,-496.14,0
2025-01-28,00:00,-5020.95,-4832.41,-5643.78,-5173.74,0
2025-01-29,00:00,-2171.99,-1625.46,-2547.35,-2175.03,0
2025-01-30,00:00,-2837.8,-2380.9,-3367.44,-2849.08,0
2025-01-31,00:00,-1156.57,-698.77,-1284.71,-1077.7,0
2025-02-03,00:00,-2442.75,-1899.59,-2964.0,-2520.55,0
2025-02-04,00:00,-1535.91,-1212.87,-1942.83,-1610.76,0
2025-02-05,00:00,647.75,1106.6,-62.22,547.61,0
2025-02-06,00:00,1575.38,2301.64,1249.48,1794.35,0
2025-02-07,00:00,-6963.18,-6656.35,-7485.03,-7056.01,0
2025-02-10,00:00,-4854.96,-4462.31,-5156.55,-4847.66,0
2025-02-11,00:00,-3744.59,-3215.78,-3999.62,-3695.63,0
2025-02-12,00:00,-4471.89,-4146.28,-4951.52,-4535.93,0
2025-02-13,00:00,-5668.07,-5238.71,-6082.9,-5625.19,0
2025-02-14,00:00,-2320.54,-1796.58,-2807.6,-2230.4,0
2025-02-17,00:00,-3437.28,-2955.1,-4013.5,-3369.84,0
2025-02-18,00:00,-687.92,-154.67,-1201.2,-648.14,0
2025-02-19,00:00,2967.1,3287.74,2489.77,2936.07,0
2025-02-20,00:00,-5035.43,-4682.22,-5378.99,-5022.79,0
2025-02-21,00:00,-3826.64,-3537.55,-4263.28,-3879.87,0
2025-02-24,00:00,204.06,720.69,-262.23,181.41,0
2025-02-25,00:00,-4766.75,-4307.28,-5329.57,-4869.47,0
2025-02-26,00:00,-2846.78,-2323.87,-3269.53,-2800.05,0
2025-02-27,00:00,-3280.75,-2994.47,-3825.94,-3399.12,0
2025-02-28,00:00,2445.79,2777.39,1988.4,2416.06,0
2025-03-03,00:00,-899.97,-409.19,-1188.9,-853.08,0
2025-03-04,00:00,-174.23,311.55,-726.53,-177.55,0
2025-03-05,00:00,-1865.43,-1460.4,-2086.67,-1816.55,0
2025-03-06,00:00,-4898.67,-4370.25,-5352.56,-4903.05,0
2025-03-07,00:00,3813.67,4258.87,3411.16,3811.42,0
2025-03-10,00:00,-2646.05,-2195.18,-3044.99,-2650.02,0
2025-03-11,00:00,-2125.51,-1598.37,-2812.83,-2133.83,0
2025-03-12,00:00,-4492.46,-3888.58,-5065.61,-4467.96,0
2025-03-13,00:00,-949.28,-352.76,-1280.86,-896.54,0
2025-03-14,00:00,301.88,512.08,193.98,356.66,0
2025-03-17,00:00,-1324.74,-956.83,-1754.56,-1407.09,0
2025-03-18,00:00,-4754.58,-4314.94,-5057.82,-4736.11,0
2025-03-19,00:00,-2456.78,-2210.23,-2654.62,-2445.28,0
2025-03-20,00:00,-868.67,-542.16,-1252.78,-865.44,0
2025-03-21,00:00,733.49,1106.87,202.71,791.54,0
2025-03-24,00:00,-301.83,350.22,-749.57,-240.88,0
2025-03-25,00:00,27.62,507.23,-258.53,73.06,0
2025-03-26,00:00,-605.1,-157.5,-1083.15,-557.18,0
2025-03-27,00:00,-1873.84,-1517.6,-2129.2,-1777.16,0
2025-03-28,00:00,-2620.58,-2016.82,-2904.45,-2509.62,0
2025-03-31,00:00,1531.28,2128.66,1156.01,1539.62,0
2025-04-01,00:00,114.46,768.07,-300.87,211.62,0
2025-04-02,00:00,-2535.45,-2113.25,-2844.97,-2485.0,0
2025-04-03,00:00,-669.37,-283.82,-1390.56,-701.15,0
2025-04-04,00:00,-998.47,-266.29,-1294.15,-758.6,0
2025-04-07,00:00,-443.24,-323.11,-482.79,-390.17,0
2025-04-08,00:00,-4847.88,-4181.71,-5267.1,-4862.94,0
2025-04-09,00:00,-43.86,543.96,-450.39,29.5,0
2025-04-10,00:00,665.34,1144.87,173.76,691.22,0
2025-04-11,00:00,-3593.26,-3422.11,-3854.88,-3607.03,0
2025-04-14,00:00,906.95,1355.98,514.85,771.54,0
2025-04-15,00:00,60.06,328.14,-417.54,24.25,0
2025-04-16,00:00,-2282.63,-1815.45,-2790.24,-2300.32,0
2025-04-17,00:00,-1569.14,-1191.45,-1980.77,-1542.61,0
2025-04-18,00:00,-4619.51,-4404.16,-4859.11,-4613.21,0
2025-04-21,00:00,-2905.42,-2477.12,-3316.36,-2859.85,0
2025-04-22,00:00,-4962.17,-4290.77,-5458.13,-4811.38,0
2025-04-23,00:00,-3424.15,-3334.11,-3788.7,-3643.58,0
2025-04-24,00:00,-912.44,-467.0,-1291.34,-959.45,0
2025-04-25,00:00,-7863.59,-7124.19,-8185.36,-7645.99,0
2025-04-28,00:00,-1249.83,-708.57,-1538.28,-1161.63,0
2025-04-29,00:00,-5412.51,-4867.07,-5728.84,-5303.41,0
2025-04-30,00:00,-1696.9,-1436.37,-2238.14,-1725.19,0
2025-05-01,00:00,-1142.52,-690.74,-1654.84,-1246.16,0
2025-05-02,00:00,-4213.93,-3917.89,-4537.71,-4190.35,0
2025-05-05,00:00,2635.62,3201.84,2289.89,2743.2,0
2025-05-06,00:00,-874.6,-324.33,-1225.31,-793.6,0
2025-05-07,00:00,1704.67,2069.34,1362.7,1692.31,0
2025-05-08,00:00,-1182.87,-789.21,-1579.05,-1131.43,0
2025-05-09,00:00,-3615.98,-3177.84,-3828.28,-3599.25,0
2025-05-12,00:00,5217.84,5399.05,4778.94,5102.68,0
2025-05-13,00:00,2398.15,2931.91,2031.78,2461.94,0
2025-05-14,00:00,-2636.76,-2195.04,-3093.22,-2671.95,0
2025-05-15,00:00,-4401.92,-4012.75,-4857.26,-4423.78,0
2025-05-16,00:00,-1256.12,-775.98,-1653.72,-1239.16,0
2025-05-19,00:00,265.29,910.3,-226.21,364.18,0
2025-05-20,00:00,-3604.85,-3145.17,-4181.54,-3675.36,0
2025-05-21,00:00,-1415.8,-943.82,-1612.64,-1350.84,0
2025-05-22,00:00,-4838.48,-4514.19,-5397.85,-4914.46,0
2025-05-23,00:00,-3801.25,-3267.88,-4199.62,-3805.81,0
2025-05-26,00:00,-622.46,-233.0,-1050.07,-618.87,0
2025-05-27,00:00,2511.43,2943.04,2096.51,2459.88,0
2025-05-28,00:00,-1243.21,-1182.07,-1559.26,-1383.09,0
2025-05-29,00:00,-1663.95,-1064.69,-1832.01,-1593.77,0
2025-05-30,00:00,-1336.18,-1087.6,-1559.64,-1317.06,0
2025-06-02,00:00,-5005.67,-4778.91,-5570.88,-5103.36,0
2025-06-03,00:00,218.1,649.22,85.39,309.9,0
2025-06-04,00:00,4587.54,5035.75,4330.01,4656.79,0
2025-06-05,00:00,1096.39,1458.09,710.55,1068.29,0
2025-06-06,00:00,1130.52,1543.1,650.33,1089.7,0
2025-06-09,00:00,1388.43,2089.73,1023.79,1530.63,0
2025-06-10,00:00,-1343.4,-1008.98,-1536.2,-1240.22,0
2025-06-11,00:00,1909.0,2517.71,1396.22,1879.15,0
2025-06-12,00:00,-4790.13,-4242.13,-5183.6,-4727.21,0
2025-06-13,00:00,1149.23,1266.52,802.93,1026.99,0
2025-06-16,00:00,-3323.76,-2840.66,-3700.73,-3254.61,0
2025-06-17,00:00,-2213.64,-1608.86,-2592.76,-2202.59,0
2025-06-18,00:00,-574.52,-329.24,-872.62,-640.25,0
2025-06-19,00:00,-4958.19,-4370.64,-5336.32,-4874.13,0
2025-06-20,00:00,-1329.99,-999.58,-1758.63,-1340.62,0
2025-06-23,00:00,135.25,913.33,-379.8,169.68,0
2025-06-24,00:00,5911.96,6276.5,5423.05,5884.34,0
2025-06-25,00:00,1690.51,1997.07,1331.96,1693.23,0
2025-06-26,00:00,2194.07,2738.29,1874.36,2391.82,0
2025-06-27,00:00,-4171.41,-3772.9,-4468.61,-4129.42,0
2025-06-30,00:00,-1314.13,-886.25,-1956.83,-1435.33,0
2025-07-01,00:00,-3059.78,-2525.1,-3336.08,-2988.62,0
2025-07-02,00:00,-2446.6,-1975.54,-2797.02,-2350.78,0
2025-07-03,00:00,2086.36,2690.93,1630.45,2149.63,0
2025-07-04,00:00,-1495.78,-1256.04,-1641.23,-1407.34,0
2025-07-07,00:00,-3068.01,-2860.55,-3644.39,-3250.13,0
2025-07-08,00:00,1405.06,1793.79,856.19,1471.31,0
2025-07-09,00:00,-271.22,148.21,-603.16,-295.48,0
2025-07-10,00:00,-5147.06,-4676.78,-5682.35,-5199.48,0
2025-07-11,00:00,5456.85,5723.11,5020.87,5288.27,0
2025-07-14,00:00,-5179.42,-4668.72,-5744.58,-5255.21,0
2025-07-15,00:00,-7010.19,-6389.61,-7149.47,-6897.01,0
2025-07-16,00:00,-6245.55,-5994.79,-6593.58,-6279.81,0
2025-07-17,00:00,-592.85,-62.01,-1040.65,-570.18,0
2025-07-18,00:00,2453.52,2908.93,2103.63,2543.39,0
2025-07-21,00:00,-5869.06,-5478.62,-6014.77,-5831.66,0
2025-07-22,00:00,2310.55,2801.27,2042.41,2402.19,0
2025-07-23,00:00,-318.35,-63.82,-505.81,-418.68,0
2025-07-24,00:00,-1012.35,-635.66,-1493.57,-945.95,0
2025-07-25,00:00,939.07,1281.63,433.04,913.42,0
2025-07-28,00:00,-1845.89,-1386.64,-2239.73,-1780.48,0
2025-07-29,00:00,-1961.81,-1741.76,-2495.85,-2012.63,0
2025-07-30,00:00,-730.28,-111.41,-952.72,-528.37,0
2025-07-31,00:00,-3696.93,-3312.99,-4078.19,-3584.24,0
2025-08-01,00:00,1630.51,1931.33,1306.95,1539.35,0
2025-08-04,00:00,1437.5,1906.97,957.87,1408.76,0
2025-08-05,00:00,2904.5,3470.7,2379.41,2824.86,0
2025-08-06,00:00,2306.3,2699.11,2093.98,2337.32,0
2025-08-07,00:00,-7583.28,-7378.24,-8041.0,-7707.15,0
2025-08-08,00:00,-1582.5,-1162.23,-2047.34,-1520.62,0
2025-08-11,00:00,-4073.74,-3620.38,-4736.41,-4144.43,0
2025-08-12,00:00,-4426.6,-4280.19,-4642.65,-4404.56,0
2025-08-13,00:00,-2186.19,-1960.67,-2569.54,-2331.27,0
2025-08-14,00:00,-2634.23,-2290.06,-3359.23,-2762.14,0
2025-08-15,00:00,-4319.52,-4060.64,-4488.02,-4200.26,0
2025-08-18,00:00,-200.09,103.86,-542.98,-230.69,0
2025-08-19,00:00,-4762.07,-4739.41,-5137.32,-4828.28,0
2025-08-20,00:00,-2907.59,-2353.5,-3388.16,-2934.17,0
2025-08-21,00:00,-2101.47,-1711.48,-2180.01,-1873.63,0
2025-08-22,00:00,2886.81,3255.13,2647.64,2943.45,0
2025-08-25,00:00,2013.87,2172.42,1353.31,1876.89,0
2025-08-26,00:00,623.76,1033.08,33.66,663.1,0
2025-08-27,00:00,-83.27,114.26,-793.33,-293.31,0
2025-08-28,00:00,-2560.72,-1957.87,-2895.02,-2470.47,0
2025-08-29,00:00,-4895.03,-4421.83,-5303.21,-4869.89,0
2025-09-01,00:00,3144.73,3714.76,2665.03,3290.47,0
2025-09-02,00:00,-294.91,6.05,-891.29,-405.83,0
2025-09-03,00:00,2058.05,2505.64,1671.36,2037.04,0
2025-09-04,00:00,-342.97,-25.11,-685.05,-344.38,0
2025-09-05,00:00,-955.02,-571.18,-1381.9,-940.48,0
2025-09-08,00:00,2693.25,3165.68,2285.36,2670.2,0
2025-09-09,00:00,1042.95,1491.42,608.54,1069.41,0
2025-09-10,00:00,-781.98,-136.86,-1117.95,-818.25,0
2025-09-11,00:00,-1732.97,-1381.37,-2178.61,-1773.08,0
2025-09-12,00:00,-2491.67,-1984.88,-2941.0,-2410.14,0
2025-09-15,00:00,638.65,934.76,3.32,508.48,0
2025-09-16,00:00,-3894.71,-3541.93,-4329.25,-3805.11,0
2025-09-17,00:00,-1133.86,-578.79,-1544.74,-1088.37,0
2025-09-18,00:00,862.78,1241.72,295.13,860.11,0
2025-09-19,00:00,-1001.03,-618.83,-1238.7,-948.11,0
2025-09-22,00:00,-5288.21,-4922.11,-5660.21,-5256.84,0
2025-09-23,00:00,-3152.03,-2703.21,-3607.98,-3146.6,0
2025-09-24,00:00,-1502.8,-1317.79,-1928.79,-1509.27,0
2025-09-25,00:00,-3551.13,-2973.79,-4079.86,-3548.53,0
2025-09-26,00:00,-1301.41,-1160.76,-1887.29,-1497.84,0
2025-09-29,00:00,-413.86,114.44,-1094.45,-365.23,0
2025-09-30,00:00,-4891.58,-4394.82,-5529.77,-4899.42,0
2025-10-01,00:00,2428.29,2691.02,1992.07,2401.98,0
2025-10-02,00:00,-65.05,232.62,-654.82,-177.15,0
2025-10-03,00:00,-7755.21,-7416.04,-8080.21,-7725.38,0
2025-10-06,00:00,3908.94,4385.93,3489.72,3947.4,0
2025-10-07,00:00,-965.93,-622.14,-1176.79,-788.23,0
2025-10-08,00:00,-50.24,307.12,-677.24,-298.17,0
2025-10-09,00:00,-1848.26,-1368.5,-2295.0,-1852.18,0
2025-10-10,00:00,-1416.46,-868.21,-1723.25,-1386.95,0
2025-10-13,00:00,-106.75,525.04,-713.8,-160.77,0
2025-10-14,00:00,1745.3,1985.54,1115.39,1642.05,0
2025-10-15,00:00,-1227.64,-728.13,-1720.94,-1214.17,0
2025-10-16,00:00,-7511.31,-6807.73,-8016.77,-7344.66,0
2025-10-17,00:00,-976.0,-491.05,-1009.62,-817.05,0
2025-10-20,00:00,-1732.38,-1263.52,-1975.79,-1658.87,0
2025-10-21,00:00,4236.46,4660.54,3760.13,4234.96,0
2025-10-22,00:00,3536.63,3987.39,2994.12,3557.16,0
2025-10-23,00:00,3425.31,3826.26,2707.3,3236.42,0
2025-10-24,00:00,-9540.26,-8877.98,-10120.38,-9494.61,0
2025-10-27,00:00,4214.93,4561.74,3738.86,4237.36,0
2025-10-28,00:00,-50.77,459.03,-249.22,64.13,0
2025-10-29,00:00,-5145.03,-4600.14,-5729.19,-5123.66,0
2025-10-30,00:00,-283.53,-44.86,-717.48,-466.76,0
2025-10-31,00:00,-3911.82,-3657.54,-4293.2,-3942.31,0
2025-11-03,00:00,-5753.19,-5289.49,-6098.79,-5709.81,0
2025-11-04,00:00,-3733.24,-3395.92,-3998.09,-3683.52,0
2025-11-05,00:00,2902.93,3123.11,2532.08,2799.43,0
2025-11-06,00:00,-3883.55,-3366.97,-4203.72,-3872.57,0
2025-11-07,00:00,-3815.63,-3174.14,-4348.26,-3859.73,0
2025-11-10,00:00,-7555.33,-6831.94,-7847.28,-7347.88,0
2025-11-11,00:00,-6293.14,-5845.94,-6746.23,-6343.83,0
2025-11-12,00:00,-2491.61,-1845.96,-2853.15,-2353.34,0
2025-11-13,00:00,-3701.4,-3272.38,-4064.64,-3718.67,0
2025-11-14,00:00,-5837.86,-5210.4,-6470.52,-5869.74,0
2025-11-17,00:00,-992.05,-394.54,-1531.95,-922.08,0
2025-11-18,00:00,-3962.27,-3565.72,-4310.5,-4070.31,0
2025-11-19,00:00,-4851.8,-4486.74,-5392.13,-4885.02,0
2025-11-20,00:00,1947.48,2252.57,1844.76,2044.25,0
2025-11-21,00:00,-1290.84,-1092.58,-1866.41,-1466.4,0
2025-11-24,00:00,433.55,729.77,235.31,466.97,0
2025-11-25,00:00,-1206.08,-1132.31,-1591.15,-1287.22,0
2025-11-26,00:00,1549.06,1795.74,1221.91,1528.93,0
2025-11-27,00:00,-4960.57,-4627.72,-5501.21,-5030.42,0
2025-11-28,00:00,2248.5,2652.02,1566.23,2154.48,0
2025-12-01,00:00,-2790.26,-2241.21,-3362.8,-2800.7,0
2025-12-02,00:00,1853.79,2212.14,1565.61,1929.29,0
2025-12-03,00:00,-4746.43,-4260.99,-5230.68,-4687.69,0
2025-12-04,00:00,-2251.22,-1848.22,-2622.69,-2226.48,0
2025-12-05,00:00,-2578.56,-2494.34,-3004.45,-2620.73,0
2025-12-08,00:00,3400.63,3981.5,2987.42,3448.89,0
2025-12-09,00:00,1801.74,2204.59,1375.59,1926.82,0
2025-12-10,00:00,215.65,443.75,-195.17,183.64,0
2025-12-11,00:00,287.55,708.8,53.77,362.14,0
2025-12-12,00:00,-1011.56,-588.3,-1470.73,-977.81,0
2025-12-15,00:00,-115.17,185.6,-473.22,-119.49,0
2025-12-16,00:00,-2924.77,-2772.65,-3156.24,-2960.58,0
2025-12-17,00:00,-938.84,-434.03,-1200.79,-915.53,0
2025-12-18,00:00,-1830.49,-1480.54,-2339.51,-1814.03,0
2025-12-19,00:00,-6164.95,-5736.88,-6530.13,-6139.11,0
2025-12-22,00:00,-6047.89,-5519.33,-6446.97,-5954.12,0
2025-12-23,00:00,-657.78,-420.38,-1037.09,-732.19,0
2025-12-24,00:00,1254.91,1457.48,772.08,1208.28,0
2025-12-25,00:00,1536.77,2010.79,1383.68,1723.15,0
2025-12-26,00:00,194.47,641.7,-305.66,211.36,0
2025-12-29,00:00,-1015.11,-412.29,-1643.26,-1028.44,0
2025-12-30,00:00,-1545.27,-1132.9,-1869.73,-1551.46,0
2025-12-31,00:00,-1361.42,-902.32,-1640.43,-1272.49,0
2026-01-01,00:00,-5482.2,-5072.65,-6031.92,-5589.1,0
2026-01-02,00:00,3939.06,4414.7,3515.8,4065.06,0
2026-01-05,00:00,3276.2,3762.84,2971.77,3285.28,0
2026-01-06,00:00,-1002.69,-530.36,-1357.6,-1001.56,0
2026-01-07,00:00,-4954.54,-4304.04,-5485.67,-4859.5,0
2026-01-08,00:00,-3657.76,-2938.54,-4067.41,-3576.53,0
2026-01-09,00:00,-5580.05,-4799.21,-5970.45,-5371.54,0
2026-01-12,00:00,-6651.68,-6212.03,-7186.72,-6639.9,0
2026-01-13,00:00,-2887.21,-2675.42,-3232.07,-2944.16,0
2026-01-14,00:00,-4393.93,-3971.59,-4773.34,-4471.26,0
2026-01-15,00:00,-1986.59,-1398.13,-2467.78,-1918.8,0
2026-01-16,00:00,4781.7,5178.56,4365.11,4787.96,0
2026-01-19,00:00,-749.37,-623.02,-1162.54,-814.46,0
2026-01-20,00:00,1420.86,1978.75,774.8,1390.19,0
2026-01-21,00:00,3531.61,3993.9,3183.3,3493.74,0
2026-01-22,00:00,3957.17,4448.18,3512.87,3949.82,0
2026-01-23,00:00,-1442.58,-1077.31,-1789.78,-1412.2,0
2026-01-26,00:00,-3514.52,-3287.38,-3528.38,-3488.25,0
2026-01-27,00:00,-729.04,-323.88,-1196.05,-763.33,0
2026-01-28,00:00,-64.65,437.39,-302.0,48.94,0
2026-01-29,00:00,298.3,764.03,-299.48,270.81,0
2026-01-30,00:00,-290.61,-35.32,-623.33,-331.39,0
2026-02-02,00:00,2107.65,2685.1,1588.66,2036.46,0
2026-02-03,00:00,-4085.93,-3470.16,-4477.13,-3974.23,0
2026-02-04,00:00,-2576.08,-2017.07,-3089.97,-2574.4,0
2026-02-05,00:00,-4370.01,-3819.78,-4728.21,-4285.86,0
2026-02-06,00:00,3471.14,3882.72,3039.42,3434.44,0
2026-02-09,00:00,-1251.94,-1091.49,-1631.43,-1287.35,0
2026-02-10,00:00,746.08,1108.81,80.27,602.98,0
2026-02-11,00:00,-3399.73,-2930.26,-3888.44,-3403.12,0
2026-02-12,00:00,-6874.67,-6452.34,-7231.77,-6857.64,0
2026-02-13,00:00,-3878.35,-3435.68,-4400.93,-3864.1,0
2026-02-16,00:00,795.54,1311.68,612.09,929.41,0
2026-02-17,00:00,-5862.56,-5658.45,-6566.49,-6174.42,0
2026-02-18,00:00,-4702.33,-4153.64,-5220.24,-4763.16,0
2026-02-19,00:00,-2983.99,-2636.7,-3549.2,-3058.32,0
2026-02-20,00:00,-5421.27,-4896.95,-5732.29,-5282.14,0
2026-02-23,00:00,-224.92,98.25,-658.23,-284.03,0
2026-02-24,00:00,-2187.65,-1825.87,-2689.33,-2275.84,0
2026-02-25,00:00,648.15,1208.47,149.51,694.16,0
2026-02-26,00:00,-140.6,213.83,-718.41,-207.67,0
2026-02-27,00:00,3.21,326.04,-394.69,10.39,0
2026-03-02,00:00,-268.07,131.08,-836.87,-320.36,0
2026-03-03,00:00,4053.57,4252.0,3634.69,3992.07,0
2026-03-04,00:00,-1652.92,-1556.5,-2188.64,-1660.35,0
2026-03-05,00:00,2059.91,2593.14,1876.93,2169.11,0
2026-03-06,00:00,-2499.97,-2039.98,-2773.53,-2368.19,0
2026-03-09,00:00,-1932.33,-1292.01,-2169.0,-1775.3,0
2026-03-10,00:00,-1818.65,-1360.39,-2140.58,-1681.79,0
2026-03-11,00:00,-3856.1,-3199.89,-3909.15,-3702.85,0
2026-03-12,00:00,-4005.99,-3502.74,-4153.51,-3851.62,0
2026-03-13,00:00,-1430.3,-1088.7,-1849.97,-1447.02,0
2026-03-16,00:00,-4910.95,-4823.27,-5166.65,-4888.25,0
2026-03-17,00:00,4569.45,4611.14,4325.62,4509.11,0
2026-03-18,00:00,-3031.51,-2588.84,-3349.88,-3131.48,0
2026-03-19,00:00,-7707.85,-7174.91,-8118.86,-7653.02,0
2026-03-20,00:00,-2732.66,-2259.86,-3142.48,-2674.33,0
2026-03-23,00:00,-1604.33,-1245.93,-1936.86,-1646.91,0
2026-03-24,00:00,-785.41,-369.76,-1195.48,-751.24,0
2026-03-25,00:00,1136.06,1722.84,778.83,1329.81,0
2026-03-26,00:00,-1580.24,-1079.84,-1932.77,-1563.74,0
2026-03-27,00:00,-2382.77,-1978.47,-2874.31,-2459.68,0
2026-03-30,00:00,-1343.98,-954.22,-1848.59,-1457.4,0
2026-03-31,00:00,-10636.26,-10133.39,-11351.48,-10754.24,0
2026-04-01,00:00,-3319.49,-2837.29,-4019.69,-3406.77,0
2026-04-02,00:00,2317.73,2935.02,1947.57,2409.14,0
2026-04-03,00:00,-3944.05,-3442.0,-4408.24,-3906.79,0
2026-04-06,00:00,736.11,1459.54,493.61,943.36,0
2026-04-07,00:00,1417.07,1825.3,1107.76,1489.91,0
2026-04-08,00:00,2396.33,2915.3,1947.6,2512.19,0
2026-04-09,00:00,-2473.62,-2066.44,-2832.33,-2502.95,0
2026-04-10,00:00,-64.92,371.19,-508.5,-85.34,0
2026-04-13,00:00,-417.91,-246.76,-755.47,-418.73,0
2026-04-14,00:00,-1396.46,-824.68,-1873.63,-1330.56,0
2026-04-15,00:00,-2348.12,-2099.76,-2847.14,-2477.0,0
2026-04-16,00:00,-2710.6,-2491.34,-2721.01,-2634.14,0
2026-04-17,00:00,-2956.15,-2638.8,-3611.79,-3080.39,0
2026-04-20,00:00,-6523.03,-6062.87,-6807.53,-6452.51,0
2026-04-21,00:00,-3248.84,-2936.39,-3661.24,-3217.72,0
2026-04-22,00:00,-159.61,102.66,-742.83,-399.02,0
2026-04-23,00:00,4297.34,4783.61,4044.67,4443.9,0
2026-04-24,00:00,-7142.73,-6718.41,-7727.47,-7173.5,0
2026-04-27,00:00,-4144.99,-3446.15,-4305.28,-3968.0,0
2026-04-28,00:00,-3617.01,-3073.57,-3970.51,-3538.33,0
2026-04-29,00:00,2649.82,3258.69,2147.11,2735.16,0
2026-04-30,00:00,-3140.85,-2532.73,-3673.9,-3147.92,0
2026-05-01,00:00,-7536.43,-6920.0,-8121.95,-7483.16,0
2026-05-04,00:00,-2324.8,-2169.42,-2449.44,-2213.61,0
2026-05-05,00:00,576.91,895.4,196.71,545.19,0
2026-05-06,00:00,-4392.43,-4034.56,-4795.22,-4468.31,0
2026-05-07,00:00,3565.39,3874.36,3093.87,3491.7,0
2026-05-08,00:00,-3660.18,-3328.19,-4060.73,-3664.64,0
2026-05-11,00:00,-4160.27,-3815.72,-4714.86,-4346.85,0
2026-05-12,00:00,-377.12,101.04,-755.78,-251.88,0
2026-05-13,00:00,-3568.7,-3150.22,-3829.01,-3487.96,0
2026-05-14,00:00,-4054.69,-3732.41,-4547.39,-4153.34,0
2026-05-15,00:00,-1911.79,-1145.12,-2421.84,-1822.16,0
2026-05-18,00:00,-2027.99,-1808.59,-2399.64,-2098.7,0
2026-05-19,00:00,4674.84,5084.08,4294.68,4670.78,0
2026-05-20,00:00,-812.04,-417.72,-1281.94,-840.83,0
2026-05-21,00:00,1587.88,1918.44,1160.01,1573.8,0
2026-05-22,00:00,-1518.57,-961.78,-1972.05,-1595.49,0
2026-05-25,00:00,-2710.19,-2302.97,-3107.65,-2714.99,0
2026-05-26,00:00,-1018.01,-409.42,-1416.15,-966.94,0
2026-05-27,00:00,-99.76,367.18,-439.09,-178.33,0
2026-05-28,00:00,-5200.67,-4829.47,-5513.62,-5217.49,0
2026-05-29,00:00,-2999.52,-2743.89,-3522.62,-3017.95,0
2026-06-01,00:00,-4964.95,-4386.67,-5387.93,-4921.67,0
2026-06-02,00:00,-1781.87,-1305.91,-2023.76,-1789.3,0
2026-06-03,00:00,-450.93,5.74,-757.7,-397.53,0
2026-06-04,00:00,-10355.26,-9789.87,-11117.49,-10463.84,0
2026-06-05,00:00,57.69,335.1,-649.52,-74.12,0
2026-06-08,00:00,758.42,1277.56,385.67,827.15,0
2026-06-09,00:00,-8888.18,-8430.5,-9472.65,-8918.27,0
2026-06-10,00:00,1094.68,1470.08,782.34,1153.69,0
2026-06-11,00:00,-2354.97,-1933.88,-2818.6,-2395.02,0
2026-06-12,00:00,1265.17,1691.51,990.38,1195.19,0
2026-06-15,00:00,921.38,1328.54,627.77,1022.53,0
2026-06-16,00:00,-4218.16,-3801.55,-4704.47,-4137.19,0
2026-06-17,00:00,-3333.11,-2738.82,-3627.52,-3266.79,0
2026-06-18,00:00,-3506.57,-2829.55,-3927.57,-3517.92,0
2026-06-19,00:00,-1359.4,-665.41,-1631.66,-1236.68,0
2026-06-22,00:00,-3750.56,-3267.96,-4543.77,-3900.43,0
2026-06-23,00:00,-638.73,-158.83,-1111.23,-658.35,0
2026-06-24,00:00,-5400.81,-4884.93,-5896.42,-5487.09,0
2026-06-25,00:00,967.1,1510.93,376.07,898.52,0
